Dialogue_id	Utterance_id	Text	Label	Start_timestamp	End_timestamp	Source	speaker_name
0	0	so without further ado, to welcome our newest part-time employee, emma dubanowski.	Introduce	00:00:02,035	00:00:09,309	superstore	Glenn
0	3	oh, i keep a copy of all the photos employees get developed here.	Inform	00:00:31,064	00:00:33,901	superstore	Glenn
0	5	anyway, over the years, we've watched amy's daughter emma grow.	Inform	00:00:44,144	00:00:51,184	superstore	Glenn
0	7	oh, also, starting today is kelly watson.	Inform	00:01:15,776	00:01:19,947	superstore	Glenn
0	8	hi, everyone.	Greet	00:01:19,980	00:01:22,916	superstore	Kelly
1	0	oh, excuse me.	Greet	00:01:31,759	00:01:34,828	superstore	Nico
1	1	um, i don't know his name, and an amazing butt?	Ask for help	00:01:37,865	00:01:42,903	superstore	Nico
1	2	okay. well, thank you.	Thank	00:01:46,406	00:01:49,643	superstore	Nico
1	7	this whole job is standing places.	Introduce	00:02:07,895	00:02:09,963	superstore	Nico
1	8	okay.	Agree	00:02:11,131	00:02:12,132	superstore	Cheyenne
3	0	dina, i'm with a customer right now.	Inform	00:03:37,818	00:03:39,820	superstore	Garrett
3	1	oh. i'm sorry.	Apologise	00:03:39,853	00:03:42,155	superstore	Dina
3	2	step back, please. can i just put this-step back.	Arrange	00:03:42,189	00:03:45,225	superstore	Dina
3	3	i have been experiencing some anxiety recently, and...	Complain	00:03:47,995	00:03:52,499	superstore	Dina
3	5	okay. well, um, maybe we just take a little break.	Advise	00:04:01,474	00:04:05,512	superstore	Garrett
3	7	yeah, that would probably be good.	Agree	00:04:08,882	00:04:10,183	superstore	Dina
5	3	uh, inside joke. you wouldn't get it.	Taunt	00:05:07,374	00:05:10,277	superstore	superstore person1
6	1	i thought latinos don't care if their kids like them.	Taunt	00:05:55,355	00:05:56,623	superstore	Jonah
6	2	i really think you're painting with too broad a cultural brush here.	Taunt	00:05:56,656	00:05:59,359	superstore	Amy
6	4	you're an intense mom.	Taunt	00:06:15,175	00:06:17,110	superstore	Jonah
6	5	i do not want to be around when emma starts dating.	Taunt	00:06:17,144	00:06:19,212	superstore	Jonah
6	6	why would you even mention that?	Criticize	00:06:19,246	00:06:21,949	superstore	Amy
7	0	hey.	Greet	00:06:35,295	00:06:36,329	superstore	Garrett
7	1	hey...garrett.	Greet	00:06:36,363	00:06:39,232	superstore	Cheyenne
7	2	how's it going, big guy?	Care	00:06:39,266	00:06:40,700	superstore	Glenn
7	7	you are going to find someone so great.	Comfort	00:06:59,452	00:07:01,955	superstore	Glenn
8	1	i like the enthusiasm!	Praise	00:07:25,312	00:07:27,647	superstore	Glenn
8	2	so how's school? what's going on?	Care	00:07:35,755	00:07:38,025	superstore	Amy
8	4	you know what i mean. come on, spill it, girl.	Advise	00:07:41,128	00:07:42,562	superstore	Amy
8	7	excuse me, sir.	Criticize	00:07:50,737	00:07:52,339	superstore	Amy
8	9	who even uses floor cleaner anymore?	Taunt	00:07:57,144	00:07:59,046	superstore	Amy
8	10	what are you, an orderly from the '50s?	Taunt	00:07:59,079	00:08:00,713	superstore	Amy
8	12	wow.	Praise	00:08:06,619	00:08:08,455	superstore	superstore person1
8	13	that was awesome.	Praise	00:08:08,488	00:08:09,589	superstore	superstore person1
8	14	i can be awesome.	Flaunt	00:08:09,622	00:08:12,192	superstore	Amy
10	1	no wonder this country's a garbage fire.	Complain	00:09:17,257	00:09:19,092	superstore	Dina
10	7	well, there you go, champ.	Taunt	00:09:38,911	00:09:40,280	superstore	Dina
10	8	i'm sorry. do you know what a softline is?	Ask for help	00:09:46,153	00:09:48,288	superstore	Kelly
10	9	i don't have time for this.	Leave	00:09:48,321	00:09:50,723	superstore	Garrett
10	10	excuse me.	Greet	00:09:50,757	00:09:52,425	superstore	Kelly
10	11	do you know what a softline is?	Ask for help	00:09:52,459	00:09:54,194	superstore	Kelly
10	12	i don't live here. i'm from tampa.	Leave	00:09:54,227	00:09:56,463	superstore	superstore person4
11	4	oh, uh, no, you're not done.	Inform	00:10:17,184	00:10:19,852	superstore	Amy
11	6	okay. fine.	Agree	00:10:26,359	00:10:28,528	superstore	superstore person1
12	2	and then she's not doing her homework.	Criticize	00:11:10,703	00:11:13,006	superstore	Amy
12	3	and then she's hanging out with the bad kids.	Criticize	00:11:13,040	00:11:15,242	superstore	Amy
12	4	yes. actually, yeah. that would be great.	Agree	00:11:26,086	00:11:29,289	superstore	Amy
13	2	oh.   hey, um, you think i could get that badge for the bathroom again?	Ask for help	00:11:55,815	00:12:01,688	superstore	superstore person2
14	0	i'm sorry about before.	Apologise	00:12:32,119	00:12:33,253	superstore	superstore person3
14	2	okay, let me stop you right there.	Prevent	00:12:36,323	00:12:37,724	superstore	Amy
14	3	i was wrong for yelling at you earlier.	Apologise	00:12:37,757	00:12:39,726	superstore	Amy
14	5	so if you wanted to, like, go over there and really give it to her, that would be fine.	Advise	00:12:46,866	00:12:51,171	superstore	Amy
14	6	obviously, don't hit her, but if you wanted to shake her a little, that would be cool.	Advise	00:12:52,905	00:12:57,377	superstore	Amy
14	7	i'm not gonna shake a little girl.	Oppose	00:12:57,410	00:12:59,112	superstore	superstore person3
16	0	it's a can.	Introduce	00:13:57,604	00:13:59,406	superstore	superstore person1
16	4	n-no, not--no. no!	Oppose	00:14:11,218	00:14:13,553	superstore	Jonah
16	6	you got to put that phone away too.	Arrange	00:14:16,923	00:14:18,225	superstore	Jonah
16	7	you're not my boss.	Oppose	00:14:18,258	00:14:19,559	superstore	superstore person1
16	8	what--what is wrong with you? she's a child!	Criticize	00:14:31,538	00:14:33,973	superstore	Glenn
16	12	not so hot, huh?	Criticize	00:14:47,554	00:14:49,356	superstore	Glenn
17	1	can i ask you something?	Ask for help	00:15:05,805	00:15:07,774	superstore	superstore person2
17	4	you seem like you are way too pretty to be working here.	Praise	00:15:18,551	00:15:21,521	superstore	superstore person2
17	6	you have a nice smile.	Praise	00:15:26,025	00:15:27,927	superstore	superstore person2
17	8	you--you have a nice smile.	Praise	00:15:31,364	00:15:33,700	superstore	Cheyenne
19	0	i, uh--i messed up before. i'm sorry.	Apologise	00:16:59,018	00:17:01,454	superstore	Jonah
19	3	all right. that's enough.	Agree	00:17:23,843	00:17:26,713	superstore	Garrett
19	4	attention, cloud 9 employees!	Inform	00:17:26,746	00:17:28,681	superstore	Garrett
19	5	dina did not break up with me, and actually, if you want to get real about it, it was my idea.	Inform	00:17:30,583	00:17:37,624	superstore	Garrett
19	6	i was trying to be a nice guy.	Inform	00:17:37,657	00:17:39,158	superstore	Garrett
19	9	sorry about that.	Apologise	00:17:53,205	00:17:54,841	superstore	Garrett
19	10	please pretend you didn't hear that.	Advise	00:17:54,874	00:17:56,643	superstore	Garrett
20	1	yeah.	Agree	00:18:08,688	00:18:10,189	superstore	Amy
20	4	i just feel like i'm losing control.	Complain	00:18:45,992	00:18:47,794	superstore	Amy
20	6	sure.	Agree	00:18:52,231	00:18:53,566	superstore	Amy
21	0	when he smiles at you, it feels like the sun is coming up.	Praise	00:19:21,293	00:19:26,032	superstore	Cheyenne
21	2	well, scott is way cuter than jeff.	Praise	00:19:31,270	00:19:32,972	superstore	Cheyenne
21	3	i'm sorry.   love you.	Apologise	00:19:36,075	00:19:38,811	superstore	Nico
22	0	i got carried away, and... it wasn't cool.	Apologise	00:20:00,800	00:20:03,302	superstore	Garrett
22	5	i don't think so. let's do it.	Advise	00:20:24,123	00:20:27,560	superstore	Garrett
22	6	okay.	Agree	00:20:27,594	00:20:30,129	superstore	Dina
22	7	yeah, this isn't working out. i'm dumping you.	Oppose	00:20:30,162	00:20:32,932	superstore	Dina
22	9	attention, cloud 9 employees.	Inform	00:20:38,638	00:20:40,106	superstore	Dina
22	10	we have a nonverbal confirmation i dumped garrett.	Inform	00:20:40,139	00:20:43,676	superstore	Dina
22	11	you're a monster.	Criticize	00:20:43,710	00:20:44,911	superstore	Garrett
24	0	hey!	Greet	00:00:10,077	00:00:11,579	superstore	Jonah
24	2	yeah.	Agree	00:00:18,819	00:00:20,087	superstore	superstore person1
24	3	well, you--put it back.	Arrange	00:00:20,120	00:00:22,656	superstore	Jonah
24	4	uh, i don't think i'm gonna.	Oppose	00:00:22,690	00:00:24,525	superstore	superstore person1
24	8	no, don't just--no. don't take more.	Prevent	00:00:32,900	00:00:35,903	superstore	Jonah
24	11	uh, i-i don't think you do.	Oppose	00:00:41,575	00:00:43,677	superstore	superstore person1
24	13	okay. excuse me.	Leave	00:00:50,651	00:00:53,153	superstore	superstore person1
24	14	oh. wait!	Prevent	00:00:53,186	00:00:54,655	superstore	Jonah
24	15	no, no, no, no! no, he--no.	Prevent	00:00:54,688	00:00:55,956	superstore	Jonah
24	16	jonah, call the police! right.	Arrange	00:01:05,633	00:01:08,101	superstore	Dina
24	17	look who's grounded now.	Taunt	00:01:08,135	00:01:10,738	superstore	Dina
24	18	jonah, i just did a  law & order  type zinger.	Flaunt	00:01:10,771	00:01:14,107	superstore	Dina
25	0	i saw immediately it was a 487 in progress.	Flaunt	00:01:23,717	00:01:26,086	superstore	Dina
25	1	i don't know what he could have done to you beforehand, but it is not your fault if he touched you.	Comfort	00:01:39,032	00:01:42,536	superstore	Dina
25	3	end of story.	Inform	00:01:45,639	00:01:46,874	superstore	Jonah
27	4	uh, no.	Oppose	00:04:55,062	00:04:57,064	superstore	Jeff
28	0	what i'm saying is, don't do what dina did.	Inform	00:05:28,862	00:05:32,532	superstore	Jeff
28	2	just stand there and make brown, like jonah?	Taunt	00:05:58,391	00:06:01,161	superstore	Dina
28	4	exactly. he just sat there and watched a guy rob the store.	Criticize	00:06:04,231	00:06:07,434	superstore	Dina
28	5	thank you. that is what you should all do in the future.	Thank	00:06:07,467	00:06:11,271	superstore	Jeff
28	6	thank you, jonah, for actually following protocol.	Thank	00:06:11,304	00:06:14,808	superstore	Jeff
29	0	oh, yeah. yeah.	Agree	00:07:32,519	00:07:34,187	superstore	superstore person3
29	1	yes, yes. and i'm so sorry.	Apologise	00:07:48,936	00:07:51,404	superstore	superstore person3
29	8	jerusha, how was it? i feel sick!	Complain	00:08:19,599	00:08:23,636	superstore	Glenn
30	1	this little girl won't try and stop you.	Taunt	00:08:31,444	00:08:33,180	superstore	Dina
30	2	i'm just--i'm gonna go pay for it.	Leave	00:08:40,087	00:08:41,955	superstore	superstore person4
31	0	hey.	Greet	00:09:13,020	00:09:15,488	superstore	Amy
31	3	i don't think that's true. well, it is true.	Oppose	00:09:48,188	00:09:50,690	superstore	Kelly
32	2	okay, um, look, maybe i wasn't clear, and that's my fault.	Apologise	00:10:12,612	00:10:17,584	superstore	Glenn
32	6	yes, thanks. yes, yes.	Thank	00:10:38,371	00:10:41,408	superstore	superstore person3
35	1	you're the cool kids.	Praise	00:14:31,704	00:14:33,440	superstore	Amy
35	2	oh, no. none of us get invited to that.	Oppose	00:14:38,678	00:14:41,981	superstore	Sandra
35	3	that thing is lame anyway.	Complain	00:14:42,014	00:14:43,516	superstore	Amy
35	4	hey, what if we did something?	Advise	00:14:43,550	00:14:46,553	superstore	Amy
35	5	yes! all right.	Agree	00:14:52,459	00:14:53,793	superstore	Amy
35	6	let's do it! bowling night!	Advise	00:14:53,826	00:14:56,329	superstore	Amy
35	8	yeah. maybe.	Agree	00:15:01,000	00:15:02,902	superstore	Amy
35	9	wow. yeah.	Agree	00:15:18,518	00:15:20,953	superstore	Amy
35	10	i can't.	Oppose	00:15:32,999	00:15:34,834	superstore	Amy
35	11	um, oh. uh, no.	Oppose	00:15:37,704	00:15:42,141	superstore	Amy
36	0	it's my first write-up. ever.	Flaunt	00:15:48,748	00:15:50,817	superstore	Dina
36	1	so thank you so much for that.	Thank	00:15:50,850	00:15:52,585	superstore	Dina
36	3	i'm glad you got written up. you are a bully.	Criticize	00:16:09,969	00:16:13,005	superstore	Jonah
36	4	well, i'd rather be a bully than a castrated garden gnome.	Taunt	00:16:13,039	00:16:15,908	superstore	Dina
36	5	well, who knows what's under those little pants?	Taunt	00:16:18,745	00:16:19,979	superstore	Dina
36	6	that's not the point. the point is, at least i'm not too weak to stop a simple robbery.	Taunt	00:16:20,012	00:16:24,751	superstore	Dina
36	8	with muscles like those? come on.	Taunt	00:16:28,521	00:16:30,089	superstore	Dina
36	9	your ass? yeah, uh, obviously, i could-sure.	Agree	00:16:37,530	00:16:40,867	superstore	Jonah
36	11	fight, guys. jonah's fighting dina.	Inform	00:16:52,912	00:16:54,547	superstore	Marcus
37	2	because if you were really a feminist, you'd punch me in the face.	Taunt	00:17:28,815	00:17:31,884	superstore	Dina
37	6	just stop. this is crazy.	Prevent	00:17:41,928	00:17:44,764	superstore	Garrett
37	7	are you okay? yeah, yeah, i'm good.	Care	00:18:11,223	00:18:12,925	superstore	Garrett
45	0	yeah, i got to go with the cop on this one.	Agree	00:04:21,511	00:04:23,280	superstore	Jonah
45	3	fine, just don't go touching the body.	Inform	00:04:34,024	00:04:36,326	superstore	Dina
45	5	no, i just wouldn't do that.	Oppose	00:04:39,362	00:04:41,231	superstore	Jonah
45	8	all right, well, that should hold.	Agree	00:04:46,904	00:04:49,239	superstore	Glenn
48	0	like he's a dead employee.	Joke	00:07:34,704	00:07:36,339	superstore	superstore person1
48	1	no.	Oppose	00:07:37,674	00:07:39,142	superstore	Glenn
48	2	this is not a halloween display.	Oppose	00:07:39,176	00:07:41,378	superstore	Glenn
48	6	that was the coroner's office.	Inform	00:07:49,319	00:07:51,021	superstore	Dina
48	9	oh, come on.	Complain	00:07:58,761	00:08:00,097	superstore	Glenn
49	0	oh, thanks.	Thank	00:08:32,162	00:08:34,131	superstore	Kelly
49	3	what do we got here, the lunch police?	Joke	00:08:45,742	00:08:47,477	superstore	Amy
49	4	take me downtown, officer bumblebee.	Joke	00:08:49,179	00:08:50,780	superstore	Amy
49	5	kelly, could you jump on register four?	Arrange	00:08:54,317	00:08:56,419	superstore	Amy
49	8	i guess i can eat this on the way.	Leave	00:09:09,466	00:09:12,102	superstore	Kelly
49	10	uh-oh, phone police.	Joke	00:09:18,508	00:09:20,510	superstore	Amy
49	11	you'll never take me alive.	Leave	00:09:22,345	00:09:24,047	superstore	Amy
50	1	there is something there that is extremely disturbing, and it may frighten you.	Inform	00:09:41,498	00:09:46,769	superstore	Glenn
50	4	please, listen to me.	Inform	00:09:57,280	00:09:59,249	superstore	Glenn
50	5	the housewares section is very, very scary.	Inform	00:09:59,282	00:10:03,086	superstore	Glenn
50	8	no. no, no.	Oppose	00:10:22,439	00:10:24,441	superstore	Jonah
50	9	you--you--you've been warned.	Inform	00:10:24,474	00:10:25,808	superstore	Glenn
52	0	with sal's passport?	Taunt	00:11:16,393	00:11:18,328	superstore	Nico
52	1	i am a master at make-up.	Flaunt	00:11:18,361	00:11:20,230	superstore	Cheyenne
52	2	if i can make elias look like dame edna, i can make you look like sal.	Flaunt	00:11:20,263	00:11:24,467	superstore	Cheyenne
52	6	i think...we should...	Agree	00:11:37,347	00:11:39,482	superstore	Nico
52	8	we agreed on a kitty cat.	Complain	00:11:46,223	00:11:47,524	superstore	superstore person1
53	0	she saw the match before i could get her phone.	Inform	00:12:04,574	00:12:06,876	superstore	Amy
53	1	oh, okay, we need to  freaky friday  this.	Joke	00:12:06,909	00:12:08,611	superstore	Garrett
53	2	you need to find a cursed object, have a whirlwind romance with her, but then learn an important life lesson.	Advise	00:12:08,645	00:12:14,251	superstore	Garrett
53	4	she sent him a wink.	Inform	00:12:19,622	00:12:20,990	superstore	Amy
53	7	yeah, as long as they never run into each other in the store they both work in.	Agree	00:12:52,289	00:12:55,692	superstore	Garrett
56	0	you seem good.	Care	00:15:42,725	00:15:44,727	superstore	Kelly
56	2	no, no listen to your body.	Oppose	00:15:50,467	00:15:51,668	superstore	Kelly
56	3	yeah.	Agree	00:15:51,701	00:15:53,202	superstore	Jonah
56	4	oh, no, no, i'm fine.	Oppose	00:15:54,737	00:15:56,539	superstore	Jonah
56	5	yes.	Agree	00:15:57,840	00:15:59,709	superstore	Kelly
56	6	you are so strong.	Praise	00:15:59,742	00:16:02,445	superstore	Kelly
56	7	and i also think you are so brave.	Praise	00:16:02,479	00:16:05,214	superstore	Kelly
56	8	thank you.	Thank	00:16:05,247	00:16:07,083	superstore	Jonah
57	0	so you'll have to do the make-up yourself for the trip back.	Inform	00:16:07,116	00:16:11,020	superstore	Cheyenne
57	1	or you could just stay like this the whole time.	Advise	00:16:11,053	00:16:13,122	superstore	Cheyenne
57	5	that's stupid.	Taunt	00:16:39,048	00:16:41,584	superstore	superstore person2
58	3	thank you, governor greitens.	Thank	00:16:56,065	00:16:57,767	superstore	Dina
58	6	i guess i could put it on my lawn.	Advise	00:17:02,872	00:17:05,608	superstore	superstore person3
58	8	chuck, what are you doing?	Care	00:17:06,776	00:17:08,110	superstore	superstore person4
60	2	hey, guys.	Greet	00:17:49,952	00:17:51,053	superstore	Amy
60	4	you know what, kelly, i feel like i cut your break short.	Apologise	00:17:52,121	00:17:55,124	superstore	Amy
60	5	this guy's playing mind games with me all day.	Criticize	00:17:58,728	00:18:01,698	superstore	Kelly
60	6	i would never do that.	Oppose	00:18:01,731	00:18:02,999	superstore	Jonah
60	9	i never texted you.	Oppose	00:18:06,035	00:18:08,838	superstore	Jonah
60	10	stop lying!	Prevent	00:18:08,871	00:18:11,741	superstore	Kelly
60	14	and garrett had something to do with it too.	Inform	00:18:22,318	00:18:23,986	superstore	Amy
61	0	uh, you know, it's fine.	Comfort	00:19:07,163	00:19:09,732	superstore	superstore person2
61	3	i'm sorry.	Apologise	00:19:18,775	00:19:20,009	superstore	superstore person2
61	4	oh, god. uh...	Leave	00:19:21,310	00:19:24,747	superstore	superstore person2
62	0	you look adorable.	Praise	00:19:29,118	00:19:31,287	superstore	Cheyenne
62	1	okay, here. take it.	Arrange	00:19:31,320	00:19:33,856	superstore	superstore person2
62	2	destroy it, douse it with holy water, and set it on fire.	Arrange	00:19:33,890	00:19:36,092	superstore	superstore person2
62	4	i'm not going, okay?	Oppose	00:19:37,326	00:19:38,294	superstore	superstore person2
62	5	it's not worth it.	Complain	00:19:38,327	00:19:39,929	superstore	superstore person2
62	6	i don't like what's happening to me.	Complain	00:19:39,962	00:19:41,831	superstore	superstore person2
62	7	i need to wash this all off before it's too late.	Leave	00:19:41,864	00:19:43,766	superstore	superstore person2
65	0	hey. dina, is something wrong?	Care	00:00:06,474	00:00:08,709	superstore	Glenn
65	1	you know the rules. no religious crap in the store.	Criticize	00:00:08,742	00:00:10,678	superstore	Dina
65	3	this is just a winter barn display.	Introduce	00:00:12,813	00:00:16,016	superstore	Glenn
65	4	with a baby jesus and three wise men?	Taunt	00:00:16,049	00:00:17,585	superstore	Dina
65	5	that is a normal barn baby and three men of average intelligence.	Introduce	00:00:17,618	00:00:22,456	superstore	Glenn
65	6	oh, wow. well, i feel foolish.	Taunt	00:00:25,759	00:00:28,696	superstore	Dina
65	7	i can't believe that i thought this guy was a wise man.	Taunt	00:00:30,531	00:00:33,601	superstore	Dina
65	8	you're not that stupid.	Oppose	00:00:36,036	00:00:37,705	superstore	Glenn
65	13	wait, give me that! that's baby jesus!	Prevent	00:01:09,803	00:01:11,839	superstore	Glenn
69	0	oh, great.	Praise	00:04:17,868	00:04:19,570	superstore	Marcus
69	1	narc alert. oh, it's the fun police.	Taunt	00:04:19,603	00:04:21,905	superstore	superstore person1
69	4	yeah, you just always act all lame and stuff.	Criticize	00:04:27,310	00:04:29,513	superstore	Marcus
69	6	that was the tiniest sip i've ever seen.	Taunt	00:04:41,024	00:04:42,793	superstore	superstore person1
69	7	i mean, now you're just stealing my alcohol.	Criticize	00:04:51,134	00:04:54,638	superstore	Marcus
70	0	oh, hey, man. merry christmas.	Greet	00:04:56,006	00:04:59,076	superstore	Garrett
70	1	oh, wow. thank you, garrett.	Thank	00:04:59,109	00:05:01,845	superstore	Jonah
70	8	or you could save some money and just quit it with the harmonica lessons on youtube.	Advise	00:05:35,378	00:05:39,149	superstore	Garrett
70	9	yeah, it would be. mm-hmm. yeah.	Agree	00:05:42,019	00:05:43,921	superstore	Jonah
72	1	oh, you know, i think you're working too hard.	Taunt	00:09:07,457	00:09:08,992	superstore	Garrett
72	2	why don't you just take off your shoes?	Advise	00:09:09,026	00:09:10,794	superstore	Garrett
72	3	there's a dad here with his kid, asking where the store santa is.	Inform	00:09:12,329	00:09:15,432	superstore	Kelly
72	4	tell him to check the drunk tank.	Arrange	00:09:15,465	00:09:17,300	superstore	Garrett
72	6	guys, they drove an hour to get here.	Inform	00:09:26,243	00:09:29,479	superstore	Kelly
73	4	oh, no, no, no. kiss away.	Oppose	00:10:46,924	00:10:48,391	superstore	Glenn
73	6	oh, there won't be a next tour.	Oppose	00:10:53,463	00:10:55,665	superstore	superstore person3
73	9	hey, uh, thank you for your service.	Thank	00:11:21,058	00:11:23,026	superstore	Nico
73	11	there's cocoa in aisle nine.	Inform	00:11:26,363	00:11:27,697	superstore	Glenn
74	0	i mean, it's just-it's messed up.	Complain	00:11:58,361	00:11:59,662	superstore	Amy
74	1	i'm just gonna say it. men are from mars.	Taunt	00:12:01,564	00:12:04,401	superstore	Dina
74	5	yeah. that's exactly what i was thinking.	Agree	00:12:15,545	00:12:17,480	superstore	Amy
74	6	no. no, no, no, no, no, no. you should not go over there.	Prevent	00:12:17,514	00:12:22,185	superstore	Dina
74	7	we should all go over there.	Advise	00:12:22,219	00:12:24,387	superstore	Dina
74	8	yeah, just always assume we're talking about bridgett's house.	Agree	00:12:26,123	00:12:28,758	superstore	Dina
74	10	oh, yeah, i should not be getting behind the wheel of a car right now.	Agree	00:12:36,633	00:12:40,437	superstore	Dina
75	4	oh, my god. this is a mistake.	Complain	00:13:59,216	00:14:01,751	superstore	Amy
75	5	but not today.	Oppose	00:14:04,154	00:14:05,455	superstore	Amy
75	6	oh, no, no, no. today's gonna be a mess.	Oppose	00:14:05,488	00:14:08,158	superstore	Dina
75	7	we got to go. we got to go.	Leave	00:14:09,459	00:14:11,428	superstore	Amy
75	8	oh, my god. my battery's dead.	Complain	00:14:16,199	00:14:17,667	superstore	Amy
77	0	yeah, yeah. fine.	Agree	00:16:51,821	00:16:53,390	superstore	Jonah
77	1	okay, 'cause you look a little bit like a disgruntled keebler elf about to shoot up the tree house.	Joke	00:16:53,423	00:16:58,528	superstore	Kelly
77	2	it's just--it's like he wants to be mad at me, so he just comes up with these little excuses.	Complain	00:16:58,561	00:17:03,433	superstore	Jonah
77	3	you know, like, he'll-he'll take the trash out when it's half full just so he can be like,  there's another thing jonah didn't do.    i only take my trash out when it topples over like a jenga tower.	Complain	00:17:03,466	00:17:12,008	superstore	Jonah
77	4	right? thank you. maybe we should be roommates.	Thank	00:17:12,041	00:17:14,911	superstore	Jonah
79	0	i told you guys. i am a psycho.	Inform	00:19:26,609	00:19:30,146	superstore	Amy
79	1	oh, yeah, you got to let craymie out more often.	Advise	00:19:30,179	00:19:33,450	superstore	Cheyenne
79	2	i'm gonna crash elsewhere tonight, so...	Inform	00:19:39,822	00:19:41,824	superstore	Jonah
79	4	okay, thanks.	Thank	00:19:47,597	00:19:50,467	superstore	Garrett
79	7	okay.	Agree	00:19:56,939	00:19:58,741	superstore	Garrett
79	8	well, i think i finally figured out these christmas lights.	Inform	00:19:58,775	00:20:02,912	superstore	Glenn
79	10	yeah. super lame.	Agree	00:20:28,505	00:20:31,207	superstore	Glenn
81	1	uh, there's been an unfortunate incident we need to discuss.	Inform	00:00:04,572	00:00:08,842	superstore	Jeff
81	5	an electric guitar.	Introduce	00:00:17,418	00:00:18,419	superstore	Jeff
81	6	anyway, roger from the café, as most of you may have heard, has been let go, uh, for releasing a facebook video in which he was behaving in a manner that cloud 9 does not condone.	Inform	00:00:18,452	00:00:27,428	superstore	Jeff
81	7	it's so gross! especially in the kitchen.	Criticize	00:00:39,172	00:00:41,709	superstore	Kelly
81	8	if you think about it, it's not that gross.	Oppose	00:00:41,742	00:00:44,478	superstore	Cheyenne
81	9	fart air has billions of fecal particles in it.	Introduce	00:00:49,583	00:00:51,118	superstore	Dina
81	12	we don't need to do that. that's--i think the lesson here is be careful what you post on social media.	Inform	00:00:57,057	00:01:02,896	superstore	Jeff
81	16	everybody here can self-police.	Inform	00:01:27,455	00:01:28,922	superstore	Jeff
82	0	hey, guys. it's your girl, kelly.	Introduce	00:01:46,974	00:01:48,842	superstore	Kelly
82	2	kelly's instagram videos. they're adorable.	Praise	00:01:52,179	00:01:54,948	superstore	Marcus
82	3	too funny.	Praise	00:01:56,984	00:01:58,852	superstore	Marcus
82	7	it's your girl, kelly.	Introduce	00:02:10,864	00:02:12,265	superstore	Kelly
82	10	i don't understand this.	Ask for help	00:02:24,011	00:02:26,446	superstore	Glenn
83	2	a huge number of these things bounced back, and that makes me worried that it's either russian hackers...	Complain	00:02:44,998	00:02:50,804	superstore	Glenn
83	4	an employee's inventing fake customers.	Criticize	00:02:58,545	00:03:00,513	superstore	Glenn
84	4	oh, martin! uh, yeah.	Agree	00:03:47,494	00:03:49,496	superstore	Nico
84	5	uh, good guy. nice family.	Praise	00:03:51,131	00:03:53,867	superstore	Nico
85	0	i need your help before we have another scandal.	Ask for help	00:04:17,991	00:04:22,095	superstore	Dina
85	3	besides, it'll be fun.	Praise	00:04:36,143	00:04:38,111	superstore	Dina
85	4	couple of gals clickin' and a-clackin' around the net.	Taunt	00:04:38,145	00:04:41,982	superstore	Dina
86	0	hey, guys. it's your girl, kelly.	Introduce	00:04:55,228	00:04:57,264	superstore	Kelly
86	1	well, this one has a really bad wheel.	Complain	00:05:00,433	00:05:03,536	superstore	Kelly
88	1	oh, look! it's a two-for-one sale!	Introduce	00:07:16,669	00:07:20,107	superstore	Amy
88	3	all right, that is bad.	Complain	00:07:26,246	00:07:28,415	superstore	Amy
88	4	can you please not watch me?	Prevent	00:07:30,683	00:07:32,319	superstore	Amy
88	5	it's riveting.	Praise	00:07:32,352	00:07:34,754	superstore	Jonah
88	6	hi! it's cloud 9 amy!	Greet	00:07:37,424	00:07:39,559	superstore	Amy
89	3	oh, hey, glenn!	Greet	00:07:48,335	00:07:49,669	superstore	Nico
89	4	it was really bugging me that martin nestle lied about his email address, so i did some digging and i found his actual email on his company website.	Inform	00:07:49,702	00:07:56,843	superstore	Nico
89	6	there he is. martin nestle, ceo.	Introduce	00:08:11,691	00:08:15,262	superstore	Nico
89	8	hey, let's see if they have a page for buying a boogie board on there, huh?	Advise	00:08:33,946	00:08:37,717	superstore	Garrett
89	10	click on the  about,  where it tells you the story of how the company started.	Advise	00:08:39,486	00:08:44,324	superstore	Garrett
91	1	cool. then i guess we can stop?	Advise	00:09:27,567	00:09:29,902	superstore	Cheyenne
91	4	mm, yeah. i don't think so.	Oppose	00:09:36,743	00:09:40,480	superstore	Dina
93	4	well, turns out her sick mom is also a boob surgeon!	Inform	00:11:07,400	00:11:11,538	superstore	Dina
93	7	she's gonna have back problems. waste of money.	Taunt	00:11:15,375	00:11:17,710	superstore	Cheyenne
95	2	so fun.	Praise	00:12:14,601	00:12:16,603	superstore	Cheyenne
95	5	yeah, definitely.	Agree	00:12:23,610	00:12:24,811	superstore	Dina
95	7	thanks.	Thank	00:12:28,848	00:12:30,016	superstore	Amy
96	1	calm down. it was fine.	Comfort	00:12:40,059	00:12:41,761	superstore	Nico
96	3	mateo, i want to apologize, both for the things that i said about you, and for thinking that you would ever make up a customer.	Apologise	00:12:47,600	00:12:55,708	superstore	Glenn
96	4	well, it's just hard.	Complain	00:12:55,742	00:12:57,810	superstore	Nico
96	8	we'll go up to the beef barn and get a--a table right near the tractor?	Advise	00:13:05,652	00:13:09,622	superstore	Glenn
96	11	maybe stop by a few museums or something on the way.	Advise	00:13:26,105	00:13:29,509	superstore	Jonah
99	0	oh, hey, jonah, will you help me read something real quick?	Ask for help	00:15:59,158	00:16:01,861	superstore	Amy
99	1	bam! 15,000 views!	Flaunt	00:16:01,894	00:16:05,765	superstore	Jonah
99	4	yeah. i guess you are.	Agree	00:16:16,275	00:16:18,110	superstore	Amy
101	3	that's cool.	Praise	00:19:00,406	00:19:01,540	superstore	Cheyenne
101	8	uh, yeah!	Agree	00:19:17,824	00:19:20,960	superstore	Dina
101	12	well, i--i just gotta go grab the form to write you up.	Leave	00:19:41,613	00:19:48,420	superstore	Dina
101	13	oh, but thank you so much for sharing that with me.	Thank	00:19:48,454	00:19:51,057	superstore	Dina
102	2	i made them all up, but i am sorry.	Apologise	00:20:08,207	00:20:12,178	superstore	Nico
103	0	oh, you don't really have to clean out the rat traps.	Advise	00:20:24,356	00:20:27,593	superstore	Amy
103	1	yeah, that's not exactly how i wanted to win.	Oppose	00:20:30,963	00:20:33,632	superstore	Amy
103	5	so many talents.	Praise	00:20:45,077	00:20:47,113	superstore	Amy
104	10	i know where to get the sauce--that's easy.	Flaunt	00:00:59,392	00:01:01,294	superstore	Amy
104	11	you really don't have to do this.	Prevent	00:01:01,328	00:01:03,463	superstore	Jonah
104	12	you can host a party next year, when your life isn't in shambles.	Advise	00:01:03,496	00:01:06,333	superstore	Nico
104	13	you guys, my life is not in shambles.	Oppose	00:01:06,366	00:01:08,568	superstore	Amy
104	18	she was born on third base.	Introduce	00:01:29,056	00:01:30,457	superstore	Jonah
106	0	ugh, i'm overdressed.	Flaunt	00:02:42,662	00:02:44,431	superstore	Kelly
106	1	i think you look nice.	Praise	00:02:49,402	00:02:51,104	superstore	Jonah
106	3	no, no, you're part of the group.	Oppose	00:02:55,008	00:02:57,344	superstore	Jonah
106	6	whoa, somebody's overdressed.	Taunt	00:03:10,023	00:03:13,994	superstore	Dina
106	7	i've seen less sparkles at a pride parade.	Taunt	00:03:14,027	00:03:17,297	superstore	Dina
107	0	all the photos of adam are gone.	Introduce	00:03:19,066	00:03:21,301	superstore	Nico
107	1	everyone enjoying themselves?	Care	00:03:23,203	00:03:25,172	superstore	Amy
107	2	ah-ah! i don't think that's what it's called.	Oppose	00:03:32,445	00:03:35,182	superstore	Amy
107	3	i'm going to go fill up my handmaid's ale.	Leave	00:03:43,256	00:03:46,259	superstore	Amy
107	4	that's a clever name.	Praise	00:03:46,293	00:03:50,163	superstore	Nico
109	1	yes, was he pumping petrol?	Joke	00:05:23,523	00:05:26,426	superstore	Garrett
109	2	where might i find the ah right next to the vit-ah-mins.	Joke	00:05:26,459	00:05:32,665	superstore	Jonah
109	4	it was this guy that used to come in all the time.	Introduce	00:05:36,336	00:05:38,338	superstore	Jonah
109	6	uh, pardon me, but do you have any bags of mulch?	Joke	00:05:52,719	00:05:57,424	superstore	Garrett
109	7	he sounded exactly like that.	Introduce	00:05:57,457	00:05:59,292	superstore	Jonah
109	9	it wasn't.	Oppose	00:06:12,472	00:06:15,575	superstore	Dina
109	10	it wasn't.	Oppose	00:06:16,776	00:06:19,212	superstore	Dina
110	3	is this like a  mannequin  situation?	Taunt	00:06:49,842	00:06:51,611	superstore	Nico
110	4	um, hey. jonah, could i get your help for a minute?	Ask for help	00:06:51,644	00:06:55,615	superstore	Amy
110	5	uh, yeah, sure. um, i'll be right back.	Leave	00:06:55,648	00:06:59,386	superstore	Jonah
111	2	mm. we could present it as tartare?	Advise	00:07:18,671	00:07:21,841	superstore	Jonah
111	3	okay, relax. you're putting too much pressure on the food.	Comfort	00:07:21,874	00:07:24,611	superstore	Jonah
111	4	people aren't here to eat barbecue.	Comfort	00:07:24,644	00:07:26,379	superstore	Jonah
111	5	yeah, yeah. okay. yeah, you're right.	Agree	00:07:28,581	00:07:31,384	superstore	Amy
112	0	i don't get it.	Complain	00:07:41,328	00:07:42,495	superstore	Garrett
112	1	why do you have all these remotes that do absolutely nothing?	Complain	00:07:42,529	00:07:44,897	superstore	Garrett
112	5	hey, have you tried unplugging it and then plugging it back in?	Advise	00:07:50,670	00:07:53,640	superstore	Glenn
112	7	why don't you just call adam?	Advise	00:07:56,376	00:07:57,744	superstore	Nico
112	8	it could be the thing that brings you back together.	Advise	00:08:02,415	00:08:04,717	superstore	superstore person1
112	9	okay, i'm going to go watch it at home.	Leave	00:08:15,728	00:08:16,929	superstore	Nico
112	10	no, no, no, no, no, no. please stay.	Prevent	00:08:16,963	00:08:19,466	superstore	Amy
112	11	oh, amy, you remember jerry.	Introduce	00:08:24,437	00:08:26,506	superstore	Sandra
112	12	uh, yeah. jerry, hi. you made it.	Greet	00:08:26,539	00:08:30,277	superstore	Amy
112	13	say hi, jerry.	Arrange	00:08:32,779	00:08:35,214	superstore	Sandra
112	14	hi, jerry.	Greet	00:08:42,722	00:08:44,691	superstore	Jerry
112	15	good job!	Praise	00:08:47,460	00:08:48,661	superstore	Sandra
112	16	he's doing good. that was really good.	Praise	00:08:51,731	00:08:54,033	superstore	Sandra
113	0	people are getting antsy.	Inform	00:09:07,714	00:09:09,316	superstore	Jonah
113	2	that was good, i believed that.	Agree	00:09:19,959	00:09:21,594	superstore	Dina
113	4	that's probably not going to be very appetizing.	Oppose	00:09:26,366	00:09:29,035	superstore	Jonah
113	5	it's fine, we'll just put sauce on it.	Comfort	00:09:29,068	00:09:31,371	superstore	Amy
114	2	it doesn't matter. i don't know designers.	Comfort	00:09:40,413	00:09:42,615	superstore	superstore person1
114	3	oh, thank you.	Thank	00:09:53,025	00:09:55,362	superstore	Kelly
115	0	the reception in this area is horrible.	Complain	00:10:13,813	00:10:15,815	superstore	Garrett
115	5	no, then you're going to miss all my snarky comments about the dresses.	Joke	00:10:37,737	00:10:41,608	superstore	Amy
115	6	oh, you mean when you say the person just looks like whatever fruit the color of the dress is?	Taunt	00:10:41,641	00:10:44,977	superstore	Nico
115	7	remember, last time, when natalie portman looked like  girl, go on with your banana self?	Joke	00:10:45,011	00:10:50,950	superstore	Amy
115	8	let's go.	Leave	00:10:50,983	00:10:54,854	superstore	Sandra
116	0	no, no, no, dinner's almost ready.	Prevent	00:11:08,868	00:11:10,470	superstore	Amy
116	1	oh, yeah, no, it's a great golden globes party.	Praise	00:11:10,503	00:11:13,440	superstore	Glenn
116	2	thank you. and it's going to be even better when you get the food and the golden globes on.	Thank	00:11:13,473	00:11:16,876	superstore	Glenn
116	4	i'm sorry.	Apologise	00:11:29,589	00:11:30,757	superstore	Glenn
116	5	no.	Prevent	00:11:30,790	00:11:32,859	superstore	Amy
116	6	do it here.	Arrange	00:11:32,892	00:11:34,594	superstore	Amy
116	7	do it here.	Arrange	00:11:34,627	00:11:36,529	superstore	Amy
116	8	i-i couldn't.	Oppose	00:11:36,563	00:11:39,766	superstore	Glenn
116	9	please, glenn, please.	Ask for help	00:11:39,799	00:11:42,068	superstore	Amy
117	1	i guess there is enough of us, we could play hassle the fishmonger, but we'd have to move the couch.	Advise	00:12:02,522	00:12:06,893	superstore	Dina
117	5	hey, guys, kelly knows a game that she can teach everybody.	Inform	00:12:15,535	00:12:19,772	superstore	Jonah
117	7	all right, so the game is called answers.	Introduce	00:12:26,212	00:12:30,817	superstore	Kelly
117	8	and you can only ask questions, or you can only reply with questions.	Introduce	00:12:30,850	00:12:35,622	superstore	Kelly
117	9	and you can only make it to the next round once everybody has put in their bid or an overture-actually, we could just maybe start playing the game, and everybody will get it as we go.	Introduce	00:12:41,260	00:12:52,138	superstore	Kelly
117	13	jerry gets it.	Praise	00:13:11,558	00:13:12,925	superstore	Kelly
117	16	this is fun. this game is fun.	Praise	00:13:17,163	00:13:18,698	superstore	Amy
117	17	this party is fun. fun game, fun party.	Praise	00:13:18,731	00:13:20,767	superstore	Amy
117	18	fun everything! everything is fun now.	Praise	00:13:20,800	00:13:23,870	superstore	Jonah
117	19	it's still fun, because it was fun before.	Praise	00:13:23,903	00:13:25,772	superstore	Jonah
117	20	we could still play floor shorts.	Advise	00:13:25,805	00:13:27,574	superstore	Dina
117	21	okay, i came here to watch the globes, not sit around starving in some sad, divorced woman's house.	Taunt	00:13:29,876	00:13:35,081	superstore	Nico
117	22	brett, let go of my hand!	Arrange	00:13:35,114	00:13:36,315	superstore	Nico
117	23	guys, if we take off right now, we can still get spots at the chang's bar before the dads on dates get there.	Advise	00:13:36,348	00:13:40,820	superstore	Garrett
117	24	emma's going to be here in, like, five minutes.	Inform	00:13:43,623	00:13:45,191	superstore	Amy
117	25	she's going to fix the tv.	Inform	00:13:45,224	00:13:46,659	superstore	Amy
117	26	and also, the food's almost ready.	Inform	00:13:46,693	00:13:47,994	superstore	Amy
117	27	like, p.f. chang's  get out of here  good.	Joke	00:13:50,763	00:13:52,665	superstore	Amy
117	28	come on, girl.	Leave	00:13:52,699	00:13:54,801	superstore	Garrett
117	29	garrett, wheel it back in!	Arrange	00:13:58,170	00:14:00,206	superstore	Dina
117	31	stop complaining, and start enjoying yourselves right now!	Arrange	00:14:05,211	00:14:09,616	superstore	Dina
117	32	it's a great time.	Comfort	00:14:11,117	00:14:13,820	superstore	Dina
119	0	hey, gang. with jerusha's help, i was able to fix the broken table in, um, the bedroom there.	Inform	00:15:23,923	00:15:30,362	superstore	Glenn
119	1	yeah. it was a two-person job, so the two-the two of us did it.	Inform	00:15:34,767	00:15:39,271	superstore	Glenn
119	2	we did it, together.	Inform	00:15:39,305	00:15:41,040	superstore	superstore person1
121	0	are you okay in there? i'm fine!	Care	00:17:55,607	00:17:58,077	superstore	Jonah
121	1	guys, look, this party is a bust.	Complain	00:18:06,052	00:18:10,189	superstore	Amy
121	2	you guys were right. my--my life is--is in shambles.	Complain	00:18:10,222	00:18:14,226	superstore	Amy
121	4	of course it is.	Agree	00:18:16,128	00:18:17,229	superstore	Nico
121	5	hey, come on, y-you're overreacting.	Comfort	00:18:17,263	00:18:19,598	superstore	Jonah
121	6	okay, yeah, but, you know, it's not like somebody died or something.	Comfort	00:18:26,873	00:18:30,910	superstore	Jonah
121	7	that's how you judge the success of a party--	Taunt	00:18:30,943	00:18:32,544	superstore	Garrett
121	10	and yet you kept the dress.	Taunt	00:18:38,350	00:18:40,286	superstore	Nico
121	11	just give yourself a break.	Advise	00:18:41,387	00:18:42,955	superstore	Glenn
121	12	you've never been on your own before.	Comfort	00:18:42,989	00:18:45,491	superstore	Glenn
121	13	it takes some getting used to.	Comfort	00:18:45,524	00:18:47,426	superstore	Glenn
121	14	yeah, it's like, jerry basically had to relearn everything.	Comfort	00:18:47,459	00:18:50,963	superstore	Sandra
121	15	see? you're going to be just fine.	Comfort	00:18:56,302	00:18:58,905	superstore	Glenn
121	18	i'd say something supportive 'cause you're my friend, but that's not what i do.	Comfort	00:19:16,388	00:19:20,659	superstore	Garrett
122	0	bye. bye.	Leave	00:19:23,329	00:19:25,531	superstore	Nico
122	1	thank you for having us.	Thank	00:19:28,100	00:19:29,535	superstore	Glenn
122	4	we can watch the losers give drunken interviews at the after-parties.	Advise	00:19:38,610	00:19:41,413	superstore	Nico
122	8	oh, um, no, i-i got a lot of meat to eat, and, i, um-i got to clean up and...	Oppose	00:20:05,704	00:20:12,444	superstore	Amy
122	9	um, pro tip-throw the microwave away.	Advise	00:20:14,046	00:20:17,316	superstore	Jonah
122	12	yeah, next weekend, same chicken.	Joke	00:20:23,589	00:20:26,492	superstore	Amy
123	1	hey, you fixed it! look who's crawling out of rock bottom.	Praise	00:21:04,530	00:21:07,433	superstore	Dina
123	2	hey, thank you for trying to help me.	Thank	00:21:10,669	00:21:12,704	superstore	Amy
129	1	no!  bring back the staff a week before...	Oppose	00:05:49,209	00:05:51,578	superstore	Dina
129	2	okay, guys. we just need to figure out what we're going to do.	Advise	00:05:56,016	00:05:58,418	superstore	Amy
131	0	what if we just set up one aisle, and then just slap it over all the other aisles? boom.	Advise	00:06:44,231	00:06:51,204	superstore	Marcus
131	1	look, we can always redo stuff tomorrow, so for now, it's better to do things fast and bad than slow and good.	Inform	00:06:52,539	00:06:59,312	superstore	Amy
131	2	okay. i'm--i'm prioritizing both.	Inform	00:07:09,322	00:07:11,925	superstore	Cheyenne
131	3	you can't prioritize both!	Oppose	00:07:11,959	00:07:13,927	superstore	Amy
131	4	forget it. just make the place look as good as possible before jeff gets here.	Arrange	00:07:13,961	00:07:17,097	superstore	Amy
131	6	yep.	Agree	00:07:19,732	00:07:20,934	superstore	Amy
131	7	how about slow and bad?	Advise	00:07:20,968	00:07:22,602	superstore	Myrtle
133	0	just hang on. uh, we're closed.	Inform	00:08:11,084	00:08:12,485	superstore	Dina
133	1	you're going to need to come back at 3:00.	Inform	00:08:12,519	00:08:14,221	superstore	Dina
133	4	yeah, kinda.	Agree	00:08:21,761	00:08:23,263	superstore	superstore person2
133	5	oh, damn it. god!	Complain	00:08:23,296	00:08:25,632	superstore	Dina
133	6	i hate when they don't tell me about new hires.	Complain	00:08:25,665	00:08:27,434	superstore	Dina
133	7	okay, find yourself a vest and a nametag and go help leonard in produce.	Arrange	00:08:27,467	00:08:30,437	superstore	Dina
133	8	i'm howie mandel.	Introduce	00:08:32,805	00:08:34,474	superstore	superstore person2
133	9	vest. tag. produce. go!	Arrange	00:08:36,709	00:08:39,012	superstore	Dina
134	1	well, then it's a bad day to be earl, isn't it?	Taunt	00:08:54,561	00:08:57,330	superstore	Glenn
134	2	i can hear you sighing!	Criticize	00:08:59,166	00:09:00,633	superstore	Glenn
134	3	now you've pissed off amy, too.	Criticize	00:09:05,605	00:09:07,640	superstore	Glenn
134	4	sometimes i think the whole world's incompetent.	Complain	00:09:07,674	00:09:10,477	superstore	Glenn
134	5	don't worry! we'll do the best we can without you.	Comfort	00:09:24,824	00:09:27,427	superstore	Amy
134	6	what am i going to say to jeff?	Ask for help	00:09:31,664	00:09:33,400	superstore	Nico
135	2	well, i don't even know if i want him to have heard me.	Complain	00:09:41,508	00:09:44,177	superstore	Nico
135	3	it's complicated. mm.	Complain	00:09:44,211	00:09:46,446	superstore	Nico
135	4	my boyfriend jerry got hit in the head by a mailbox during the tornado.	Complain	00:09:46,479	00:09:50,450	superstore	Sandra
135	5	he's been in a coma ever since.	Complain	00:09:50,483	00:09:52,585	superstore	Sandra
135	6	maybe we could do a test in front of one of those big fans to see if he could hear you.	Advise	00:09:57,790	00:10:01,461	superstore	Cheyenne
135	7	god, that's an amazing idea!	Praise	00:10:01,494	00:10:03,530	superstore	Nico
135	8	he's off the breathing tube.	Complain	00:10:03,563	00:10:06,099	superstore	Sandra
135	10	okay, i need three of you to help me unload a truck.	Arrange	00:10:07,900	00:10:11,271	superstore	Amy
136	0	meet me in back in five.	Arrange	00:10:15,142	00:10:16,676	superstore	Amy
136	1	tough luck, dude.	Comfort	00:10:18,545	00:10:20,113	superstore	Marcus
136	6	that's really nice, marcus. thank you.	Thank	00:10:31,924	00:10:34,461	superstore	Jonah
136	10	you're a crazy man. we're going to be on fire.	Praise	00:10:45,705	00:10:47,674	superstore	Marcus
137	0	um, i'm supposed to give a speech later, and i'm a little nervous about it, uh, given that...	Ask for help	00:11:07,494	00:11:13,833	superstore	Glenn
137	1	what's wrong with my voice?	Complain	00:11:22,209	00:11:23,576	superstore	Glenn
137	2	nothing. you have a nice voice.	Praise	00:11:23,610	00:11:25,545	superstore	Garrett
137	3	garrett, i'm not a child.	Complain	00:11:25,578	00:11:27,280	superstore	Glenn
137	6	some people-not me, but some people-might find your voice, octave-wise, to be the teeniest, tiniest, bit...	Inform	00:11:31,918	00:11:40,293	superstore	Garrett
137	11	yeah, it's high.	Agree	00:11:53,005	00:11:54,641	superstore	Garrett
139	0	sorry, no, i--no.	Apologise	00:12:56,469	00:12:57,970	superstore	Amy
139	1	this is the worst.	Complain	00:13:01,841	00:13:04,711	superstore	Amy
139	2	you want to listen to a podcast?	Advise	00:13:06,446	00:13:12,919	superstore	Jonah
139	4	my phone got stolen from my trailer.	Complain	00:13:16,789	00:13:18,758	superstore	Jonah
140	2	i'm mateo!	Introduce	00:13:34,941	00:13:36,443	superstore	Nico
140	5	so hot.	Complain	00:13:42,615	00:13:44,551	superstore	Nico
141	0	i'm sorry i didn't know who you were before.	Apologise	00:13:54,861	00:13:56,829	superstore	Dina
141	2	don't worry about it.	Comfort	00:13:58,898	00:14:00,767	superstore	superstore person2
141	4	well, you should probably get back to straightening around the registers.	Arrange	00:14:07,907	00:14:11,010	superstore	Dina
142	1	how's it going with the ribbon?	Care	00:15:18,845	00:15:20,513	superstore	Glenn
142	2	we can't cut a giant ribbon with these!	Oppose	00:15:29,689	00:15:31,791	superstore	Glenn
142	3	okay, we'll be ready in about an hour.	Inform	00:15:31,824	00:15:33,159	superstore	Dina
142	5	ooh, then you're going to need to stall big-time.	Advise	00:15:35,928	00:15:37,797	superstore	Dina
142	7	how's it looking inside?	Care	00:15:42,001	00:15:44,604	superstore	Jeff
142	9	no, no, no.	Prevent	00:15:45,805	00:15:47,139	superstore	Glenn
143	0	thank you, glenn. that was beautiful.	Thank	00:16:12,932	00:16:14,734	superstore	Jeff
143	1	let's cut that ribbon and check it out!	Inform	00:16:16,969	00:16:19,138	superstore	Jeff
143	2	but first, the comedic stylings of mr. howie mandel!	Inform	00:16:24,143	00:16:28,581	superstore	Glenn
143	3	this, uh, event was set up by my, uh, appearance agent, not my, uh, performance agent.	Inform	00:16:33,085	00:16:38,825	superstore	superstore person1
143	4	performing is a whole... different negotiation, so, uh...	Inform	00:16:38,858	00:16:43,596	superstore	superstore person2
143	5	thank you, everybody.	Thank	00:16:43,630	00:16:46,098	superstore	superstore person2
143	6	then i guess--i guess i'll keep talking.	Inform	00:16:51,137	00:16:53,973	superstore	Glenn
147	1	sorry i missed that.	Apologise	00:02:44,768	00:02:46,937	superstore	Jonah
147	3	my pop-pop can run an eight-minute mile.	Flaunt	00:02:55,779	00:02:58,015	superstore	Jonah
147	4	that's a weird thing to brag about.	Taunt	00:02:58,048	00:02:59,750	superstore	Amy
147	5	i'm just saying. it's pretty fast.	Flaunt	00:02:59,783	00:03:02,085	superstore	Jonah
148	0	ohh! these things are impossible.	Complain	00:03:42,259	00:03:44,127	superstore	Nico
148	2	hey, you two. how's it going?	Care	00:03:52,836	00:03:54,504	superstore	Glenn
148	3	ugh. pretty sucky.	Complain	00:03:54,537	00:03:56,339	superstore	Nico
148	7	but if you two are upset about his disappearance, then you can take a break for a while.	Advise	00:04:03,313	00:04:09,853	superstore	Glenn
148	8	oh, no, that's okay, we don't--	Oppose	00:04:09,887	00:04:11,521	superstore	Cheyenne
148	9	thank you, glenn.	Thank	00:04:11,554	00:04:13,123	superstore	Nico
148	11	yeah, and he was--he was like a grandfather to me.	Agree	00:04:20,030	00:04:24,234	superstore	Cheyenne
152	0	there's no tornado. you're free to leave.	Inform	00:06:39,500	00:06:41,569	superstore	Glenn
152	2	anyway, as a thank you, please enjoy a coupon for 50 cents off frozen yogurt in the café.	Inform	00:06:51,679	00:06:57,718	superstore	Glenn
152	3	we could only find ten.	Inform	00:06:57,751	00:06:59,453	superstore	Amy
152	4	so...get them while they're hot.	Advise	00:06:59,487	00:07:02,490	superstore	Glenn
152	5	thank you.	Thank	00:07:03,524	00:07:05,058	superstore	Dina
152	6	give one to her. dina was really rough with her.	Arrange	00:07:06,093	00:07:09,463	superstore	Glenn
153	0	i know. it's beautiful.	Praise	00:08:33,747	00:08:35,716	superstore	Nico
153	1	how's it going, you two?	Care	00:08:35,749	00:08:38,486	superstore	Glenn
153	5	and you guys knew him so well i thought maybe you could help.	Ask for help	00:08:58,238	00:09:02,710	superstore	Glenn
153	6	of course. i mean, we would love to honor him.	Agree	00:09:02,743	00:09:06,714	superstore	Nico
153	7	so what was his wife's name?	Ask for help	00:09:06,747	00:09:09,116	superstore	Glenn
154	3	sorry, everybody. looks like we're gonna starve down here because amy thought we'd only be trapped for 15 minutes.	Inform	00:09:47,788	00:09:52,760	superstore	Dina
154	4	uh, dina? that seems a little dramatic.	Oppose	00:09:52,793	00:09:55,162	superstore	Amy
154	5	okay, uh, dina? that seems a little dramatic.  look, i don't have time to roast you, okay?	Taunt	00:09:55,195	00:09:59,166	superstore	Dina
154	9	okay, dina? i'm worried about you.	Care	00:10:09,309	00:10:12,179	superstore	Amy
154	11	go freeze a couple hundred pounds of chard.	Arrange	00:10:14,715	00:10:16,550	superstore	Dina
154	12	i'm not doing that.	Oppose	00:10:16,584	00:10:18,185	superstore	Amy
154	13	fine.	Taunt	00:10:18,218	00:10:19,753	superstore	Dina
157	1	oh, and that worked out great for you, didn't it?	Taunt	00:14:42,915	00:14:44,784	superstore	Dina
157	8	it is not!	Oppose	00:15:12,044	00:15:13,345	superstore	Glenn
157	9	i threw up in my lap.	Complain	00:15:13,379	00:15:15,347	superstore	Glenn
157	11	okay, there's a lot to unpack there, but let's circle back to dina.	Advise	00:15:20,086	00:15:24,056	superstore	Amy
157	13	ha. i had to cut my way out.	Complain	00:15:29,361	00:15:32,799	superstore	Myrtle
158	5	are you kidding? that's, like, nothing.	Taunt	00:16:29,922	00:16:32,158	superstore	Nico
158	6	i didn't try to murder you.	Oppose	00:16:36,128	00:16:38,330	superstore	Sandra
158	9	look. listen. i get it.	Inform	00:16:49,475	00:16:51,177	superstore	Dina
158	11	get off me!	Leave	00:16:59,952	00:17:01,120	superstore	Dina
159	2	well, i knew he wasn't dead.	Flaunt	00:17:23,092	00:17:25,595	superstore	Glenn
159	3	yeah. i guess you were right.	Agree	00:17:25,628	00:17:27,630	superstore	Amy
159	7	you sure are bagging those groceries.	Praise	00:17:39,175	00:17:41,210	superstore	Nico
159	11	yep.	Agree	00:17:49,251	00:17:50,653	superstore	Nico
160	1	you can stop now.	Advise	00:18:12,742	00:18:14,243	superstore	Jonah
160	11	that's messed up.	Complain	00:18:56,919	00:18:58,521	superstore	Jonah
161	3	no one died. it's all okay.	Comfort	00:19:20,142	00:19:22,712	superstore	Amy
161	5	i'm not leaving.	Oppose	00:19:25,648	00:19:27,016	superstore	Dina
161	6	you cannot...stay... down here!	Prevent	00:19:30,052	00:19:34,090	superstore	Amy
161	9	oh, it's just getting sad at this point.	Complain	00:19:47,303	00:19:51,741	superstore	Dina
161	10	you're so tiny!	Taunt	00:19:51,774	00:19:53,776	superstore	Dina
161	11	just for that, you don't get a space in the shelter.	Criticize	00:19:56,078	00:19:58,080	superstore	Dina
161	12	oh, i'm so sad that i don't get a spot in your little masturbation jail.	Taunt	00:19:58,114	00:20:01,751	superstore	Amy
161	15	no, you can't prepare for everything, but i can and i always do.	Oppose	00:20:06,856	00:20:11,127	superstore	Dina
161	16	no, i-i do.	Oppose	00:20:19,702	00:20:22,204	superstore	Amy
161	19	nancy kerrigan hit herself in the leg.   nobody tells you at six that a dog can't eat chocolate.	Complain	00:20:37,419	00:20:44,326	superstore	Dina
161	22	yeah. no. sorry. you go, you go.	Arrange	00:21:05,782	00:21:07,750	superstore	Amy
161	25	it's about to get really bad.	Complain	00:21:12,922	00:21:17,093	superstore	Dina
164	0	i agree.	Agree	00:03:18,431	00:03:20,133	superstore	Glenn
164	5	it's not a problem.	Agree	00:03:36,984	00:03:38,251	superstore	superstore person1
164	6	okay, no, 15, 15, 15. we agree on 15.	Agree	00:03:40,187	00:03:42,823	superstore	Glenn
166	6	you're a good dad, mr. marquard.	Praise	00:04:41,982	00:04:44,885	superstore	Garrett
169	0	aw, i'm sure you'll find someone.	Comfort	00:06:29,022	00:06:30,590	superstore	Cheyenne
169	2	sometimes i think that maybe god is trying to send me a message that people in their late 50s shouldn't conceive a child.	Complain	00:06:32,059	00:06:39,199	superstore	Glenn
169	4	of course, i would.	Agree	00:06:47,607	00:06:49,176	superstore	Cheyenne
169	7	thank you! oh, my god.	Thank	00:06:57,250	00:06:59,552	superstore	Glenn
170	0	excuse me, hi, sorry to interrupt.	Greet	00:07:17,604	00:07:19,406	superstore	Jonah
170	3	it's the best job i've ever had.	Praise	00:07:25,212	00:07:26,613	superstore	superstore person4
170	5	it's the best job i've ever had.	Praise	00:07:44,664	00:07:46,399	superstore	superstore person3
170	6	have a heavenly day.	Leave	00:07:46,433	00:07:48,268	superstore	superstore person3
170	8	well, it's been the best job i've ever had for about 4 1/2 years.	Praise	00:07:58,278	00:08:02,482	superstore	superstore person2
171	1	oh, sorry about that.	Apologise	00:08:16,229	00:08:17,697	superstore	Glenn
171	3	could you profile?	Ask for help	00:08:25,838	00:08:28,408	superstore	Glenn
171	4	it just means so much to us that you're willing to do this.	Thank	00:08:30,843	00:08:35,448	superstore	Glenn
171	11	but bo, he just sucks, you know.	Criticize	00:09:20,427	00:09:25,198	superstore	Cheyenne
171	12	yeah. bo sucks.	Complain	00:09:25,232	00:09:28,635	superstore	Glenn
172	0	uh, hey, len. i'm--i'm jonah.	Greet	00:09:36,609	00:09:40,780	superstore	Jonah
172	1	how's it going today?	Care	00:09:40,813	00:09:42,749	superstore	Jonah
174	1	bo, is there anything that cheyenne and i can say to help you change your mind?	Ask for help	00:11:47,707	00:11:53,613	superstore	Glenn
174	5	it--it's okay.	Comfort	00:12:20,540	00:12:21,874	superstore	Glenn
174	6	i--i accept your decision and-well, i'm disappointed, you know.	Complain	00:12:21,908	00:12:26,879	superstore	Glenn
174	11	okay, everyone, i made some quick shift assignment changes.	Inform	00:12:44,664	00:12:47,500	superstore	Amy
175	0	henry, elias, you're in ladies' shoes.	Arrange	00:12:47,534	00:12:49,902	superstore	Amy
175	1	mateo, you're in sports.	Arrange	00:12:49,936	00:12:51,504	superstore	Amy
175	2	oh, ah, kelly, you're on register.	Inform	00:12:52,772	00:12:54,341	superstore	Amy
175	5	oh, marcus, yes, you just float.	Arrange	00:12:59,045	00:13:00,980	superstore	Amy
175	6	i want the customers to feel like you're everywhere.	Arrange	00:13:01,013	00:13:02,815	superstore	Amy
175	11	all right, guys, listen up.	Inform	00:13:17,864	00:13:19,332	superstore	Amy
175	12	but i should say that this is a chance for this store to become bigger, to become more.	Inform	00:13:20,833	00:13:27,874	superstore	Amy
175	13	but if we work together, we can stop that from happening.	Inform	00:13:27,907	00:13:31,944	superstore	Amy
177	1	while that's fascinating, i'm not sure it constitutes an emergency that we need to talk about right now, so i gotta get back in there, okay?	Leave	00:15:02,969	00:15:09,809	superstore	Jeff
177	2	wait, no, no, no, wait, no. that wasn't the emergency.	Prevent	00:15:09,842	00:15:11,611	superstore	Jonah
177	6	you're obviously going through something and--and i-i just want you to know that i see you, and i am here if you ever wanna talk.	Comfort	00:15:25,625	00:15:34,734	superstore	Jonah
178	0	and then suddenly, you're 40, running a rat race you don't even understand.	Complain	00:16:56,849	00:16:59,952	superstore	Jeff
180	4	let's relax. it was a crappy store.	Comfort	00:18:31,811	00:18:34,981	superstore	Garrett
180	6	it'll be fine, you guys.	Comfort	00:18:36,382	00:18:38,284	superstore	Nico
181	2	dammit.	Complain	00:19:36,743	00:19:38,210	superstore	Jeff
181	3	this is bad. i can't go home, jonah.	Complain	00:19:41,948	00:19:44,717	superstore	Jeff
181	4	i bought a subaru! that money's gone!	Complain	00:19:47,153	00:19:50,089	superstore	Jeff
181	5	gone. i couldn't wait a week?	Complain	00:19:50,122	00:19:51,858	superstore	Jeff
181	6	one week. no discipline.	Complain	00:19:51,891	00:19:54,393	superstore	Jeff
183	0	if i have to pump myself full of hormones it's only fair that he go through the same pain.	Complain	00:00:11,445	00:00:16,950	superstore	Dina
183	1	yeah, that's how it works.	Agree	00:00:21,589	00:00:23,691	superstore	Jonah
183	6	it just sucks that you have to get so many shots.	Complain	00:00:41,091	00:00:42,860	superstore	Jonah
184	0	like you were alive during the '90s.	Taunt	00:00:56,724	00:00:58,559	superstore	Cheyenne
184	1	yeah, i was. yep, the roaring '90s.	Agree	00:00:58,592	00:01:01,762	superstore	Amy
184	8	all right, well, what about, like, mermaids?	Advise	00:01:33,093	00:01:36,096	superstore	Amy
184	9	i don't know. my mom really wants green day.	Complain	00:01:36,129	00:01:39,199	superstore	Cheyenne
184	10	they're half-fish, half-human, they're like rebels.	Joke	00:01:41,301	00:01:44,738	superstore	Amy
184	12	it's totally true.	Agree	00:01:53,614	00:01:55,015	superstore	Amy
185	1	ooh, good idea.	Praise	00:02:09,663	00:02:11,098	superstore	Jonah
185	2	pretty steamy weekend you guys got planned.	Praise	00:02:11,131	00:02:13,834	superstore	Garrett
185	3	yeah, i'm excited.	Agree	00:02:13,867	00:02:15,202	superstore	Jonah
185	7	cool.	Praise	00:02:26,213	00:02:28,015	superstore	Jonah
185	9	no.	Oppose	00:02:31,318	00:02:32,986	superstore	Jonah
185	11	cool.	Leave	00:02:41,061	00:02:42,596	superstore	Jonah
186	3	no, i am not starting out this journey with a mistake.	Oppose	00:02:53,874	00:02:56,677	superstore	Glenn
186	4	here, you can fill out the forms while i write another one.	Arrange	00:02:56,710	00:03:00,113	superstore	Glenn
186	8	no, it's just better safe than sorry.	Oppose	00:03:15,996	00:03:18,065	superstore	Glenn
186	9	no, no, no, that's fine, that's fine.	Oppose	00:03:18,098	00:03:19,700	superstore	Dina
186	10	you know what? i am gonna give this a read, and i'll let you know if i have any thoughts.	Leave	00:03:19,733	00:03:22,770	superstore	Dina
188	0	in the event of a baby over eight pounds, lessee will reimburse leaser for vaginal reconstruction.  hey, i was happy to have a gentleman's agreement.	Inform	00:04:50,223	00:04:57,164	superstore	Glenn
188	3	sure, oh, fyi, clauses 30-49 are all vag-related, and the last page is the before photos.	Inform	00:05:03,103	00:05:10,177	superstore	Dina
190	0	i'm her actual mother.  what does that even mean?	Complain	00:06:36,396	00:06:38,966	superstore	Amy
190	3	well, it doesn't give her the right to just swoop in, and start changing up perfectly good shirts, and perfectly good parties.	Complain	00:06:46,339	00:06:52,279	superstore	Amy
190	7	name three of their songs.	Arrange	00:06:58,818	00:07:00,587	superstore	Amy
190	8	boulevard of broken dreams,   good riddance,  okay, well, those are the obvious ones--name three more.	Arrange	00:07:00,620	00:07:05,558	superstore	Jonah
190	9	you--you butt in all the time.	Criticize	00:07:11,231	00:07:13,600	superstore	Amy
191	0	i've never really hired a lawyer before.	Inform	00:07:25,612	00:07:28,081	superstore	Glenn
191	2	yeah, well, that makes sense.	Agree	00:07:31,851	00:07:34,254	superstore	superstore person2
191	3	i'm sorry about using the word  kosher.  that wasn't a comment on your religion.	Apologise	00:07:35,288	00:07:39,226	superstore	Glenn
191	7	oh, okay. i could go get her right now.	Leave	00:07:53,273	00:07:56,209	superstore	Glenn
191	8	yeah.	Agree	00:07:56,243	00:07:57,477	superstore	Glenn
191	9	i'll bring in a bagel and a smear.	Leave	00:07:57,510	00:07:58,778	superstore	Glenn
191	10	you know what? an onion bagel would be great.	Inform	00:08:01,414	00:08:03,550	superstore	superstore person2
192	1	but yes, i do, it's crazy. cuckoo bananas, makes no sense.	Agree	00:08:17,530	00:08:20,900	superstore	Amy
192	2	yes, 100%, i think you should do mermaids.	Agree	00:08:22,469	00:08:24,671	superstore	Amy
192	4	she never listens to what i want.	Complain	00:08:32,779	00:08:34,547	superstore	Cheyenne
192	6	uh-uh.	Oppose	00:08:44,391	00:08:45,358	superstore	Amy
192	7	sorry.	Apologise	00:08:45,392	00:08:46,593	superstore	Amy
192	8	you would say you were a grownup, you make your own decisions.	Advise	00:08:46,626	00:08:50,597	superstore	Amy
192	10	why don't we go talk to her together?	Advise	00:08:53,233	00:08:55,602	superstore	Amy
192	11	okay.	Agree	00:08:55,635	00:08:56,869	superstore	Cheyenne
193	0	yeah, of course, totally.	Agree	00:09:05,378	00:09:06,779	superstore	Jonah
193	5	right.	Agree	00:09:35,575	00:09:37,510	superstore	Jonah
193	6	no, they have halos and wings, they're angels.	Oppose	00:09:42,615	00:09:46,319	superstore	Kelly
193	7	right.	Agree	00:09:46,353	00:09:47,787	superstore	Jonah
195	1	no, no, no, no. bruce is a friend.	Introduce	00:10:18,851	00:10:21,721	superstore	Glenn
195	2	he's here to help us.	Introduce	00:10:21,754	00:10:23,190	superstore	Glenn
195	3	it's more like we're  friending  up.	Introduce	00:10:23,223	00:10:24,724	superstore	Glenn
195	6	he's a nice guy.	Praise	00:10:28,828	00:10:30,797	superstore	Glenn
195	8	wait...	Prevent	00:10:39,839	00:10:41,474	superstore	Glenn
195	9	i'm sorry, maybe i wasn't being clear.	Apologise	00:10:42,842	00:10:44,544	superstore	superstore person2
195	11	okay, this is not--this is not what we talked about.	Oppose	00:10:50,983	00:10:53,220	superstore	Glenn
195	14	sign the contract, ms. fox. you sign it!	Arrange	00:11:06,866	00:11:09,236	superstore	superstore person2
195	16	well, i think that was a nice opening bid.	Taunt	00:11:18,545	00:11:20,680	superstore	superstore person2
197	0	so there are a couple issues.	Inform	00:12:01,721	00:12:04,424	superstore	Cheyenne
197	2	um, your daughter is trying to have a conversation with you, so if you could put the cookie down, and try to engage meaningfully...	Advise	00:12:08,495	00:12:15,935	superstore	Amy
197	3	i'm so sorry, i was just recently in couple's therapy, and that just popped out.	Apologise	00:12:15,968	00:12:21,474	superstore	Amy
197	4	all right, i'm engaging meaningfully.	Agree	00:12:21,508	00:12:24,344	superstore	superstore person1
197	5	i thought i asked you to mind your own business.	Criticize	00:12:28,014	00:12:29,649	superstore	superstore person1
197	7	green day is dumb.	Complain	00:12:33,820	00:12:35,054	superstore	Cheyenne
197	8	huh? no, we didn't talk about that.	Oppose	00:12:38,024	00:12:40,393	superstore	Amy
197	9	cheyenne, you're going to college.	Arrange	00:12:40,427	00:12:41,561	superstore	superstore person1
197	10	no, i'm not.	Oppose	00:12:41,594	00:12:42,829	superstore	Cheyenne
197	12	i'm an adult, and i make my own decisions.	Inform	00:12:51,738	00:12:54,341	superstore	Cheyenne
197	14	you don't get to tell me what to eat, either!	Criticize	00:13:02,048	00:13:03,683	superstore	Cheyenne
197	15	so if i want to eat peyote, i am gonna eat all the peyote i want.	Complain	00:13:03,716	00:13:07,086	superstore	Cheyenne
198	1	we had a reindeer in the store on christmas.	Inform	00:13:30,743	00:13:33,079	superstore	Nico
198	3	oh, i don't think leprechauns should be in the real column.	Inform	00:13:38,585	00:13:41,788	superstore	Kelly
198	5	and i mean, i sank like a brick.	Introduce	00:14:04,977	00:14:07,980	superstore	Kelly
198	14	no, no, no, no, no. i'm not--i'm not jelly, no.	Oppose	00:14:53,726	00:14:56,863	superstore	Jonah
198	16	yeah, maybe.	Agree	00:15:07,039	00:15:08,508	superstore	Kelly
198	19	trouble in paradise.	Joke	00:15:15,247	00:15:17,584	superstore	Nico
199	0	look, i'm sorry, i did not know that she was gonna say those things.	Apologise	00:15:21,521	00:15:25,124	superstore	Amy
199	2	so, i am sorry.	Apologise	00:15:34,000	00:15:36,035	superstore	Amy
199	10	you're funny.	Praise	00:16:15,007	00:16:16,576	superstore	superstore person1
200	0	hey.	Greet	00:16:18,578	00:16:20,547	superstore	Glenn
200	1	oh, thank god. me too.	Apologise	00:16:25,585	00:16:27,820	superstore	Glenn
200	2	the things is, i'm gonna go have sex with marcus in a few minutes.	Inform	00:16:27,854	00:16:31,691	superstore	Dina
200	4	so this could be all booked up.	Inform	00:16:43,202	00:16:44,837	superstore	Dina
200	5	no room at the inn.	Inform	00:16:44,871	00:16:45,905	superstore	Dina
200	6	you can't do this.	Prevent	00:16:45,938	00:16:47,239	superstore	Glenn
200	7	oh, i am going to with zero protection.	Leave	00:16:47,273	00:16:50,577	superstore	Dina
201	0	amy and i think you need to start getting serious about your life.	Inform	00:16:52,612	00:16:55,848	superstore	superstore person1
201	1	no, i'm not on anyone's side.	Oppose	00:16:57,650	00:16:59,819	superstore	Amy
201	2	i just agree with her on this stuff.	Inform	00:16:59,852	00:17:02,121	superstore	Amy
201	4	you gotta be responsible, and part of being responsible means getting rid of bo.	Inform	00:17:06,959	00:17:10,930	superstore	superstore person1
201	5	no, uh-uh, i did never call him a loser.	Oppose	00:17:14,901	00:17:17,269	superstore	Amy
201	6	sorry, i think i'm the one who called him a loser.	Apologise	00:17:17,303	00:17:19,005	superstore	superstore person1
201	9	amy and i are on the same page about this one.	Inform	00:17:25,812	00:17:29,749	superstore	superstore person1
201	11	she is so attached to bo.	Taunt	00:17:31,383	00:17:34,053	superstore	superstore person1
203	0	hey.	Greet	00:19:29,135	00:19:30,336	superstore	Amy
203	3	yeah, we worked it all out.	Agree	00:19:34,774	00:19:37,009	superstore	Cheyenne
203	4	good, good.	Praise	00:19:37,043	00:19:38,444	superstore	Amy
203	6	you're pushy, you're manipulative, and you were super mean about bo.	Criticize	00:20:01,500	00:20:05,004	superstore	superstore person1
203	7	your hair. boom.	Taunt	00:20:08,240	00:20:11,010	superstore	Cody
204	0	look, man, kelly is cool, she's fun, you guys should go away together.	Advise	00:20:18,050	00:20:21,487	superstore	Garrett
204	1	no.	Oppose	00:20:25,257	00:20:27,359	superstore	Garrett
204	7	okay, i'll go talk to kelly.	Leave	00:21:05,097	00:21:06,999	superstore	Jonah
205	0	you guys, look, he's just like...	Introduce	00:00:03,904	00:00:07,140	superstore	Amy
205	3	actually, um, no, we, uh, we got a divorce a few months ago.	Inform	00:00:16,584	00:00:21,254	superstore	Amy
205	4	oh no, i'm sorry to hear that.	Apologise	00:00:21,288	00:00:22,590	superstore	superstore person3
205	5	oh, no, it's totally fine, i'm in a healthy relationship with my dvr.	Comfort	00:00:22,623	00:00:26,326	superstore	Amy
205	8	yeah, yeah, something like that.	Agree	00:00:50,751	00:00:52,753	superstore	superstore person3
205	9	oh, come on, come on, little buddy, you okay?	Care	00:01:05,065	00:01:07,100	superstore	superstore person3
205	10	he's gonna be okay.	Comfort	00:01:07,134	00:01:09,369	superstore	Amy
206	3	well, at least you're getting back out there.	Comfort	00:01:33,994	00:01:36,664	superstore	Cheyenne
206	8	you are a very, very boring woman.	Criticize	00:02:00,020	00:02:03,323	superstore	Tate
207	0	that's the embryo right before they implanted it in dina's uterus.	Introduce	00:02:06,860	00:02:10,397	superstore	Glenn
207	2	yeah, i suppose it's cute, as far as amoeba-looking things can be.	Praise	00:02:11,464	00:02:15,703	superstore	Jonah
207	6	hey, i need you to sign this accident report.	Inform	00:02:29,850	00:02:31,919	superstore	Dina
207	7	the miracle of life.	Praise	00:02:43,396	00:02:44,798	superstore	Jonah
207	8	okay, no, i am taking you home.	Arrange	00:02:44,832	00:02:46,700	superstore	Glenn
208	0	this is dumb.	Complain	00:02:50,270	00:02:51,471	superstore	Dina
208	2	i don't just sit and do nothing.	Complain	00:02:53,106	00:02:54,307	superstore	Dina
208	3	dina, please, i don't have enough money to try again.	Ask for help	00:02:54,341	00:02:59,179	superstore	Glenn
208	4	noted, and thank you.	Thank	00:03:02,349	00:03:04,417	superstore	Glenn
208	7	a little fresh air and quiet might be just the thing to, you know, put a smile back on your face.	Advise	00:03:07,354	00:03:13,260	superstore	Glenn
208	8	enjoy.	Leave	00:03:13,293	00:03:14,494	superstore	Glenn
208	9	i need you to give me that walkie.	Arrange	00:03:19,099	00:03:20,968	superstore	Dina
208	10	excuse me. jessica.	Greet	00:03:21,001	00:03:24,004	superstore	Dina
210	0	i suppose so, yeah.	Agree	00:04:23,430	00:04:24,531	superstore	Glenn
210	2	well, garrett's assistant manager now, so it's up to him.	Inform	00:04:31,872	00:04:34,942	superstore	Glenn
210	3	i once did a radio play in college.	Flaunt	00:04:34,975	00:04:36,677	superstore	Jonah
210	4	okay, fine, just don't tell me one more word about it.	Leave	00:04:36,710	00:04:40,080	superstore	Garrett
210	5	this is a good team.	Praise	00:04:40,113	00:04:41,749	superstore	Glenn
211	0	i--sorry, i mean, i would help him myself, but he insisted on speaking with a manager.	Apologise	00:05:03,136	00:05:07,908	superstore	Nico
211	1	hi, i'm amy, the floor manager.	Introduce	00:05:07,941	00:05:10,678	superstore	Amy
211	2	i'm castor.	Introduce	00:05:10,711	00:05:11,845	superstore	superstore person4
211	3	you look really nice.	Praise	00:05:11,879	00:05:13,714	superstore	superstore person4
211	4	uh, castor mentioned that he works in insurance, which is a very stable industry.	Introduce	00:05:17,184	00:05:22,856	superstore	Nico
211	5	i used to work in textiles, but insurance was a dream of mine, so now i work in insurance.	Introduce	00:05:22,890	00:05:28,361	superstore	superstore person4
211	9	our mothers are sisters.	Introduce	00:05:40,974	00:05:43,176	superstore	superstore person4
212	0	uh, he's weird, and when you mentioned that he  worked  in insurance, you could've mentioned it was horse insurance.	Complain	00:05:50,317	00:05:57,590	superstore	Amy
212	5	cheyenne, back me up here.	Ask for help	00:06:19,012	00:06:20,914	superstore	Amy
212	8	castor seems good.	Praise	00:06:29,089	00:06:32,059	superstore	Cheyenne
219	2	all right, i'll see you later.	Leave	00:11:18,878	00:11:20,213	superstore	Garrett
219	3	no, wh-wh-wh-wh-whoa.	Prevent	00:11:20,247	00:11:21,147	superstore	Glenn
219	4	you can't go home until this is cleaned up.	Arrange	00:11:21,180	00:11:23,616	superstore	Glenn
219	5	well, it's gotta get done, mr. acting assistant manager.	Arrange	00:11:24,651	00:11:28,421	superstore	Glenn
219	6	oh, why are these pants moist?	Complain	00:11:29,522	00:11:32,525	superstore	Garrett
220	0	let's just go for it.	Advise	00:11:46,906	00:11:48,308	superstore	Kelly
220	3	i'll come back later.	Leave	00:11:54,514	00:11:55,682	superstore	Amy
221	1	i'm just kidding, you don't have an office.	Taunt	00:12:20,473	00:12:21,941	superstore	Tate
221	5	they're all idiots.	Criticize	00:12:33,653	00:12:35,288	superstore	Tate
221	7	look, i know everyone here is trying to hook you up with a bunch of randos, but you should hold out for a good one.	Advise	00:12:40,927	00:12:45,598	superstore	Tate
221	8	well, that-but, um, thank you.	Thank	00:12:49,669	00:12:53,906	superstore	Amy
223	0	hi.	Greet	00:14:36,509	00:14:37,744	superstore	Amy
223	1	hi.	Greet	00:14:37,777	00:14:39,446	superstore	Tate
223	2	okay, bye.	Leave	00:14:39,479	00:14:41,180	superstore	Amy
223	5	cool, um, i threw up in my driveway.	Complain	00:14:46,653	00:14:49,522	superstore	Amy
223	8	yeah, sorry i forgot my credit card.	Apologise	00:14:56,596	00:14:58,965	superstore	Tate
223	9	yeah, uh, but i think it would be great if we kept it between us.	Advise	00:14:58,998	00:15:03,436	superstore	Amy
223	12	adios, consuela.	Leave	00:15:16,749	00:15:19,652	superstore	Tate
225	0	so, this is my cousin, nestor.	Introduce	00:15:47,880	00:15:49,616	superstore	Nico
225	1	he is studying to be a receptionist, and he sleeps on the top bunk.	Introduce	00:15:49,649	00:15:52,752	superstore	Nico
225	2	yeah, eventually you're gonna have to put yourself back out there.	Advise	00:15:57,123	00:16:00,760	superstore	Cheyenne
225	7	so, maybe do the math on that.	Leave	00:16:45,838	00:16:49,542	superstore	Amy
226	2	maybe we should just keep last night as a one-time thing.	Advise	00:17:32,719	00:17:37,590	superstore	Amy
226	5	okay, so, i was just some kind of trophy for you to wave around to your friends?	Criticize	00:17:45,197	00:17:48,968	superstore	Tate
226	6	tate, can we please just not make a scene?	Prevent	00:17:53,105	00:17:55,875	superstore	Amy
226	8	look who banged the pharmacist. yeah.	Taunt	00:17:57,209	00:17:59,646	superstore	Marcus
226	10	okay, um, could we just, you know, this is a very public space.	Prevent	00:18:13,893	00:18:18,264	superstore	Amy
226	12	um, that's not a thing.	Oppose	00:18:24,203	00:18:25,271	superstore	Amy
226	14	oh, so you're just tossing that cat around, but nestor can't get a turn.	Taunt	00:18:26,839	00:18:29,408	superstore	Nico
226	15	i'm not tossing anything around, and i don't want to be dating anyone anywhere.	Oppose	00:18:29,441	00:18:36,649	superstore	Amy
226	19	someone's thirsty.	Taunt	00:18:42,722	00:18:43,956	superstore	Justine
226	25	maybe you need to take a little break from dating and get tested.	Advise	00:19:07,847	00:19:10,983	superstore	Carol
226	26	yeah, turn me on, use me up, and chuck me back in the drawer.	Taunt	00:19:20,326	00:19:23,329	superstore	Tate
226	27	i just want the tide.	Ask for help	00:19:23,362	00:19:24,731	superstore	superstore person2
227	0	hey, garrett.	Greet	00:19:51,057	00:19:52,291	superstore	Sandra
227	5	you be the assistant manager.	Arrange	00:20:12,779	00:20:14,113	superstore	Garrett
228	0	cloud 9's new bath towels are extra fluffy and made from recycled other towels.	Inform	00:20:22,889	00:20:27,093	superstore	Kelly
228	1	and here to talk to us about them is famous actor, al pacino.	Inform	00:20:27,126	00:20:30,997	superstore	Kelly
228	3	oh, uh, these towels are great.	Praise	00:20:32,999	00:20:36,135	superstore	Jonah
228	8	these towels are 40% off.	Inform	00:21:03,395	00:21:06,398	superstore	Jonah
229	0	it's like a potent blend of bo, pizza rolls, and misogyny.	Taunt	00:01:22,249	00:01:25,986	superstore	Dina
229	1	hey, dina, so i know that employees aren't supposed to set aside merch, but i was just wondering if maybe you'd want to make an exception for your best friend?	Ask for help	00:01:26,019	00:01:34,995	superstore	Amy
229	2	my old best friend is currently in prison for cheating on her taxes.	Inform	00:01:35,028	00:01:38,065	superstore	Dina
229	4	they're going to sell out before my shift is over.	Complain	00:01:51,044	00:01:53,046	superstore	Amy
229	5	i guess i'll just wait until we get another restock.	Complain	00:01:56,950	00:01:58,986	superstore	Amy
229	6	oh, but you shouldn't have to.	Oppose	00:01:59,019	00:02:00,821	superstore	Jonah
229	8	okay, you're right, i do deserve this.	Complain	00:02:08,962	00:02:10,798	superstore	Amy
229	9	yes, you...do.	Agree	00:02:12,800	00:02:14,134	superstore	Jonah
229	10	oh, yep, urine.	Leave	00:02:16,069	00:02:19,740	superstore	Amy
232	0	come on.	Complain	00:03:47,260	00:03:52,065	superstore	Amy
232	2	we crawl through the tunnel and then we jimmy the door--	Advise	00:04:31,939	00:04:34,408	superstore	Amy
232	3	oh. cool, all right.	Praise	00:04:36,910	00:04:39,447	superstore	Jonah
232	4	yeah, it's going to be the adventure of a lifetime.	Leave	00:04:42,750	00:04:44,718	superstore	Amy
233	0	what i'm trying to do right now is find a hollow spot, okay?	Inform	00:05:12,946	00:05:18,018	superstore	Jonah
233	6	totally, yeah, that happens all the time.	Agree	00:05:32,666	00:05:35,168	superstore	Amy
234	1	i'm sorry, glenn, i don't know.	Apologise	00:05:40,674	00:05:42,175	superstore	Sandra
234	2	but i am done being a doormat.	Complain	00:05:45,078	00:05:47,147	superstore	Glenn
234	5	okay, i guess!	Agree	00:06:07,267	00:06:08,335	superstore	Sandra
234	6	that's the spirit!	Praise	00:06:08,368	00:06:10,604	superstore	Glenn
235	0	no problem.	Agree	00:06:13,040	00:06:15,208	superstore	Nico
235	1	he's been nominated for like, five dice awards.	Introduce	00:06:19,379	00:06:21,815	superstore	Garrett
235	2	that's like if you met j. lo.	Introduce	00:06:24,017	00:06:25,552	superstore	Garrett
235	5	tell me everything he said.	Arrange	00:06:34,561	00:06:37,430	superstore	Garrett
235	6	fine, ugh.	Agree	00:06:37,464	00:06:39,232	superstore	Nico
235	7	so, apparently, he doesn't think his taurus has enough power.	Inform	00:06:47,607	00:06:51,311	superstore	Nico
235	8	hi, ma'am.	Greet	00:06:52,445	00:06:54,514	superstore	Nico
237	2	well, this is weird. according to the blueprints, there should be a ladder, like, right here.	Introduce	00:07:29,349	00:07:36,489	superstore	Jonah
237	3	oh, yes, right there.	Introduce	00:07:39,059	00:07:42,362	superstore	Jonah
239	0	one of the gamers is trying to teach alexa racial slurs.	Inform	00:09:48,121	00:09:50,623	superstore	Dina
239	1	um, i'm--i'm right here.	Inform	00:09:54,494	00:09:56,763	superstore	Amy
239	3	yeah, i don't see you.	Agree	00:10:00,700	00:10:02,502	superstore	Dina
239	4	just, um, turn left.	Arrange	00:10:03,803	00:10:06,173	superstore	Amy
239	7	i--i need a lawnmower.	Ask for help	00:10:19,786	00:10:23,123	superstore	Jonah
241	0	i just want everyone to know that i do not agree with this guy.	Oppose	00:11:28,788	00:11:31,824	superstore	Garrett
241	2	no one knows. yeah, women are crazy.	Complain	00:11:34,194	00:11:36,396	superstore	Glenn
241	3	no one knows, so why don't we just move on?	Advise	00:11:38,831	00:11:40,733	superstore	Glenn
241	4	okay, these are all good points, but i think that maybe we need a woman's perspective.	Inform	00:11:56,483	00:12:01,821	superstore	Glenn
241	6	no, never gonna happen.	Oppose	00:12:10,062	00:12:12,365	superstore	Garrett
241	8	hold on, business idea.	Prevent	00:12:27,314	00:12:29,416	superstore	Marcus
241	9	oh, boy.	Taunt	00:12:42,028	00:12:43,396	superstore	Dina
241	11	i want everybody to know, i am not with this guy.	Inform	00:12:53,940	00:12:56,042	superstore	superstore person4
242	4	shut up.	Prevent	00:13:29,609	00:13:31,511	superstore	Amy
242	6	i don't.	Oppose	00:13:38,084	00:13:39,619	superstore	Jonah
242	7	oh, i used to love these when i was a kid, before everything had to be so damn healthy.	Introduce	00:13:39,652	00:13:43,356	superstore	Amy
242	9	mmmm, oh, my god, it's so good!	Praise	00:13:48,094	00:13:52,131	superstore	Amy
245	0	there it is.	Introduce	00:17:06,426	00:17:07,160	superstore	Jonah
245	3	hi.	Greet	00:17:21,273	00:17:23,109	superstore	superstore person1
245	5	excuse us.	Apologise	00:17:29,749	00:17:33,085	superstore	Amy
245	6	sorry.	Apologise	00:17:33,119	00:17:35,121	superstore	Jonah
245	7	hey, jill.	Greet	00:17:36,656	00:17:39,091	superstore	superstore person1
245	8	hey.	Greet	00:17:39,125	00:17:40,693	superstore	superstore person1
248	0	it's fine, i made too big a deal out of it.	Comfort	00:20:13,846	00:20:15,982	superstore	Amy
248	1	oh, okay, then i guess you won't want this.	Introduce	00:20:16,015	00:20:18,851	superstore	Jonah
248	3	jonah, thank you!	Thank	00:20:25,758	00:20:27,894	superstore	Amy
248	8	thank you.	Thank	00:20:55,287	00:20:58,390	superstore	Amy
248	9	i can still smell them.	Complain	00:21:00,259	00:21:01,694	superstore	Dina
248	10	hey, rodriguez, pay attention, i'm talking.	Inform	00:21:04,330	00:21:07,433	superstore	Dina
248	11	what, have you got a crush on jonah or something?	Care	00:21:07,466	00:21:11,738	superstore	Dina
248	12	yeah, i think i do.	Agree	00:21:13,472	00:21:16,976	superstore	Amy
249	0	i don't think that's true. it is. it is, amy.	Oppose	00:00:08,041	00:00:11,011	superstore	Amy
249	1	it's in a powerpoint.	Introduce	00:00:11,044	00:00:12,546	superstore	Garrett
249	2	now, we all know the standard cheeses.	Inform	00:00:12,580	00:00:14,815	superstore	Marcus
249	3	american cheese, cheddar cheese, pizza cheese.	Introduce	00:00:14,848	00:00:18,151	superstore	Marcus
249	4	you're throwing me off.	Joke	00:00:36,604	00:00:39,773	superstore	Marcus
249	5	human cheese!	Introduce	00:00:46,313	00:00:48,682	superstore	Marcus
249	7	i've had five samples already.	Complain	00:00:50,751	00:00:52,786	superstore	Glenn
249	8	no, no, this is just cut-up string cheese.	Oppose	00:00:52,820	00:00:55,656	superstore	Marcus
249	10	it'll be udder-ly amazing!	Praise	00:01:05,666	00:01:08,335	superstore	Marcus
249	11	dried milk.	Introduce	00:01:25,753	00:01:27,354	superstore	Marcus
250	0	kelly, kelly, kelly.	Greet	00:02:36,123	00:02:36,957	superstore	Amy
250	1	sorry, i'm working as fast as i can.	Apologise	00:02:36,990	00:02:38,992	superstore	Kelly
250	2	hey, girl.	Greet	00:02:47,400	00:02:49,202	superstore	Kelly
250	4	i mean, sorry, it's just sometimes it seems like you don't like me.	Apologise	00:02:56,476	00:02:59,847	superstore	Kelly
250	8	yes, of course.	Agree	00:03:14,862	00:03:17,130	superstore	Amy
250	9	you cutie.	Praise	00:03:17,164	00:03:18,498	superstore	Amy
250	11	well, it was probably just a faulty anchor.	Comfort	00:03:30,143	00:03:33,180	superstore	Amy
251	0	guys, i'm telling you, the human mammary dairy market is about to explode.	Inform	00:03:38,251	00:03:43,190	superstore	Marcus
251	1	no.	Oppose	00:03:49,396	00:03:50,363	superstore	Marcus
251	3	uh, sorry, i was distracted.	Apologise	00:03:55,068	00:03:58,105	superstore	Nico
251	4	that guy has a real gay dothraki vibe going, and #intoit.	Taunt	00:03:58,138	00:04:02,275	superstore	Nico
252	0	i'm gonna get in so much trouble.	Complain	00:04:18,959	00:04:20,661	superstore	Kelly
252	2	yes, i did.	Agree	00:04:42,115	00:04:44,885	superstore	Amy
252	3	i really, really didn't think that one through.	Apologise	00:04:44,918	00:04:47,554	superstore	Amy
252	5	yes.	Agree	00:04:52,325	00:04:53,593	superstore	Amy
252	6	thank you so much.	Thank	00:04:57,564	00:04:59,066	superstore	Kelly
252	8	it's totally fine. i got you, girl.	Comfort	00:05:01,201	00:05:03,436	superstore	Amy
252	9	it's all good, friend. aw.	Comfort	00:05:03,470	00:05:05,906	superstore	Amy
252	10	and plus, no one got hurt, so no biggie.	Comfort	00:05:05,939	00:05:09,109	superstore	Amy
253	1	oh, this is about the jonah crush.	Taunt	00:05:24,424	00:05:26,994	superstore	Dina
253	2	okay, that's enough. look, can you please just not tell anyone?	Ask for help	00:05:33,033	00:05:36,269	superstore	Amy
253	5	what--what--what-what are you doing?	Care	00:05:45,112	00:05:47,080	superstore	Amy
253	7	oh, don't worry about it.	Comfort	00:05:52,219	00:05:53,320	superstore	Amy
253	8	no, dina, really, i'm good. i trust you.	Leave	00:05:58,225	00:06:00,460	superstore	Amy
253	9	well, now i'm like a sprinkler.	Joke	00:06:00,493	00:06:02,095	superstore	Dina
254	0	does it hurt when you rotate it?	Care	00:06:03,663	00:06:05,232	superstore	Jonah
254	1	of course it does.	Agree	00:06:05,265	00:06:06,566	superstore	Nico
254	2	i got assaulted by a giant pot of gold.	Complain	00:06:06,599	00:06:08,936	superstore	Nico
254	3	you could have already launched boob cheese.	Taunt	00:06:24,767	00:06:26,203	superstore	Garrett
254	8	actually, that's not a bad idea.	Agree	00:06:40,250	00:06:41,618	superstore	Nico
254	9	i mean, you are relentless and annoying.	Taunt	00:06:41,651	00:06:43,420	superstore	Nico
254	11	it's not, but, you know, you hear what you want to hear.	Oppose	00:06:48,325	00:06:50,893	superstore	Nico
254	12	mm-hmm, i definitely think that's a good idea.	Agree	00:06:54,697	00:06:57,667	superstore	Garrett
255	0	i feel so bad. i didn't know mateo was gonna get hurt when you took the blame.	Apologise	00:06:58,401	00:07:02,505	superstore	Kelly
255	1	don't worry about it. it's like i said.	Comfort	00:07:02,539	00:07:04,607	superstore	Amy
255	7	i'll just text you tonight about what i'm thinking of wearing.	Leave	00:07:33,436	00:07:37,607	superstore	Kelly
255	8	see, she does not suspect a thing.	Flaunt	00:07:37,640	00:07:40,977	superstore	Dina
255	10	clean this up for real.	Arrange	00:07:42,979	00:07:45,948	superstore	Dina
257	0	i'm sorry, why is jonah here?	Care	00:08:02,599	00:08:04,834	superstore	Jeff
257	2	fine, okay. uh, for the record, i should point out that mateo and i previously had a romantic relationship, but i'm confident that we can keep everything professional.	Inform	00:08:10,607	00:08:18,715	superstore	Jeff
257	4	okay, uh, without accepting any liability for your injury, cloud 9 would like to offer you $1,000.	Inform	00:08:25,888	00:08:31,661	superstore	Jeff
257	6	oh, we want the money, jeff.	Inform	00:08:37,650	00:08:40,487	superstore	Jonah
257	9	the offer is $1,000. take it or leave it.	Inform	00:08:47,127	00:08:50,430	superstore	Jeff
258	0	hey, amy.	Greet	00:09:00,173	00:09:02,109	superstore	Glenn
258	1	i thought i'd have sandra work with you.	Arrange	00:09:02,142	00:09:04,511	superstore	Glenn
258	3	yeah, but wouldn't it be nice to have some company?	Advise	00:09:07,147	00:09:09,749	superstore	Glenn
258	4	you know, someone to help you and watch over you?	Advise	00:09:09,782	00:09:13,720	superstore	Glenn
258	7	no, no, of course not.	Oppose	00:09:22,262	00:09:24,531	superstore	Amy
258	9	right.	Agree	00:09:29,302	00:09:30,770	superstore	Glenn
259	3	all right, i just got off the phone with corporate, and things are all good on their end.	Inform	00:09:53,726	00:09:58,331	superstore	Jeff
259	4	we're gonna pass.	Inform	00:10:07,207	00:10:09,209	superstore	Jonah
259	6	i'm gonna go, and, um...	Leave	00:10:14,547	00:10:17,417	superstore	Nico
259	7	sorry the deal fell through.	Apologise	00:10:21,721	00:10:23,623	superstore	Jonah
259	8	good sparring with you, buddy. all right.	Leave	00:10:25,492	00:10:28,828	superstore	Jeff
263	0	it's just hard to make myself do it.	Complain	00:12:33,453	00:12:36,356	superstore	Marcus
263	2	yes, obviously that's the problem.	Agree	00:12:38,358	00:12:40,460	superstore	Marcus
263	4	that's not a bad idea.	Praise	00:12:47,734	00:12:50,637	superstore	Marcus
264	0	i just spoke to corporate. this one time, they're willing to go up to $1,500.	Inform	00:13:11,023	00:13:17,564	superstore	Jeff
264	1	final offer, no exceptions.	Inform	00:13:17,597	00:13:20,433	superstore	Jeff
264	2	unfortunately, i'm still gonna pass.	Inform	00:13:20,467	00:13:24,036	superstore	Nico
264	3	okay, but $1,500 is as high as they're willing to go.	Inform	00:13:24,070	00:13:28,074	superstore	Jeff
264	4	i understand. the answer is still no.	Inform	00:13:30,109	00:13:32,645	superstore	Nico
264	6	that's the cap.	Inform	00:13:38,751	00:13:40,420	superstore	Jeff
264	7	congratulations, you just lost out on $6,500.	Taunt	00:13:58,070	00:14:02,375	superstore	Jeff
264	8	sweet dreams thinking about that.	Taunt	00:14:02,409	00:14:04,644	superstore	Jeff
265	0	i heard about you and adam, and i just wanted to say i hope everything's okay.	Comfort	00:14:18,858	00:14:23,095	superstore	superstore person1
265	1	thanks for checking.	Thank	00:14:26,198	00:14:28,435	superstore	Amy
265	2	i need a urine sample from you.	Ask for help	00:14:28,468	00:14:30,837	superstore	Dina
265	3	oh, um, i'm sorry, i can just--	Apologise	00:14:30,870	00:14:33,706	superstore	superstore person1
265	4	no, dina, this isn't really the best time for this.	Prevent	00:14:33,740	00:14:36,876	superstore	Amy
265	5	hey, that's what happens when you keep screwing up on the job.	Criticize	00:14:36,909	00:14:39,412	superstore	Dina
265	6	we have to find out if it's due to drugs or just gross incompetence.	Inform	00:14:39,446	00:14:42,482	superstore	Dina
268	0	sandra, your tushie needs to be closer to the ground.	Inform	00:16:40,667	00:16:43,770	superstore	Glenn
268	1	yeah, no, me and you both.	Agree	00:16:52,078	00:16:54,280	superstore	Amy
268	2	elias, bend both your knees, not just the one.	Inform	00:16:54,313	00:16:56,983	superstore	Glenn
268	3	i just feel so guilty. i mean, i almost feel like maybe i should tell glenn that i was the one that messed up the signs.	Apologise	00:16:57,016	00:17:03,189	superstore	Kelly
268	5	yeah, you're right, there's probably no point.	Agree	00:17:06,959	00:17:09,328	superstore	Kelly
269	0	hey, i get it. it's tough, especially when you get to your age.	Comfort	00:18:00,913	00:18:03,650	superstore	Dina
269	1	no, i mean i'm over taking the blame for kelly's mistake.	Oppose	00:18:05,151	00:18:07,620	superstore	Amy
269	2	well, let's tell glenn the truth and bury this chick!	Advise	00:18:07,654	00:18:09,321	superstore	Dina
269	8	she's growing up.	Praise	00:18:42,989	00:18:45,692	superstore	Dina
270	7	it'll never really be called off, ever.	Inform	00:19:19,458	00:19:22,461	superstore	Garrett
271	1	doesn't matter. okay...	Comfort	00:19:50,957	00:19:53,159	superstore	Nico
271	2	oh, no, no, no, no, no, you can't--you can't do that.	Prevent	00:19:57,529	00:20:00,900	superstore	Nico
274	1	for all i know, he's reported me by now.	Complain	00:01:03,964	00:01:05,766	superstore	Nico
274	2	i'm sure he didn't. if he did, then, you know, a bunch of guys in uniform would've busted in here by now all like,  everyone, down on the ground!	Comfort	00:01:05,799	00:01:12,673	superstore	Cheyenne
275	1	i'm just so annoyed with everybody and this stupid video.	Complain	00:01:43,403	00:01:46,339	superstore	Amy
275	7	hey, corey, you stole my condom joke.	Complain	00:02:17,838	00:02:20,373	superstore	Sandra
276	0	one of you has committed a serious malfeasance, and i'm not talking about amy's adultery.	Inform	00:03:08,021	00:03:12,993	superstore	Dina
276	2	what i'm talking about is something else.	Inform	00:03:16,897	00:03:18,365	superstore	Dina
276	3	however, we're giving that person one chance.	Inform	00:03:20,934	00:03:23,804	superstore	Glenn
276	4	you come forward today, admit what you did, and we will forget everything.	Inform	00:03:23,837	00:03:27,307	superstore	Glenn
276	7	no, i promise, you will not be punished, i swear on the-on the grave of my father.	Inform	00:03:44,557	00:03:50,463	superstore	Glenn
276	8	i swear on my birds.	Inform	00:03:52,465	00:03:53,967	superstore	Dina
277	6	oh... like, we could wear hats.	Advise	00:04:32,906	00:04:35,075	superstore	Cheyenne
277	8	okay, um... how 'bout we steal a boat?	Advise	00:04:39,880	00:04:43,083	superstore	Cheyenne
277	9	well, we don't sell boats, but i like that you're thinking bigger.	Praise	00:04:43,116	00:04:46,019	superstore	Garrett
279	0	it's all cryptocurrency now, ya dino.	Taunt	00:05:19,953	00:05:22,022	superstore	Dina
279	1	can someone please open a register?	Ask for help	00:05:22,055	00:05:23,590	superstore	superstore person1
279	2	i have kind of a shrimp emergency.	Ask for help	00:05:23,623	00:05:25,325	superstore	superstore person1
279	6	all right, let's all take a number.	Inform	00:05:32,632	00:05:35,368	superstore	Dina
279	7	we're gonna get to everyone.	Inform	00:05:35,402	00:05:37,604	superstore	Dina
280	1	kinda tired of telling people to mind their own business.	Complain	00:06:29,322	00:06:32,059	superstore	Amy
280	2	so, i know this may come as a surprise, but i actually got teased a lot in middle school.	Comfort	00:06:32,092	00:06:36,629	superstore	Jonah
280	6	wow. you're really the hero of that story.	Praise	00:06:59,219	00:07:02,455	superstore	Amy
280	7	uh-oh, hope i'm not interrupting anything.	Joke	00:07:04,224	00:07:07,727	superstore	Sandra
280	8	no, it's not.	Oppose	00:07:11,498	00:07:13,666	superstore	Amy
283	1	could you hit the lights on your way out?	Ask for help	00:10:36,969	00:10:38,505	superstore	Amy
283	3	watch out, cloud 9's about to get real hot up in here!	Joke	00:10:51,584	00:10:54,587	superstore	Amy
283	5	come on, you guys, you're being annoying now.	Complain	00:10:59,392	00:11:00,727	superstore	superstore person2
284	0	thank you all for coming on such short notice.	Thank	00:12:15,602	00:12:17,970	superstore	Glenn
284	3	uh, as you all know, from time to time, we have a guest speaker...	Inform	00:12:26,479	00:12:30,016	superstore	Glenn
284	5	so...i would like to introduce you to pastor craig.	Introduce	00:12:31,784	00:12:35,755	superstore	Glenn
284	10	stop it!	Prevent	00:13:05,452	00:13:08,788	superstore	superstore person3
284	14	and i don't care what you've done.	Inform	00:13:17,564	00:13:20,333	superstore	superstore person4
284	15	god hates the sin, but he loves the sinner.	Inform	00:13:20,367	00:13:26,038	superstore	superstore person4
284	27	all right, everybody blow it out.	Arrange	00:14:24,431	00:14:25,732	superstore	superstore person4
284	28	blow out the sin!	Inform	00:14:27,634	00:14:29,936	superstore	superstore person4
284	29	blow it on out. blow it on out.	Arrange	00:14:31,771	00:14:33,873	superstore	superstore person4
284	31	i think it just got a little lighter in here.	Inform	00:14:37,043	00:14:39,178	superstore	superstore person4
284	34	so, keep breathing, blow out those sins, and forgive yourself.	Arrange	00:14:42,782	00:14:48,455	superstore	superstore person4
284	35	yes, thank you. i need a tire gauge.	Thank	00:14:56,663	00:14:58,798	superstore	superstore person4
284	38	there was no fireable offense.	Inform	00:15:04,471	00:15:06,439	superstore	Glenn
284	39	actually, we christians believe that all people are sinners.	Inform	00:15:11,243	00:15:14,180	superstore	superstore person4
284	53	well, i'm sorry, i don't know you guys that well.	Apologise	00:16:07,800	00:16:09,101	superstore	superstore person4
284	59	all right, guys, enough is enough.	Prevent	00:16:32,592	00:16:34,193	superstore	Jonah
284	63	so...stop.	Prevent	00:17:08,761	00:17:12,432	superstore	Jonah
285	0	oh, hey, ame.	Greet	00:18:04,366	00:18:06,869	superstore	Sandra
285	2	yep. how are you doing with everything?	Care	00:18:16,896	00:18:19,231	superstore	Sandra
286	0	watching your world view get shattered has been the highlight of my year, and that includes meeting that balki guy.	Taunt	00:18:43,422	00:18:50,229	superstore	Dina
286	2	hey, guys, i'm taking off.	Leave	00:18:52,264	00:18:53,966	superstore	Garrett
286	6	no.	Oppose	00:19:19,058	00:19:20,426	superstore	Garrett
286	8	garrett... you little rule follower.	Praise	00:19:25,431	00:19:28,835	superstore	Glenn
286	9	i found a good one!	Praise	00:19:30,302	00:19:32,171	superstore	Glenn
286	10	his ability to delude himself is the only impressive thing about him.	Taunt	00:19:35,407	00:19:38,778	superstore	Dina
291	0	wow, he is so hot. is he a model?	Praise	00:05:43,451	00:05:46,541	superstore	Justine
291	1	he's a lawyer, but i think he used to be a skydiving instructor, and he does a lot of charity work.	Introduce	00:05:46,584	00:05:50,850	superstore	Dina
291	2	that's perfect.	Praise	00:05:50,893	00:05:52,503	superstore	Justine
291	4	thanks a lot, amy.	Thank	00:06:07,867	00:06:09,564	superstore	Justine
291	5	i'm so sorry, i didn't mean for that to happen.	Apologise	00:06:09,607	00:06:11,479	superstore	Amy
291	6	okay, justine, you're back in.	Arrange	00:06:11,522	00:06:13,089	superstore	Dina
295	1	attention, everyone.	Inform	00:11:45,508	00:11:46,944	superstore	Jeff
295	2	who here would like to come with me, and join the target family?	Inform	00:11:46,988	00:11:51,862	superstore	Jeff
295	3	no, no, no, you leave my people alone.	Prevent	00:11:51,906	00:11:54,691	superstore	Glenn
295	8	listen, target is a better store.	Inform	00:12:12,013	00:12:14,145	superstore	Jeff
295	10	why don't we all just go home, and think about it overnight?	Advise	00:12:26,767	00:12:29,944	superstore	Garrett
297	1	your improv skills are really impressive.	Praise	00:13:43,409	00:13:45,802	superstore	superstore person1
297	2	thank you.	Thank	00:13:45,846	00:13:47,935	superstore	Amy
297	4	you've got jokes. well, i am upset about how much movie tickets cost me these days, so maybe i could take advantage of his senior discount.	Joke	00:13:55,421	00:14:02,341	superstore	Amy
300	3	hey, sorry, you can't eat food on the display furniture.	Prevent	00:19:52,603	00:19:55,781	superstore	superstore person2
300	4	oh, hey, owen, it's okay. these are my cloud 9 friends.	Introduce	00:19:55,824	00:19:58,827	superstore	Cheyenne
302	0	yeah, and her shoes made a lot of noise.	Complain	00:01:53,308	00:01:55,223	superstore	Sandra
302	2	it's 2018.	Taunt	00:02:00,184	00:02:02,317	superstore	Amy
302	3	you're right.	Agree	00:02:02,360	00:02:03,666	superstore	Sandra
302	4	to be honest, i really liked her shoes.	Praise	00:02:03,710	00:02:05,363	superstore	Sandra
302	7	that's total crap.	Oppose	00:02:13,502	00:02:15,199	superstore	Myrtle
302	10	they danced in circles or side by side.	Introduce	00:02:20,727	00:02:23,555	superstore	Myrtle
302	13	name one picture where ginger rogers was better than rita hayworth.	Arrange	00:02:32,021	00:02:35,981	superstore	Myrtle
302	14	ginger rogers was nothing.	Leave	00:02:38,048	00:02:41,182	superstore	Myrtle
303	0	ugh, laurie's gonna be looking at our stats, and my checkout scores are terrible.	Complain	00:02:55,326	00:02:58,808	superstore	Nico
303	1	that scanner never works for me.	Complain	00:02:58,852	00:03:00,984	superstore	Nico
303	2	who cares if you're bad at one thing?	Comfort	00:03:04,314	00:03:06,360	superstore	Cheyenne
303	4	my upm score is a five.	Inform	00:03:09,806	00:03:12,374	superstore	Nico
303	5	even i got a 30.	Taunt	00:03:12,417	00:03:14,637	superstore	Garrett
303	6	well, you have better hand-eye coordination.	Praise	00:03:14,681	00:03:16,378	superstore	Nico
303	7	same diff. they're just ugly people floating in space.	Taunt	00:03:20,469	00:03:23,124	superstore	Nico
303	8	yeah, they're not floating in space.	Oppose	00:03:23,167	00:03:24,647	superstore	Garrett
304	1	uh, yeah, hi. amy.	Greet	00:03:31,698	00:03:32,916	superstore	Amy
304	3	okay, good to know. thank you.	Thank	00:03:43,710	00:03:45,276	superstore	superstore person1
304	4	yeah, anytime.	Leave	00:03:45,320	00:03:47,539	superstore	Amy
304	5	hey, um, can i just say, it's-it's really cool to have a woman district manager.	Praise	00:03:47,583	00:03:52,632	superstore	Amy
304	6	i'm kidding.	Joke	00:03:59,682	00:04:01,336	superstore	superstore person1
304	8	i would love some help with some of these personnel details.	Ask for help	00:04:09,779	00:04:13,478	superstore	superstore person1
304	9	oh, uh, yeah. okay, sure.	Agree	00:04:13,522	00:04:16,786	superstore	Amy
304	10	arby's has the meats, but amy's got the deets.	Joke	00:04:16,830	00:04:19,659	superstore	Amy
305	0	hey, i just wanted to make sure we're on the same page about keeping this whole situation from laurie.	Inform	00:04:23,227	00:04:29,016	superstore	Dina
305	3	no, everyone loves preggos.	Oppose	00:04:34,717	00:04:37,459	superstore	Glenn
305	6	not me. if i hear someone's pregnant, all i think about is bathroom breaks and doctors' appointments and hormones.	Oppose	00:04:41,171	00:04:46,655	superstore	Dina
305	12	move! you've gotta move.	Arrange	00:05:04,107	00:05:06,849	superstore	Glenn
306	1	justine is a hard worker.	Introduce	00:05:14,509	00:05:15,858	superstore	Amy
306	3	oh, myrtle, yeah. she's sweet.	Praise	00:05:23,866	00:05:26,564	superstore	Amy
306	8	oh, okay. phew.	Agree	00:05:51,198	00:05:53,026	superstore	Amy
307	1	yeah, that's exactly what happened.	Agree	00:06:15,918	00:06:17,311	superstore	Amy
307	4	i don't know what's inside of her mind.	Complain	00:06:19,966	00:06:22,533	superstore	Amy
307	9	so you led with,  myrtle's not good at her job?	Criticize	00:06:33,109	00:06:35,590	superstore	Jonah
309	0	i just can't make it work.	Complain	00:07:40,263	00:07:41,873	superstore	Nico
309	2	why don't you just go into glenn's computer and change your stats?	Advise	00:07:44,224	00:07:46,530	superstore	Nico
309	4	not really.	Oppose	00:07:56,018	00:07:57,280	superstore	Nico
309	5	i think garrett makes a good point.	Agree	00:08:00,675	00:08:02,198	superstore	Nico
309	7	well, i guess while you're in there, you can change your employee photo too.	Advise	00:08:03,547	00:08:06,246	superstore	Cheyenne
310	2	fine, i'll go get justine to help.	Ask for help	00:08:19,455	00:08:21,022	superstore	Dina
310	3	no, no!	Prevent	00:08:21,565	00:08:22,958	superstore	Sandra
310	7	why don't you just tell laurie you're fat?	Advise	00:08:34,796	00:08:36,189	superstore	Sandra
310	9	this is clearly a baby bump.	Introduce	00:08:37,929	00:08:39,540	superstore	Dina
311	3	hey, myrtle, you borrowed some scissors, and i need them back.	Ask for help	00:09:08,308	00:09:10,788	superstore	Garrett
311	5	this is myrtle's day!	Inform	00:09:12,486	00:09:14,009	superstore	Glenn
312	0	hey, laurie, um, can we talk to you?	Greet	00:09:17,230	00:09:19,971	superstore	Amy
312	1	hi, um, i'm jonah. simms.	Greet	00:09:21,147	00:09:23,801	superstore	Jonah
312	2	she is an invaluable asset to this store.	Inform	00:09:28,937	00:09:30,982	superstore	Amy
312	6	sure, yeah.	Agree	00:09:57,922	00:09:59,794	superstore	superstore person1
312	7	give it a try.	Leave	00:09:59,837	00:10:00,925	superstore	superstore person1
312	8	tinkerbell.	Joke	00:10:03,580	00:10:05,539	superstore	Jonah
313	1	those are words, yes.	Agree	00:10:24,911	00:10:26,303	superstore	Jonah
313	2	find the money!	Arrange	00:10:31,265	00:10:32,744	superstore	Amy
313	3	show mama the money.	Arrange	00:10:32,788	00:10:34,398	superstore	Amy
313	4	o-okay, all right, okay, i appreciate the energy, mama.	Thank	00:10:34,442	00:10:37,706	superstore	Jonah
313	6	yeah, okay, whatever you need.	Agree	00:10:39,186	00:10:41,318	superstore	Amy
313	7	yes, okay!	Agree	00:10:49,849	00:10:51,851	superstore	Amy
313	8	mama smells the bacon 'cause papa found the pork!	Joke	00:10:52,194	00:10:55,458	superstore	Amy
313	9	neither do i, but mama can't stop.	Joke	00:10:58,679	00:11:01,247	superstore	Amy
314	1	fine. can we just change the scores so we can get out of here?	Ask for help	00:11:10,865	00:11:14,477	superstore	Nico
314	5	you might as well change it to something impressive.	Advise	00:11:33,975	00:11:36,020	superstore	Garrett
314	6	you're right.	Agree	00:11:36,064	00:11:37,196	superstore	Nico
314	7	this is my tonya harding moment, and i've gotta claw my way to the top.	Flaunt	00:11:37,239	00:11:40,677	superstore	Nico
315	0	excuse me, young lady.	Greet	00:11:51,384	00:11:52,559	superstore	superstore person1
315	1	do you have any sugar?	Ask for help	00:11:52,602	00:11:54,125	superstore	superstore person1
315	4	isn't that channel 4 weatherman skipper sailes in our very store?	Introduce	00:12:02,830	00:12:08,314	superstore	Glenn
315	7	hey, it's cool.	Praise	00:12:16,452	00:12:17,975	superstore	superstore person1
315	9	really good at what he does.	Praise	00:12:19,107	00:12:21,065	superstore	Myrtle
316	0	hey, you're dina, right?	Greet	00:12:39,649	00:12:41,738	superstore	superstore person1
316	4	okay. uh, well, it says that shrink accounted for, like, 1.4% of total sales last month.	Inform	00:12:54,621	00:13:01,018	superstore	superstore person1
316	5	but at the same time, the regional average actually dropped.	Inform	00:13:01,062	00:13:04,283	superstore	superstore person1
316	7	just ask the question!	Arrange	00:13:11,202	00:13:12,769	superstore	Dina
316	8	so sorry. i, uh--hoo!	Apologise	00:13:12,813	00:13:14,641	superstore	Dina
316	9	just have to, uh, use the restroom.	Leave	00:13:14,684	00:13:16,643	superstore	Dina
316	10	so maybe we can discuss that later.	Advise	00:13:16,686	00:13:18,862	superstore	Dina
316	11	great.	Praise	00:13:21,343	00:13:22,736	superstore	Dina
318	1	and all good things must come to an end.	Comfort	00:15:03,663	00:15:07,231	superstore	Glenn
318	2	myrtle, i am trying to talk to you.	Inform	00:15:09,016	00:15:12,236	superstore	Glenn
318	3	oh, i'm sorry. i...	Apologise	00:15:12,280	00:15:15,892	superstore	Myrtle
319	0	mateo, i've just been going over everyone's upm numbers.	Inform	00:15:39,307	00:15:42,919	superstore	superstore person1
319	1	your score's very impressive.	Inform	00:15:42,963	00:15:44,443	superstore	superstore person1
319	3	but, uh, wow. thank you.	Thank	00:15:49,491	00:15:51,188	superstore	Nico
319	5	that's so stupid.	Joke	00:15:56,803	00:15:59,240	superstore	Cheyenne
319	7	hey, you know what would be a good idea?	Advise	00:16:05,616	00:16:07,140	superstore	Garrett
319	8	if mateo did a demonstration of his technique for the rest of us.	Advise	00:16:07,183	00:16:11,013	superstore	Garrett
319	9	okay, excellent. yes.	Praise	00:16:13,320	00:16:14,799	superstore	superstore person1
319	10	let's meet, register one, five minutes, okay?	Arrange	00:16:14,843	00:16:17,367	superstore	superstore person1
320	0	great.	Praise	00:17:11,399	00:17:13,401	superstore	Nico
320	2	hey, you look pretty warm to me.	Praise	00:17:22,105	00:17:23,846	superstore	Garrett
320	4	oh. ah, looks like it's broken.	Inform	00:17:38,295	00:17:41,516	superstore	Nico
320	7	thank you, cheyenne.	Thank	00:17:46,042	00:17:47,566	superstore	Nico
320	8	so now we begin.	Inform	00:17:48,654	00:17:52,440	superstore	Nico
320	10	oh, i got stung!	Complain	00:18:04,365	00:18:06,541	superstore	Nico
324	1	yeah, we've been on a couple dates.	Agree	00:02:03,710	00:02:05,755	superstore	Amy
324	5	oh, my god. so much effort.	Taunt	00:02:16,157	00:02:18,942	superstore	Cheyenne
324	6	i sent a nude fax once.	Inform	00:02:18,986	00:02:20,509	superstore	Dina
325	0	dina, hey. i made something for you.	Inform	00:02:33,783	00:02:37,091	superstore	superstore person4
325	1	just as, you know, a little thank-you for, you know, the gift that you're giving to glenn and me.	Thank	00:02:37,134	00:02:43,053	superstore	superstore person4
325	2	gosh, what intricate work.	Taunt	00:02:49,538	00:02:53,107	superstore	Dina
325	3	amazing. yeah.	Praise	00:02:54,935	00:02:57,285	superstore	Dina
326	2	hey, were you guys talking about jerry?	Care	00:03:59,434	00:04:01,392	superstore	Glenn
326	3	yeah, this weekend, we're taking the rails off the toilet.	Agree	00:04:00,936	00:04:03,895	superstore	Sandra
326	5	better get over there fast, you know, before she sells out.	Advise	00:04:11,903	00:04:15,298	superstore	Glenn
326	7	uh, yep. okay, let's go.	Leave	00:04:31,901	00:04:34,295	superstore	Sandra
327	0	i like the label. it's very, uh, artisanal.	Praise	00:04:39,256	00:04:43,304	superstore	Garrett
327	3	you're funny.	Praise	00:04:55,925	00:04:58,014	superstore	superstore person2
327	5	no. i guess if you're not used to drinking craft beer, it might take a little time for your palate to adjust.	Oppose	00:05:03,846	00:05:10,200	superstore	superstore person2
329	1	yeah. god, i am so proud of her.	Praise	00:05:29,829	00:05:33,484	superstore	Glenn
329	2	but not jerusha.	Oppose	00:05:37,445	00:05:39,577	superstore	Glenn
329	4	i'm not pressuring anyone.	Oppose	00:05:45,540	00:05:47,455	superstore	Glenn
329	6	i think what i'm saying is, just be careful how you use your power.	Advise	00:06:05,690	00:06:10,086	superstore	Jonah
329	7	maybe you should be careful how you use your power...	Advise	00:06:10,130	00:06:14,699	superstore	Glenn
332	2	i felt pressured to buy cookies from your foster kids.	Complain	00:08:40,454	00:08:42,673	superstore	Justine
332	3	you take a picture of yourself with a newspaper not from tucson.	Advise	00:08:49,854	00:08:53,554	superstore	Glenn
332	4	you made me take care of the tropical fish that you raised even though i can't afford the tank maintenance.	Complain	00:08:53,597	00:08:59,690	superstore	Kelly
332	5	i had to take out a loan.	Complain	00:08:59,734	00:09:01,301	superstore	Kelly
332	6	my sister was in labor, and you needed me to change your screensaver to flying toasters.	Complain	00:09:01,344	00:09:06,741	superstore	Sandra
332	7	she gave birth in her tub.	Complain	00:09:06,784	00:09:09,439	superstore	Sandra
332	9	okay, i--i am sorry, then.	Apologise	00:09:11,311	00:09:13,443	superstore	Glenn
332	10	i'll never pressure you again.	Inform	00:09:13,487	00:09:15,097	superstore	Glenn
332	11	my vertigo was going crazy at the time.	Complain	00:09:21,190	00:09:23,105	superstore	Justine
332	12	i had to sit down in the shower.	Complain	00:09:23,149	00:09:25,151	superstore	Justine
333	1	i can do scarves with birds on them.	Introduce	00:09:29,633	00:09:32,506	superstore	superstore person1
333	2	what about a scarf with a squirrel on it?	Ask for help	00:09:32,549	00:09:35,204	superstore	superstore person2
333	3	no.	Oppose	00:09:35,248	00:09:36,510	superstore	superstore person1
337	1	um, yeah. some.	Agree	00:12:51,927	00:12:54,190	superstore	Amy
337	2	and it was a mess.	Complain	00:13:02,368	00:13:03,978	superstore	Amy
337	3	the only spanish words i know are m(registered trademark) tequila.	Inform	00:13:04,021	00:13:06,676	superstore	Justine
337	4	know what i mean? ay, ay, ay!	Joke	00:13:06,720	00:13:09,026	superstore	Justine
337	6	no, just some guy that i've gone on a couple dates with.	Oppose	00:13:20,473	00:13:23,345	superstore	Amy
337	7	alex, the beverage guy.	Introduce	00:13:23,389	00:13:25,129	superstore	Nico
337	8	oh, the beverage guy. cool.	Praise	00:13:25,173	00:13:27,784	superstore	Jonah
338	2	i had a friend try one of your samples, and--this is crazy-totally independently, also said it tastes like bud light.	Introduce	00:13:52,200	00:14:00,382	superstore	Garrett
338	4	and i'd appreciate that respect if that's what i were doing.	Thank	00:14:08,259	00:14:10,697	superstore	superstore person1
338	5	life is a highway.	Joke	00:14:12,568	00:14:15,658	superstore	Garrett
338	6	i got to get back to work.	Leave	00:14:17,225	00:14:19,009	superstore	Garrett
339	0	excuse me. how much can i buy for $200?	Ask for help	00:14:33,459	00:14:36,418	superstore	superstore person1
339	2	damn it, random man!	Complain	00:14:40,117	00:14:42,859	superstore	Glenn
339	3	who asked you to get involved?	Criticize	00:14:54,393	00:14:56,177	superstore	superstore person1
341	1	hang in there.	Comfort	00:17:09,702	00:17:11,704	superstore	Jonah
341	6	yes, i will--i will do this.	Agree	00:17:39,253	00:17:42,430	superstore	Jonah
344	0	hey. i'm taking off.	Greet	00:19:58,653	00:20:01,221	superstore	superstore person1
344	2	uh, yeah.	Agree	00:20:02,570	00:20:04,833	superstore	Amy
344	4	my parents never made me speak it in the house, and i really don't feel like i should be made to feel guilty about that, okay?	Complain	00:20:33,644	00:20:38,780	superstore	Amy
344	6	oh. oh, cool.	Praise	00:20:42,305	00:20:45,178	superstore	Amy
347	1	those are like, the random ones that no one picks, so that's kind of a good plan.	Praise	00:02:15,972	00:02:19,758	superstore	Nico
347	3	you'd be my friend from my poor life who keeps me grounded.	Praise	00:02:26,080	00:02:28,778	superstore	Nico
348	6	okay, seriously, stop.	Prevent	00:03:25,008	00:03:27,402	superstore	Kelly
348	7	i can't take this much romance.	Taunt	00:03:27,445	00:03:29,447	superstore	Kelly
349	5	how do these toilet stools work?	Ask for help	00:04:15,972	00:04:18,018	superstore	superstore person2
350	0	well, that's annoying.	Complain	00:04:24,720	00:04:27,854	superstore	Dina
350	2	sorry.	Apologise	00:04:31,335	00:04:32,902	superstore	Sandra
350	3	check out this text from colleen at the bel-ridge store.	Introduce	00:04:32,946	00:04:35,426	superstore	Dina
350	4	wonder who's gonna sell the most tickets.  she's so competitive, with her smug cancer survivor smirk.	Taunt	00:04:36,906	00:04:42,912	superstore	Dina
350	7	don't say  uh-huh.  you don't even know the rest of it.	Prevent	00:04:56,056	00:04:59,059	superstore	Dina
351	2	i want a raise!	Inform	00:05:06,718	00:05:08,111	superstore	Amy
351	3	i'm sorry, that was bad timing.	Apologise	00:05:09,896	00:05:11,462	superstore	Amy
351	4	it was surprisingly a very rich topic.	Praise	00:05:15,118	00:05:17,207	superstore	Amy
351	9	i'm sorry, i shouldn't have brought that up.	Apologise	00:05:35,530	00:05:38,011	superstore	Amy
351	10	aw, amy. come here.	Comfort	00:05:38,054	00:05:40,622	superstore	Glenn
352	0	some of my cousins might try to kill me for the money, but with installments, they'll need me alive.	Joke	00:06:05,260	00:06:09,351	superstore	Nico
352	1	okay, but if we get the money now, we could buy something really baller.	Advise	00:06:09,394	00:06:13,742	superstore	Cheyenne
352	2	like, maybe a robot that plays music and is also your dentist and stuff.	Advise	00:06:13,785	00:06:18,703	superstore	Cheyenne
352	3	or a yacht, but the captain is an ape wearing a sailor hat.	Advise	00:06:18,747	00:06:22,490	superstore	Cheyenne
353	3	you should do it now while you still got your business suit on.	Advise	00:07:05,881	00:07:08,449	superstore	Jonah
353	6	my mouth is watering. i can't be around these.	Leave	00:07:13,106	00:07:17,240	superstore	Amy
356	0	um, yeah, could you just let her know that--	Ask for help	00:08:33,142	00:08:35,797	superstore	Amy
356	2	listen, skye. i think you're lying to me.	Criticize	00:08:53,336	00:08:57,471	superstore	Jonah
356	3	you know what, i'm sorry.	Apologise	00:09:08,743	00:09:10,092	superstore	Jonah
356	4	take it away, amy.	Arrange	00:09:12,007	00:09:14,227	superstore	Jonah
356	5	um, you're doing great.	Praise	00:09:17,404	00:09:19,014	superstore	Amy
356	6	listen, could you just tell her that i called?	Ask for help	00:09:20,711	00:09:22,626	superstore	Amy
357	1	no matter how much you make, it never seems like enough.	Inform	00:09:35,813	00:09:38,903	superstore	Glenn
357	2	but with a little planning, you'll see that a budget is like a raise you give yourself.	Inform	00:09:38,947	00:09:43,691	superstore	Glenn
357	3	let's look at a typical budget for a cloud 9 employee.	Inform	00:09:51,481	00:09:55,355	superstore	Glenn
357	4	we'll call her penny wise.	Inform	00:09:55,398	00:09:58,053	superstore	Glenn
357	5	oh, because she's a killer clown that lives in the sewer?	Joke	00:09:58,097	00:10:00,316	superstore	Garrett
357	11	well, there's $100 under  other.  that's probably for food.	Inform	00:10:13,547	00:10:17,986	superstore	Glenn
357	15	i eat two-week-old unrefrigerated lobster.	Complain	00:10:35,090	00:10:37,527	superstore	Marcus
357	16	i'm going to get sick.	Complain	00:10:37,571	00:10:39,225	superstore	Marcus
360	3	you could just happen to run into her and then bring up the raise.	Advise	00:12:32,381	00:12:35,819	superstore	Jonah
360	7	okay, fine. but you're coming with me.	Arrange	00:12:52,662	00:12:55,230	superstore	Amy
361	0	hey, you're scaring off customers.	Criticize	00:13:15,946	00:13:17,731	superstore	Dina
361	2	hey, sandra, how much does the employee who sells a winning lotto ticket get?	Ask for help	00:13:24,085	00:13:28,394	superstore	Dina
361	5	i didn't ask you to do anything.	Leave	00:13:38,317	00:13:40,319	superstore	Dina
362	0	we should have a saltwater pool on the yacht.	Advise	00:13:51,155	00:13:53,593	superstore	Nico
362	1	and we should hire someone to bury treasure for us, and then we get to find it.	Advise	00:13:57,814	00:14:02,776	superstore	Cheyenne
363	0	no, that doesn't look anything like her, either.	Oppose	00:14:33,328	00:14:35,330	superstore	Jonah
363	1	no.	Oppose	00:14:37,550	00:14:38,986	superstore	Amy
363	3	just keep your eyes peeled. tell me if you see her.	Arrange	00:14:40,140	00:14:42,142	superstore	Amy
363	5	shut up. i'm not used to these things.	Prevent	00:14:47,429	00:14:49,344	superstore	Amy
363	7	and i was a pretty decent skier.	Flaunt	00:15:02,618	00:15:05,055	superstore	Jonah
365	0	myrtle, what are you doing here?	Care	00:15:36,435	00:15:39,481	superstore	Glenn
365	4	um, why don't you give me these and i'll give you the cash?	Advise	00:16:00,023	00:16:03,026	superstore	Glenn
367	0	suck it, colleen, you pink ribbon wearing bitch.	Criticize	00:18:25,691	00:18:27,997	superstore	Dina
367	3	no, sandra. you're not a part of this.	Oppose	00:18:39,008	00:18:41,097	superstore	Sandra
367	6	enjoy your 5 1/2 million, loser.	Taunt	00:19:02,075	00:19:04,338	superstore	Nico
368	2	if you want to move up the corporate ladder, you're going to need to learn how to play golf.	Advise	00:19:42,028	00:19:45,988	superstore	Jonah
368	3	just think of yourself as, like, you're a pendulum.	Advise	00:19:55,694	00:19:57,913	superstore	Jonah
368	5	yeah, but not so loose, and let's please be careful.	Advise	00:19:59,785	00:20:02,483	superstore	Jonah
370	0	the doctor says it's normal for the head to be so much bigger than the rest of the body.	Inform	00:00:31,226	00:00:35,491	superstore	superstore person1
370	1	well, the doctor wrote it down and put it in this envelope, so here goes nothing.	Inform	00:00:41,715	00:00:48,112	superstore	Glenn
370	3	you guys should do something special.	Advise	00:00:51,376	00:00:53,161	superstore	Kelly
370	5	or we could all get paintball guns, and shoot each other, and the paint could either be blue or pink.	Advise	00:01:04,259	00:01:09,264	superstore	Cheyenne
371	2	i'm don sosa, and have i got a car for you.	Joke	00:01:41,165	00:01:44,560	superstore	Jonah
371	5	i am not a crook.	Joke	00:02:21,641	00:02:23,773	superstore	Marcus
372	0	uh, little advice. get the c-section.	Advise	00:02:42,618	00:02:45,795	superstore	superstore person1
372	4	nope. nope. absolutely not.	Leave	00:03:08,122	00:03:11,778	superstore	Dina
374	0	what are you doing here?	Care	00:03:37,804	00:03:39,109	superstore	Nico
374	1	oh, i'm on a break from target.	Inform	00:03:39,153	00:03:40,720	superstore	Jeff
374	4	well, uh, thank you for visiting.	Thank	00:03:45,333	00:03:47,422	superstore	Nico
374	7	everything okay with you guys?	Care	00:04:05,005	00:04:06,571	superstore	Jonah
379	2	it's a nice store.	Praise	00:07:00,223	00:07:01,659	superstore	Jonah
381	0	i need to know the gender of their baby.	Ask for help	00:07:52,972	00:07:55,626	superstore	Garrett
381	2	hello, it's me, glenn sturgis.	Greet	00:08:00,718	00:08:03,373	superstore	Garrett
381	5	you have no idea how spot on i was.	Criticize	00:08:11,512	00:08:14,558	superstore	Garrett
382	0	i did not think this through.	Complain	00:08:14,602	00:08:15,951	superstore	Dina
382	1	and now, i have a horrible parasite just eating and pissing inside me.	Complain	00:08:15,995	00:08:19,650	superstore	Dina
382	4	look, dina, it's just for a few more months.	Comfort	00:08:27,136	00:08:29,617	superstore	Amy
382	5	yeah, and then i get to endure the most gruesome pain imaginable.	Complain	00:08:29,660	00:08:32,968	superstore	Dina
382	6	the phrase  cut from hole to hole  was said to me.	Complain	00:08:33,012	00:08:36,189	superstore	Dina
382	7	you know, it really didn't hurt that much.	Comfort	00:08:36,232	00:08:38,408	superstore	Amy
383	0	hey, guys. hey, jeff.	Greet	00:08:59,038	00:09:01,562	superstore	Jonah
383	2	and besides, you just need to get back out there, you know?	Comfort	00:09:07,046	00:09:10,005	superstore	Jonah
383	3	get back on the horse. giddy-up!	Comfort	00:09:10,049	00:09:12,573	superstore	Jonah
383	4	is that so wrong? to just once ask what makes jeffrey happy?	Complain	00:09:27,849	00:09:32,810	superstore	Jeff
383	5	you shouldn't rush into anything.	Comfort	00:09:36,162	00:09:37,598	superstore	Nico
383	6	you should... follow your bliss.	Advise	00:09:37,641	00:09:40,905	superstore	Nico
383	7	yeah, defin--definitely. you'll find another job.	Comfort	00:09:40,949	00:09:43,125	superstore	Jonah
383	8	you just--you need to figure out you first.	Advise	00:09:43,169	00:09:46,085	superstore	Jonah
384	0	hey, check out how light these are.	Flaunt	00:12:47,091	00:12:48,789	superstore	Jeff
384	1	carbon fiber--sorry, they're probably a little sweaty.	Apologise	00:12:48,832	00:12:51,270	superstore	Jeff
384	5	who the hell are you to talk to him that way?	Criticize	00:13:33,050	00:13:35,618	superstore	Nico
384	6	he is more man than you'll ever be.	Taunt	00:13:35,662	00:13:37,185	superstore	Nico
384	7	if we're talking about truth bombs, well, take shelter, 'cause i'm about to make it rain.	Taunt	00:13:37,228	00:13:42,146	superstore	Nico
385	0	with her fortune teller sleeves and her dallas eye shadow?	Taunt	00:14:33,546	00:14:36,157	superstore	Nico
385	7	jonah, stop, seriously. just look at him.	Prevent	00:14:55,132	00:14:57,918	superstore	Nico
385	8	just we'll be all right.	Comfort	00:15:00,790	00:15:03,880	superstore	Nico
385	10	how do you not get how this works?	Criticize	00:15:13,499	00:15:14,935	superstore	Nico
385	11	he was finally gonna get a job.	Criticize	00:15:14,978	00:15:16,502	superstore	Nico
385	12	i'm sorry, it's confusing. you're a very good actor.	Apologise	00:15:16,545	00:15:19,505	superstore	Jonah
388	1	cool.	Praise	00:16:49,856	00:16:50,944	superstore	Cheyenne
388	5	attention, ladies and germs.	Inform	00:17:04,653	00:17:07,787	superstore	Glenn
388	6	sorry, i've always wanted to say that.	Apologise	00:17:07,830	00:17:09,745	superstore	Glenn
391	1	he's--he's good.	Praise	00:00:21,377	00:00:22,683	superstore	Amy
391	7	no. forget it.	Leave	00:00:58,414	00:01:00,242	superstore	Jonah
391	8	nope.	Leave	00:01:06,161	00:01:07,510	superstore	Jonah
392	0	also, it is mother's day this weekend, and corporate says mothers are in this year.	Inform	00:01:27,182	00:01:33,188	superstore	Glenn
392	2	well, that's it for the prepared announcements.	Inform	00:01:35,364	00:01:37,975	superstore	Glenn
392	3	now i'll open it up to the room, in case anyone has something they'd like to say.	Inform	00:01:38,019	00:01:42,850	superstore	Glenn
392	4	maybe about mother's day?	Advise	00:01:44,765	00:01:46,810	superstore	Glenn
392	5	amy has the floor.	Arrange	00:01:52,076	00:01:53,991	superstore	Glenn
392	7	hey guys, i'm pregnant.	Inform	00:01:57,734	00:01:59,431	superstore	Amy
392	11	don't worry. i couldn't tell.	Comfort	00:02:18,986	00:02:20,683	superstore	Cheyenne
392	14	the baby is adam's. i was the first to know because i am her best friend, and, justine, no one went to your bar crawl because you are unpleasant to be around.	Inform	00:02:44,402	00:02:51,496	superstore	Dina
392	15	unpleasant in bed.	Taunt	00:02:51,540	00:02:52,976	superstore	Justine
394	0	this is urgent! attention, employees.	Inform	00:04:49,919	00:04:51,399	superstore	Dina
394	1	we need you to assemble in the front of the store for a group photo in ten minutes.	Arrange	00:04:51,442	00:04:54,924	superstore	Dina
394	2	and look sharp!	Inform	00:04:54,968	00:04:56,752	superstore	Glenn
394	3	we--no! we have a chance to have ceo, neil penderson, in our store!	Inform	00:04:56,796	00:05:01,670	superstore	Glenn
394	4	neil! penderson!	Inform	00:05:03,498	00:05:06,153	superstore	Dina
394	5	as i was saying, there's a missing child.	Inform	00:05:07,241	00:05:09,286	superstore	Garrett
394	6	his name is caden. he has brown hair, is eight years old, and is wearing overalls.	Inform	00:05:09,330	00:05:13,421	superstore	Garrett
394	7	so, uh, i guess those two things.	Inform	00:05:13,464	00:05:15,858	superstore	Garrett
394	8	group photo. missing kid.	Inform	00:05:15,902	00:05:17,947	superstore	Garrett
395	0	mad props on not getting scooped out.	Joke	00:05:23,474	00:05:25,172	superstore	Bo
395	1	we brought you some of harmonica's old baby stuff we were gonna give to goodwill.	Introduce	00:05:28,415	00:05:31,809	superstore	Cheyenne
395	3	oh, okay. thank you.	Thank	00:05:36,226	00:05:38,489	superstore	Amy
395	5	oh, there's some good stuff in here.	Introduce	00:05:40,187	00:05:42,276	superstore	Cheyenne
395	6	oh, that baby. that's a good baby.	Introduce	00:05:42,319	00:05:44,365	superstore	Bo
395	7	oh, it's clean.	Introduce	00:05:44,408	00:05:45,496	superstore	Cheyenne
395	9	it's like a pretty funny slam on him.	Joke	00:05:52,590	00:05:54,505	superstore	Bo
396	0	maybe next year.	Leave	00:06:17,006	00:06:18,442	superstore	Glenn
396	1	okay, it's just that i was the one who took it last year and the year before that.	Complain	00:06:18,486	00:06:21,968	superstore	Sandra
396	3	come up to the front. amanda, way back.	Arrange	00:06:31,939	00:06:34,071	superstore	Dina
396	4	jonah, you're gonna show off your tight little bod right here.	Arrange	00:06:35,595	00:06:38,249	superstore	Dina
396	6	half-pint, right there.	Arrange	00:06:40,382	00:06:41,601	superstore	Dina
396	8	it hurts a little, but i can show all of my teeth.	Flaunt	00:06:43,951	00:06:46,475	superstore	Kelly
396	10	okay, everyone put your arms around each other.	Arrange	00:06:56,833	00:06:58,792	superstore	Glenn
396	11	jonah, both arms. pregnancy's not contagious.	Arrange	00:07:00,702	00:07:04,010	superstore	Glenn
396	13	there's a spot open in the middle.	Inform	00:07:11,495	00:07:13,715	superstore	Sandra
396	14	i guess that works too.	Agree	00:07:21,070	00:07:22,680	superstore	Sandra
397	0	it's just fine. that's a good way of putting it.	Praise	00:07:35,258	00:07:37,913	superstore	Glenn
397	1	that's not what i meant.	Oppose	00:07:37,957	00:07:39,741	superstore	Glenn
397	3	right! like on  cnn heroes,  you get a sense of the struggle.	Agree	00:07:43,919	00:07:48,924	superstore	Glenn
397	4	you know, i agree with garrett.	Agree	00:07:54,538	00:07:55,626	superstore	Dina
397	5	we should be doing a tv show.	Advise	00:07:55,670	00:07:56,976	superstore	Dina
397	7	ken burns. let's do this!	Arrange	00:08:07,508	00:08:10,250	superstore	Glenn
398	1	no, i didn't. you found it.	Oppose	00:08:23,002	00:08:25,265	superstore	Amy
398	2	why don't you just keep it.	Advise	00:08:25,308	00:08:27,484	superstore	Nico
398	3	mateo, thank you. that's very kind of you.	Thank	00:08:27,528	00:08:30,400	superstore	Amy
400	0	and the guy who made my burrito was like really creepy, but kind of in a hot way.	Complain	00:09:27,327	00:09:32,071	superstore	Cheyenne
400	3	yeah, totally.	Agree	00:09:45,084	00:09:46,302	superstore	Cheyenne
400	7	okay? if you thought you were gonna die, maybe act like it.	Advise	00:09:55,485	00:09:59,272	superstore	Dina
400	8	oh, okay, yeah, i can act like that, okay.	Agree	00:09:59,315	00:10:02,666	superstore	Cheyenne
402	2	well, maybe less emotion.	Advise	00:13:53,114	00:13:54,724	superstore	Glenn
402	3	all right, got it. no problem.	Agree	00:13:54,768	00:13:57,771	superstore	Nico
402	4	moving on.	Arrange	00:14:09,043	00:14:10,261	superstore	Dina
402	10	sorry.	Apologise	00:14:49,388	00:14:51,433	superstore	Nico
403	0	mm, sorry i can't talk right now.	Apologise	00:15:03,750	00:15:05,316	superstore	Jonah
403	1	mm, blankets don't have hands.	Joke	00:15:12,454	00:15:14,456	superstore	Jonah
403	2	stop.	Prevent	00:15:14,500	00:15:16,632	superstore	Kelly
403	3	yeah. well, i mean, yeah.	Agree	00:15:24,510	00:15:28,688	superstore	Kelly
403	4	okay, um, how about a mother's day brunch?	Advise	00:15:28,731	00:15:31,168	superstore	Kelly
403	6	i'm supposed to meet my mom later that day, but i can blow it off, so it's totally fine.	Leave	00:15:39,002	00:15:43,354	superstore	Jonah
405	1	i've had that conversation multiple times.	Flaunt	00:16:15,909	00:16:18,302	superstore	Marcus
405	2	well, now that you're single again, you and i should start hanging out more.	Advise	00:16:18,346	00:16:21,480	superstore	Justine
405	4	well, no. not really.	Oppose	00:16:31,315	00:16:32,926	superstore	Amy
405	11	he can't support me.	Oppose	00:16:48,768	00:16:50,030	superstore	Amy
405	12	he works part time at a petsmart.	Introduce	00:16:50,073	00:16:51,727	superstore	Amy
405	13	okay, i don't really want to talk about this anymore.	Prevent	00:17:06,089	00:17:07,743	superstore	Amy
405	14	so, uh, let's find something else to talk about.	Advise	00:17:07,787	00:17:10,441	superstore	Amy
405	15	just one more thing.	Inform	00:17:10,485	00:17:12,313	superstore	Marcus
405	17	i thought a lot about this, and you being pregnant is not a deal breaker for me.	Inform	00:17:13,793	00:17:18,014	superstore	Marcus
405	18	i may not be that baby's father, but i'm willing to step up and be its dad.	Inform	00:17:18,058	00:17:23,367	superstore	Marcus
405	19	thank you, marcus. i'll let you know.	Thank	00:17:24,673	00:17:27,284	superstore	Amy
407	1	yeah, totally.	Agree	00:20:22,024	00:20:24,113	superstore	Cheyenne
407	2	that was so good.	Praise	00:20:31,860	00:20:33,122	superstore	Justine
407	3	that could seriously be on youtube.	Praise	00:20:33,166	00:20:34,950	superstore	Justine
407	4	guys, i would watch a show about us.	Inform	00:20:34,994	00:20:36,735	superstore	Nico
407	6	after watching it, i got to say, a lot of the key choices were mine, so.	Flaunt	00:20:40,956	00:20:45,526	superstore	Garrett
408	0	i've got three rules.	Inform	00:00:01,147	00:00:02,453	superstore	Garrett
408	1	can i move back in with you?	Ask for help	00:00:11,446	00:00:14,318	superstore	Jonah
409	0	so, neil penderson, that's our ceo, will speak first, followed by glenn, and then neil will take a few more questions.	Inform	00:00:21,993	00:00:29,696	superstore	superstore person1
409	1	let's try and remember this event is going to be live-streamed, so let's try to avoid anything controversial, okay?	Inform	00:00:29,740	00:00:36,442	superstore	superstore person1
409	7	that's fun.	Praise	00:01:06,553	00:01:08,119	superstore	Glenn
409	9	i bet it's something like blowing up a cow with a bazooka, or hunting a person.	Joke	00:01:11,227	00:01:17,054	superstore	Cheyenne
409	11	uh, why can't we talk about myrtle?	Advise	00:01:23,713	00:01:25,628	superstore	Amy
409	15	7.594 billion people.	Inform	00:01:37,292	00:01:40,904	superstore	Glenn
410	0	oh. hi.	Greet	00:01:51,436	00:01:54,918	superstore	Amy
410	1	hi.	Greet	00:01:54,962	00:01:57,312	superstore	Jonah
410	2	what are you doing in here?	Care	00:01:57,355	00:01:58,661	superstore	Amy
410	4	what are you doing?	Care	00:02:07,496	00:02:08,453	superstore	Jonah
411	1	it's medicine. you can't have too many.	Oppose	00:02:41,748	00:02:44,576	superstore	Glenn
411	2	china, france, india, mexico.	Introduce	00:02:49,538	00:02:52,889	superstore	Glenn
411	3	that's most of the small world ride.	Introduce	00:02:52,933	00:02:55,239	superstore	Glenn
411	4	yeah, i guess that's true.	Agree	00:03:00,375	00:03:02,333	superstore	Glenn
411	7	you're not helping.	Criticize	00:03:15,564	00:03:18,045	superstore	Glenn
412	4	it's not glenn.	Oppose	00:03:38,842	00:03:40,713	superstore	Jonah
412	11	i'm not in charge of who you talk to.	Leave	00:03:53,017	00:03:55,062	superstore	Amy
413	0	you deserve so much better.	Comfort	00:03:57,543	00:03:59,980	superstore	Carol
413	1	thanks. i appreciate that.	Thank	00:04:00,024	00:04:02,679	superstore	Kelly
413	2	so what are we going to do to him?	Care	00:04:02,722	00:04:05,769	superstore	Carol
413	3	revenge porn on the internet?	Advise	00:04:05,812	00:04:07,988	superstore	Carol
413	4	give his credit card info to a bum?	Advise	00:04:08,032	00:04:11,992	superstore	Carol
413	8	i'm just going to go...	Leave	00:04:33,405	00:04:34,798	superstore	Carol
413	10	i've got nothing to lose anymore.	Complain	00:04:36,713	00:04:39,846	superstore	Kelly
414	0	thank you for meeting with us.	Thank	00:04:45,460	00:04:46,679	superstore	Amy
414	1	cool. that's cool.	Praise	00:04:57,864	00:04:59,649	superstore	Amy
414	2	i'm sorry, okay, so, um...	Apologise	00:05:01,433	00:05:04,131	superstore	Jeff
414	9	oh, sorry, wrong car.	Apologise	00:05:50,850	00:05:53,287	superstore	superstore person4
415	3	dude, todd's like 40.	Inform	00:06:10,178	00:06:11,353	superstore	Garrett
415	5	oh, she is so beautiful.	Praise	00:06:14,669	00:06:15,975	superstore	Nico
415	6	it just means we all have to work together.	Inform	00:06:20,575	00:06:24,187	superstore	Amy
415	10	i stand by what i said.	Inform	00:06:49,343	00:06:50,779	superstore	Dina
415	12	bam, there's our proof.	Inform	00:07:01,838	00:07:03,231	superstore	Amy
415	16	mm, solid plan.	Taunt	00:07:22,380	00:07:23,686	superstore	Garrett
415	18	i mean, she kind of sucked.	Complain	00:07:31,596	00:07:33,424	superstore	Marcus
416	1	maybe you could do it and i could talk to the guard?	Advise	00:08:00,016	00:08:03,062	superstore	Sandra
416	2	you have zero charisma.	Criticize	00:08:03,106	00:08:04,455	superstore	Dina
416	4	there's your air holes, princess.	Taunt	00:08:13,594	00:08:15,335	superstore	Dina
416	5	thank you.	Thank	00:08:15,379	00:08:17,555	superstore	Sandra
422	0	ooh, we should disguise jeff as lana del rey.	Advise	00:10:03,704	00:10:06,533	superstore	Nico
422	2	oh, i know, we could give him a wig.	Advise	00:10:19,770	00:10:21,946	superstore	Cheyenne
422	3	yes! chey, you are such a genius.	Praise	00:10:21,990	00:10:24,732	superstore	Nico
422	4	oh, stop it, you are the genius.	Praise	00:10:24,775	00:10:27,300	superstore	Cheyenne
424	0	thanks.	Thank	00:11:07,283	00:11:08,676	superstore	superstore person1
424	1	hey, so this is glenn, the general manager.	Introduce	00:11:08,319	00:11:10,626	superstore	superstore person1
424	2	glenn, i've heard a lot about you.	Greet	00:11:11,170	00:11:12,954	superstore	superstore person2
424	6	we're good. thank you.	Thank	00:11:36,195	00:11:39,154	superstore	superstore person2
425	0	not to be critical, cheyenne, but i feel stupid.	Complain	00:11:41,939	00:11:45,204	superstore	superstore person1
425	1	i think you look like a hot, skinny hagrid.	Praise	00:11:45,247	00:11:47,336	superstore	Nico
425	4	get me some eye of newt, harry!	Joke	00:11:52,820	00:11:55,388	superstore	superstore person1
425	5	hey, okay, they haven't found the e-mail yet.	Inform	00:11:56,998	00:11:58,782	superstore	Dina
425	6	you're going to be fine.	Comfort	00:12:01,959	00:12:03,047	superstore	Dina
425	7	you look incredibly stupid.	Taunt	00:12:03,091	00:12:06,268	superstore	Dina
425	8	thank you.	Thank	00:12:06,312	00:12:08,227	superstore	superstore person1
426	0	and the man leading that rebuilding is a man who represents the best of cloud 9, glenn sturgis!	Inform	00:12:17,888	00:12:24,634	superstore	superstore person1
426	2	thank you, neil.	Thank	00:12:31,119	00:12:33,643	superstore	Glenn
426	3	you know, i love this store.	Inform	00:12:33,687	00:12:36,994	superstore	Glenn
426	4	cloud 9 is more than just-i'm sure it's hard to find the words.	Inform	00:12:37,038	00:12:56,840	superstore	Glenn
426	5	i know. no, it's fine.	Comfort	00:13:00,714	00:13:03,194	superstore	superstore person1
426	7	i'm--i'm sorry, neil, go on.	Apologise	00:13:09,200	00:13:10,767	superstore	Glenn
426	12	for someone who's so innocent, you sure seem to have a lot of information.	Taunt	00:13:25,347	00:13:29,046	superstore	Glenn
426	13	thank you, glenn.	Thank	00:13:35,226	00:13:36,924	superstore	superstore person1
430	0	what a weasel!	Criticize	00:18:41,332	00:18:43,334	superstore	Amy
430	3	just a whole company of weasels.	Criticize	00:18:47,948	00:18:50,037	superstore	Amy
430	8	that i was stupid enough to think something might actually work out in this store.	Complain	00:18:59,176	00:19:02,963	superstore	Amy
430	9	i always kind of feel like things are going to work out.	Comfort	00:19:03,006	00:19:06,923	superstore	Jonah
431	0	hey! there's my team.	Greet	00:19:10,536	00:19:13,321	superstore	Jeff
431	1	oh, nice suit.	Praise	00:19:13,364	00:19:14,540	superstore	Nico
431	5	exactly. probably.	Agree	00:19:34,081	00:19:35,778	superstore	Jeff
431	6	guys, we're playing the long game here.	Inform	00:19:37,911	00:19:40,348	superstore	Jeff
431	8	i hope he enjoys his job with ceo neil farterson.	Taunt	00:19:52,229	00:19:56,669	superstore	Glenn
434	0	all right, it's been an exciting 17 days of our olympic promotion.	Inform	00:02:08,061	00:02:13,201	superstore	Glenn
434	1	a couple of hiccups there at the beginning, what with the inferno.	Inform	00:02:13,201	00:02:17,104	superstore	Glenn
434	2	anyway, uh, we're not gonna have any accidents today during my closing ceremony.	Inform	00:02:17,104	00:02:22,710	superstore	Glenn
434	3	oh, no. absolutely not. not happening.	Oppose	00:02:22,710	00:02:25,213	superstore	Dina
434	4	no, your ceremony was not only reckless, it was lame, and that's worse.	Criticize	00:02:25,213	00:02:28,482	superstore	Dina
434	5	i wish someone would close you so hard.	Criticize	00:02:36,390	00:02:38,326	superstore	Glenn
434	6	yeah, uh, sorry, other stuff.	Apologise	00:02:42,563	00:02:44,032	superstore	Glenn
434	7	okay. organic apples are on sale today.	Inform	00:02:44,032	00:02:47,735	superstore	Glenn
434	10	mateo, what's that on your vest?	Care	00:03:07,155	00:03:08,822	superstore	Glenn
434	11	oh! uh, it's the filipino flag.	Introduce	00:03:08,822	00:03:11,559	superstore	Nico
434	12	pinoy pride!	Flaunt	00:03:13,961	00:03:15,496	superstore	Nico
434	13	not today, you're not!	Oppose	00:03:25,606	00:03:27,141	superstore	Glenn
434	14	yeah, of course, absolutely.	Agree	00:03:29,910	00:03:32,080	superstore	Glenn
434	15	just that, technically, america's number one.	Inform	00:03:32,080	00:03:34,582	superstore	Glenn
434	19	that's an airtight argument, though.	Taunt	00:03:48,996	00:03:50,898	superstore	Garrett
436	0	oh, i just love this coffeemaker.	Praise	00:05:46,247	00:05:50,918	superstore	Glenn
436	1	it's the best one we sell.	Introduce	00:05:50,918	00:05:53,120	superstore	Glenn
436	2	look at that.	Introduce	00:05:53,120	00:05:54,755	superstore	Glenn
436	3	made in the usa.	Introduce	00:05:54,755	00:05:57,725	superstore	Glenn
436	7	it's a beautiful country.	Praise	00:06:13,040	00:06:16,143	superstore	Nico
437	3	that's, like, cheyenne's age.	Introduce	00:06:55,316	00:06:57,351	superstore	Amy
437	4	oh, i'm 17, actually.	Oppose	00:06:57,351	00:06:59,753	superstore	Cheyenne
437	10	i don't know, okay?	Complain	00:07:14,335	00:07:16,204	superstore	Cheyenne
437	11	i'm sorry that i'm not a stupid gold medalist!	Complain	00:07:16,204	00:07:18,872	superstore	Cheyenne
438	0	i've spent the last few weeks watching people my age be the best in the world, and i'm barely getting through summer school.	Complain	00:07:35,789	00:07:42,029	superstore	Cheyenne
438	1	cheyenne, you're just overwhelmed, okay?	Comfort	00:07:42,029	00:07:45,098	superstore	Amy
438	2	i haven't been taking any of those!	Complain	00:07:52,273	00:07:55,108	superstore	Cheyenne
438	3	um, okay, cheyenne?	Comfort	00:07:59,247	00:08:01,615	superstore	Amy
438	4	hey! hey, hey! look at me.	Comfort	00:08:01,615	00:08:04,151	superstore	Amy
438	5	take a deep breath.	Comfort	00:08:04,151	00:08:05,819	superstore	Amy
438	6	you are the best in the world at being you.	Praise	00:08:12,693	00:08:20,067	superstore	Amy
439	0	it's like chinese people's only purpose in life is to humiliate me.	Complain	00:08:32,546	00:08:35,683	superstore	Dina
439	2	i need a helper.	Ask for help	00:08:41,422	00:08:44,057	superstore	Dina
439	5	well, how about, instead of helicopters, we go for something a tad less ambitious and use, like, streamers?	Advise	00:08:51,099	00:08:57,471	superstore	Garrett
439	6	interesting.	Praise	00:08:57,471	00:08:58,806	superstore	Dina
439	7	we could shoot them out of a cannon.	Advise	00:08:59,006	00:09:00,608	superstore	Dina
439	8	or we could put a cannon on a helicopter.	Advise	00:09:00,608	00:09:03,410	superstore	Dina
439	9	ooh, okay, well, and then, building on that, how about none of that stuff, and everybody carries a tiny little flag?	Advise	00:09:03,410	00:09:10,384	superstore	Garrett
439	10	maybe we should focus on stuff we can actually pull off.	Advise	00:09:11,535	00:09:14,505	superstore	Garrett
442	0	the philippines has over 19 different regional languages.	Introduce	00:11:36,264	00:11:41,269	superstore	Glenn
442	7	well, but it's, it's also about the countries coming together, you know?	Oppose	00:12:06,193	00:12:09,029	superstore	Jonah
443	0	i have to go.	Leave	00:12:18,472	00:12:19,940	superstore	superstore person1
443	5	oh, my god, isn't she so amazing?	Praise	00:12:38,992	00:12:41,194	superstore	Amy
443	6	yeah. thank you so much for this.	Thank	00:12:41,194	00:12:45,333	superstore	Cheyenne
446	0	we're putting together tonight's closing ceremony, so we need to know if any of you have any special skills.	Inform	00:15:00,251	00:15:05,122	superstore	Dina
446	1	i'm a pretty good singer.	Flaunt	00:15:05,122	00:15:06,757	superstore	Justine
446	2	okay. sing  car wash  with me immediately.	Arrange	00:15:06,757	00:15:09,527	superstore	Dina
446	3	also, you have the worst voice i've ever heard.	Criticize	00:15:14,832	00:15:16,667	superstore	Dina
446	9	sorry.	Apologise	00:15:37,721	00:15:38,789	superstore	Sandra
446	10	this is a disaster!	Complain	00:15:38,789	00:15:40,691	superstore	Dina
446	11	we got a lot of great stuff here.	Inform	00:15:40,691	00:15:42,059	superstore	Garrett
446	15	except it's not the olympics.	Oppose	00:15:46,264	00:15:47,631	superstore	Garrett
446	17	mr. cool guy garrett, who doesn't care about anything.	Taunt	00:15:53,504	00:15:56,974	superstore	Dina
446	21	you're off the team.	Inform	00:16:04,648	00:16:06,149	superstore	Dina
446	23	sorry, guys.	Apologise	00:16:08,185	00:16:09,287	superstore	Garrett
446	24	forget the whole thing.	Leave	00:16:09,287	00:16:11,289	superstore	Garrett
448	0	now you don't even believe i can sell jewelry?	Criticize	00:18:32,580	00:18:34,982	superstore	Cheyenne
448	3	sorry, it just sounds cheesy.	Complain	00:18:59,039	00:19:00,974	superstore	Cheyenne
448	4	i don't know how she does it!	Complain	00:19:00,974	00:19:03,244	superstore	Amy
449	0	this isn't easy for me to say, but, um, i found out today that i am not an american.	Inform	00:19:07,815	00:19:14,955	superstore	Nico
449	5	let me see that pin.	Arrange	00:19:35,676	00:19:37,911	superstore	Glenn
449	7	so bad. right into the bone.	Complain	00:19:50,824	00:19:53,361	superstore	Glenn
449	8	do you want me to go get someone or...	Care	00:19:53,361	00:19:56,029	superstore	Nico
449	9	just be with me.	Ask for help	00:19:56,029	00:19:58,466	superstore	Glenn
450	2	maybe think of it as convincing a teen mom not to drop out of school.	Comfort	00:20:05,205	00:20:08,842	superstore	Jonah
450	5	i think this might be the closing ceremony.	Inform	00:20:25,526	00:20:28,028	superstore	Garrett
452	1	oh, right! oh, i'm sorry, ma'am.	Apologise	00:01:18,846	00:01:21,982	superstore	Glenn
452	2	i'm--i'm-good luck with that.	Leave	00:01:22,015	00:01:23,817	superstore	Glenn
452	3	oh, my god, what have i done?	Complain	00:01:23,851	00:01:25,786	superstore	Nico
452	4	okay, i never meant to get involved in a strike.	Complain	00:01:25,819	00:01:27,888	superstore	Nico
452	9	we are screwed.	Complain	00:01:51,044	00:01:52,145	superstore	Nico
455	2	okay, so why don't you guys just tell me what you want?	Advise	00:05:14,832	00:05:18,068	superstore	Jeff
455	5	nod your head.	Arrange	00:05:24,875	00:05:26,944	superstore	Jonah
455	6	that was way too big. smaller nods.	Arrange	00:05:26,977	00:05:28,746	superstore	Jonah
455	7	okay, now giggle like i said something charming.	Arrange	00:05:28,779	00:05:30,848	superstore	Jonah
455	9	dina, if-if you're gonna be here, i just need you to observe.	Arrange	00:05:38,756	00:05:42,092	superstore	Jeff
455	12	well, that's-that's great.	Praise	00:05:50,901	00:05:52,903	superstore	Amy
455	13	fantastic news, jeff. thanks.	Thank	00:05:52,936	00:05:54,838	superstore	Jonah
455	14	take that off.	Arrange	00:05:54,872	00:05:56,740	superstore	Amy
455	15	corporate is just asking that you and the rest of the employees sign here.	Inform	00:05:56,774	00:06:01,111	superstore	Jeff
455	19	i can see the tag on your sleeve.	Taunt	00:06:44,571	00:06:47,007	superstore	Jeff
455	21	so sign the letter. say thank you.	Advise	00:06:49,542	00:06:52,712	superstore	Jeff
457	0	well, this came together really well.	Praise	00:08:21,068	00:08:22,435	superstore	Jonah
457	4	okay, everybody needs to stay out of the garden shed.	Inform	00:08:39,119	00:08:42,990	superstore	Amy
458	0	morning. how was your night?	Greet	00:08:44,191	00:08:45,859	superstore	Dina
458	1	oh, not great actually.	Complain	00:08:45,893	00:08:47,060	superstore	Jeff
458	3	don't worry, i don't smell.	Comfort	00:08:51,664	00:08:53,400	superstore	Dina
458	9	mm, i'm not asking you to do that.	Prevent	00:09:07,680	00:09:10,217	superstore	Jeff
458	12	ooh, but that-that sounds so good to me.	Praise	00:09:25,065	00:09:28,168	superstore	Dina
463	0	i'm mo frank, reporting live from the cloud 9 on ozark highlands road where things are anything but heavenly.	Inform	00:11:50,610	00:11:56,716	superstore	superstore person1
463	1	amy  doob-anowski,  who is the organizer of this protest.	Introduce	00:12:01,088	00:12:04,291	superstore	superstore person1
463	2	amy, uh, what's this about?	Care	00:12:04,324	00:12:06,126	superstore	superstore person1
463	3	thank you, mo.	Thank	00:12:06,159	00:12:07,727	superstore	Amy
463	4	well, we are cloud 9 employees, and we are asking people to boycott the store.	Introduce	00:12:07,760	00:12:13,166	superstore	Amy
463	5	i'm sorry, there's been a misunderstanding.	Apologise	00:12:27,247	00:12:28,781	superstore	Jonah
463	6	statehood for puerto rico!	Inform	00:12:35,488	00:12:36,823	superstore	superstore person2
463	8	i believe that's actually a teddy bear.	Joke	00:12:56,209	00:12:59,379	superstore	superstore person1
464	2	look, i want you to know that not all christians are bigots, okay?	Inform	00:13:14,361	00:13:18,298	superstore	Glenn
464	3	that one is. that's maggie.	Introduce	00:13:18,331	00:13:19,499	superstore	Glenn
464	7	i just thought it'd be something i could live with, like she's just real stupid or something.	Taunt	00:13:28,808	00:13:33,513	superstore	Garrett
464	9	why are you doing this?	Criticize	00:13:47,927	00:13:49,796	superstore	Glenn
468	0	excuse me!	Inform	00:15:37,937	00:15:38,838	superstore	Amy
468	1	support our strike by boycotting cloud 9.	Inform	00:15:38,871	00:15:42,509	superstore	Amy
468	2	don't give your money to a company that mistreats its employees.	Inform	00:15:42,242	00:15:45,845	superstore	Amy
468	4	boycott cloud 9!	Inform	00:15:52,519	00:15:54,787	superstore	Amy
468	5	thank you! people power!	Thank	00:15:56,989	00:15:59,559	superstore	Amy
468	6	power to the people!	Inform	00:15:59,592	00:16:01,728	superstore	Amy
472	3	oh, no, you're right. i'm sorry.	Apologise	00:19:13,185	00:19:14,821	superstore	Jonah
472	11	thank you so much for your service.	Thank	00:19:34,941	00:19:36,709	superstore	Jonah
472	12	this is what martin luther king would do.	Flaunt	00:19:36,743	00:19:39,846	superstore	Garrett
473	0	thank you guys so much for getting me my job back.	Thank	00:19:45,918	00:19:49,922	superstore	Glenn
473	1	you don't have to stay out here, you know?	Advise	00:20:01,300	00:20:06,873	superstore	Amy
473	7	just back to square one.	Complain	00:20:27,927	00:20:29,729	superstore	Amy
473	8	everything's gonna be back to the way it used to be.	Complain	00:20:29,762	00:20:33,866	superstore	Amy
473	10	that's never gonna be the same.	Complain	00:20:35,768	00:20:37,336	superstore	Amy
474	0	same stupid timecards. same boring beige halls.	Complain	00:00:08,409	00:00:12,380	superstore	Amy
474	2	nope, ernie's been here longer than me.	Oppose	00:00:14,715	00:00:16,584	superstore	Amy
474	4	no more corporate getting all up in our business.	Flaunt	00:00:20,354	00:00:22,856	superstore	Glenn
474	12	i mean, these corporate guys, they're out for blood.	Complain	00:00:49,383	00:00:52,052	superstore	Glenn
474	13	okay? they are vicious, savage monsters.	Complain	00:00:52,085	00:00:55,489	superstore	Glenn
475	0	um, these are welcome back flowers.	Introduce	00:00:57,525	00:01:00,694	superstore	Jeff
475	2	you guys have been through a lot in the last two days.	Inform	00:01:13,741	00:01:16,910	superstore	Jeff
475	3	your manager getting fired. everybody walking out.	Inform	00:01:16,944	00:01:19,513	superstore	Jeff
475	4	not everybody walked out. i didn't.	Oppose	00:01:19,547	00:01:21,415	superstore	Jeff
475	6	great. well, uh...	Praise	00:01:34,628	00:01:36,397	superstore	Amy
475	7	okay, i know corporate suits probably think i'm a big, ole softy, but as everyone here knows i'm a hard-ass boss.	Inform	00:01:46,540	00:01:54,882	superstore	Glenn
475	8	and i act like this every day, not just today.	Inform	00:01:54,915	00:01:59,487	superstore	Glenn
477	1	i think you should go to the hospital.	Advise	00:04:30,704	00:04:31,805	superstore	Jeff
477	2	thank you.	Thank	00:04:31,839	00:04:33,841	superstore	Janet
477	3	i want to see that appendix on my desk tomorrow, young lady!	Arrange	00:04:35,776	00:04:38,979	superstore	Glenn
478	0	hi!	Greet	00:05:06,840	00:05:08,075	superstore	Nico
478	1	that guy just said i exceeded his expectations.	Inform	00:05:08,108	00:05:10,878	superstore	Nico
478	2	yes, i'm so sorry to do this to you.	Apologise	00:05:27,561	00:05:28,562	superstore	Jeff
478	3	i just have a bunch to cover today, but nice to meet you, ma-tato.	Leave	00:05:28,896	00:05:32,900	superstore	Jeff
479	0	laney, make sure tate's not trying to sell our customers time shares.	Arrange	00:05:36,837	00:05:39,940	superstore	Amy
479	1	todd, keep sal at least 100 feet away from women's wear.	Arrange	00:05:39,973	00:05:42,142	superstore	Amy
479	2	and women in general, if possible.	Arrange	00:05:42,175	00:05:43,811	superstore	Amy
479	4	oh, right, dom told me that he just really didn't feel like coming in today and that i should cover for him by telling you that-wait, go back.	Inform	00:05:45,813	00:05:52,986	superstore	Marcus
479	6	dom told me to tell you that his pug, elmo, fell into a sinkhole in the park.	Inform	00:05:54,021	00:05:58,726	superstore	Marcus
479	7	just follow me.	Arrange	00:05:58,759	00:05:59,927	superstore	Amy
481	0	let's break up this loser squad and get back to work.	Arrange	00:07:28,481	00:07:30,884	superstore	Dina
481	1	oh, is that so, peter? because i was just coming to tell you that your wife has died.	Inform	00:07:34,454	00:07:37,891	superstore	Dina
481	2	everyone knows i'm gay.	Inform	00:07:40,327	00:07:41,461	superstore	superstore person1
481	4	hey.	Greet	00:07:47,567	00:07:50,403	superstore	Jonah
481	6	especially becca fish-such a goody two-shoes, but i killed them with a little thing called kindness, and guess who became the next editor-in-chief.	Inform	00:08:00,380	00:08:08,288	superstore	Jonah
481	9	i really don't care if people like me.	Oppose	00:08:17,497	00:08:19,867	superstore	Dina
481	11	thank you for the feedback.	Thank	00:08:54,601	00:08:56,236	superstore	Jonah
482	0	this website says we have an hour to get you and the thumb to the hospital.	Inform	00:08:56,269	00:08:59,372	superstore	Amy
482	2	oh, damn it! okay, act natural.	Complain	00:09:07,347	00:09:10,583	superstore	Amy
482	3	hey, there. everything okay with you guys?	Care	00:09:10,617	00:09:13,486	superstore	Jeff
482	5	we were just organizing these batteries.	Inform	00:09:15,488	00:09:17,891	superstore	Amy
482	6	i just have a couple questions about shift assignments.	Inform	00:09:17,925	00:09:20,393	superstore	Jeff
482	7	oh, uh, glenn, i forgot to mention those skateboarders are back.	Inform	00:09:20,427	00:09:24,631	superstore	Amy
483	0	what is happening to this country?	Complain	00:09:36,309	00:09:38,311	superstore	Nico
483	1	mine looks burnt off. it wasn't even locked.	Complain	00:09:38,345	00:09:40,914	superstore	Jonah
483	2	everybody shut up. i got you all presents.	Inform	00:09:40,948	00:09:42,950	superstore	Dina
483	3	oh, okay, guys, how nice of dina to...	Praise	00:09:42,983	00:09:46,686	superstore	Jonah
483	4	yeah, prescription strength deodorant.	Taunt	00:09:50,523	00:09:52,692	superstore	Nico
485	1	you're going too fast. i can't follow.	Criticize	00:10:55,755	00:10:57,657	superstore	Garrett
485	3	i--why is this so complicated?	Complain	00:11:08,801	00:11:12,539	superstore	Glenn
485	5	i'm sorry. i mean, i-i try really, really hard.	Apologise	00:11:21,414	00:11:24,751	superstore	Garrett
487	0	great, uh... lotta great stuff in there.	Praise	00:12:34,621	00:12:37,090	superstore	Jonah
487	1	sounds great. write it up.	Arrange	00:12:42,495	00:12:45,064	superstore	Dina
489	0	the last time we saw the thumb it was in a tub of guacamole, but then we found this open tub of guacamole on the floor, so it could be a different guacamole, or else it could be the same guacamole, but the thumb fell out.	Inform	00:12:54,907	00:13:04,717	superstore	Amy
489	2	no, it's, uh... grapefruit, ginger, and lime.	Oppose	00:13:10,890	00:13:13,160	superstore	Amy
489	3	marcus is at the hospital. elias took him.	Inform	00:13:15,462	00:13:17,497	superstore	Amy
489	4	we have 45 minutes to get him his thumb.	Inform	00:13:17,530	00:13:19,132	superstore	Amy
489	5	what? why does this matter?	Complain	00:13:20,800	00:13:22,169	superstore	Amy
489	6	well, i'm allergic.	Inform	00:13:22,202	00:13:23,870	superstore	Carol
489	7	in the event of a tornado you wanna go straight for the eye of it.	Inform	00:13:23,903	00:13:27,907	superstore	Amy
489	10	the man said now, so that means now!	Inform	00:13:39,686	00:13:43,122	superstore	Glenn
490	0	you know, jeff, it feels weird talking about this on company time.	Complain	00:14:05,812	00:14:09,949	superstore	Amy
490	2	so maybe we'll just start with the beginning of the day.	Advise	00:14:12,852	00:14:15,888	superstore	Jonah
490	3	now is our chance, and we actually have a list of things that we think the company could do better.	Inform	00:14:29,969	00:14:34,941	superstore	Jonah
490	5	everybody, grab a cupcake!	Arrange	00:14:48,788	00:14:50,690	superstore	Jeff
490	6	oh! nope, i hate cupcakes 'cause i'm a meanie.	Oppose	00:14:50,723	00:14:56,229	superstore	Glenn
490	7	nobody move.	Prevent	00:14:56,263	00:14:57,764	superstore	Dina
491	0	oh, uh, excuse me.	Ask for help	00:15:17,684	00:15:19,686	superstore	Cheyenne
491	1	i'm in a rush. i gotta get home to my kid.	Leave	00:15:29,296	00:15:32,699	superstore	superstore person1
495	0	you guys, we are so out of time.	Inform	00:17:49,902	00:17:51,971	superstore	Amy
495	1	hey, guys, what's going on over here?	Care	00:17:52,004	00:17:54,541	superstore	Jeff
495	3	answer him!	Arrange	00:17:56,509	00:17:57,877	superstore	Glenn
498	0	i'm just about to submit an incident report now.	Inform	00:19:35,875	00:19:38,578	superstore	Jeff
498	1	don't worry about it, i know you had nothing to do with it.	Comfort	00:19:38,611	00:19:40,212	superstore	Jeff
498	3	but out of curiosity, what's gonna happen to amy?	Care	00:19:42,849	00:19:45,585	superstore	Dina
499	0	oh, hey. hey.	Greet	00:20:40,106	00:20:42,041	superstore	Nico
499	2	my name's mateo.	Introduce	00:20:45,645	00:20:47,647	superstore	Nico
499	3	i am so sorry.	Apologise	00:20:54,286	00:20:55,688	superstore	Nico
499	5	stop, stop, stop. mateo, it's okay.	Prevent	00:20:58,290	00:20:59,692	superstore	Jeff
499	6	i'm sorry. it's been a long week.	Apologise	00:20:59,726	00:21:00,993	superstore	Jeff
499	7	thank you. that's all i was asking.	Thank	00:21:03,395	00:21:06,565	superstore	Nico
499	8	i've definitely noticed you.	Inform	00:21:07,634	00:21:09,068	superstore	Jeff
500	0	gabby is in soft lines, elias, grocery, jonah, you're at the gun counter.	Arrange	00:00:01,802	00:00:06,740	superstore	Amy
500	1	oh, uh--oh.   can i switch with somebody?	Ask for help	00:00:06,774	00:00:10,611	superstore	Jonah
500	7	they're basically just fart capsules.	Complain	00:01:04,097	00:01:05,866	superstore	Nico
500	8	everything there reminds me of my ex-boyfriend, brian.	Complain	00:01:07,801	00:01:09,870	superstore	Sandra
500	9	no, guys, what jonah is asking for is different.	Oppose	00:01:09,903	00:01:12,940	superstore	Amy
500	10	he has a moral objection to guns.	Inform	00:01:12,973	00:01:14,975	superstore	Amy
500	11	we sell the morning-after pill.	Inform	00:01:22,149	00:01:23,651	superstore	Dina
500	13	it doesn't taste like anything.	Complain	00:01:27,120	00:01:29,189	superstore	Myrtle
500	15	no changing shift assignments.	Inform	00:01:33,861	00:01:35,663	superstore	Amy
500	16	okay, i get that we don't like selling guns or pills or rice, but we sell all those things in the store.	Inform	00:01:35,696	00:01:43,103	superstore	Amy
500	17	end of story. jonah, you stay on guns.	Arrange	00:01:43,136	00:01:45,873	superstore	Amy
500	18	oh, that whole phrase is going on the list.	Taunt	00:01:47,417	00:01:49,719	superstore	Garrett
501	0	oh, so i get put on instruments of death duty and you get picking up pizzas.	Taunt	00:02:05,008	00:02:10,013	superstore	Jonah
501	1	i'm not gonna eat all of them...	Oppose	00:02:21,759	00:02:23,093	superstore	Amy
501	4	oh, there's a danish drama on netflix that--	Introduce	00:02:40,443	00:02:42,379	superstore	Jonah
501	5	she's beautiful.	Praise	00:02:51,889	00:02:52,990	superstore	Amy
501	7	but i'm just gonna throw this out there, garrett and i are gonna watch some basketball later-  you want to be alone.	Inform	00:02:57,761	00:03:03,867	superstore	Jonah
501	8	i'm free.	Inform	00:03:08,038	00:03:09,673	superstore	Myrtle
503	5	right. obviously. priority one is safety.	Agree	00:05:51,334	00:05:54,604	superstore	Nico
503	6	forget safety-i say we pull the fire alarm, clear out the store, turn up the heat, make the whole place a oven, problem solved.	Advise	00:05:54,637	00:06:01,945	superstore	Garrett
503	7	yeah, psycho, why would anyone want to hurt a bird?	Criticize	00:06:03,947	00:06:06,349	superstore	Nico
503	11	they are amazing creatures that recognize human face and they throw each other funerals.	Introduce	00:06:12,755	00:06:17,227	superstore	Dina
503	13	why would you give me that information?	Criticize	00:06:18,161	00:06:20,330	superstore	Garrett
504	2	so there is someone over there that i really, really don't think should be allowed to own a gun, um...or a car or a fork.	Inform	00:07:09,446	00:07:17,487	superstore	Jonah
504	3	well, i mean, you're allowed to deny him service but only if you think he's actually dangerous.	Advise	00:07:19,122	00:07:22,993	superstore	Amy
506	0	all right, in order for this to work, it is critical that we run at the crow at exactly the same speed, 8 miles per hour, got it?	Arrange	00:08:29,159	00:08:35,132	superstore	Dina
506	2	sorry, sometimes i forget you're asian.	Apologise	00:08:40,570	00:08:42,172	superstore	Dina
506	10	okay, take your pulse for ten seconds.	Arrange	00:08:57,754	00:08:59,722	superstore	Dina
506	12	thanks.	Thank	00:09:09,266	00:09:10,567	superstore	Dina
507	0	so a couple things you need to know about this bad boy.	Inform	00:09:16,339	00:09:18,775	superstore	Tate
507	1	hey, tate.	Greet	00:09:18,808	00:09:21,511	superstore	Glenn
507	2	you want to see some pictures of my kids?	Advise	00:09:21,544	00:09:23,746	superstore	Glenn
507	6	glenn, would you just cut it out?	Prevent	00:09:43,884	00:09:44,852	superstore	Tate
507	7	let them buy the damn pill.	Advise	00:09:45,335	00:09:46,603	superstore	Tate
507	8	would you mind very much if i just cut in front of you?	Ask for help	00:09:46,636	00:09:49,739	superstore	Glenn
507	10	thank you.	Thank	00:09:52,809	00:09:54,144	superstore	Glenn
509	0	all right, just dump that in the cart there.	Arrange	00:10:50,884	00:10:53,353	superstore	Dina
509	4	okay.	Prevent	00:11:02,262	00:11:03,063	superstore	Nico
509	5	this is bad.	Complain	00:11:13,673	00:11:14,774	superstore	Dina
510	0	and i'll be standing right here, cloud 9 credit union card in hand.	Inform	00:11:17,644	00:11:22,082	superstore	Glenn
510	6	i'd explain why, but your brain couldn't handle the science.	Taunt	00:11:33,193	00:11:36,596	superstore	Tate
510	8	i mean, well, with car payments and mortgage and groceries for 13, we're barely getting by.	Complain	00:11:39,132	00:11:44,637	superstore	Glenn
510	10	no, you can't return pills.	Prevent	00:11:48,175	00:11:49,776	superstore	Tate
511	6	i have a complaint about one of your salesmen.	Inform	00:12:27,847	00:12:30,149	superstore	superstore person1
512	4	i'm not moving you.	Inform	00:12:55,908	00:12:57,210	superstore	Amy
512	6	why is everybody being such a jerk today?	Complain	00:12:59,746	00:13:01,448	superstore	Amy
515	0	what is going on?	Care	00:13:57,837	00:13:58,905	superstore	Garrett
515	1	this entire place is a dictatorship, and it's being ruled over by emperor amy.	Complain	00:13:59,415	00:14:04,777	superstore	Jonah
515	5	too fiery.	Taunt	00:14:22,329	00:14:24,397	superstore	Jonah
519	1	you know, i'm gonna just go ahead and work the gun counter.	Inform	00:19:30,637	00:19:33,239	superstore	Jonah
519	2	you were right. i was--i was being a jerk.	Apologise	00:19:33,272	00:19:34,974	superstore	Jonah
519	4	thank you, jonah.	Thank	00:19:40,012	00:19:40,980	superstore	Amy
519	7	don't work the gun counter.	Arrange	00:20:04,403	00:20:05,972	superstore	Amy
520	1	take care of this, will you?	Arrange	00:20:34,300	00:20:35,735	superstore	Dina
520	2	all right.	Agree	00:20:39,772	00:20:40,940	superstore	Nico
520	3	see, i told you we could get the bird out of the store safely.	Flaunt	00:20:42,709	00:20:45,712	superstore	Dina
522	0	yeah, we pretty much still have the market cornered on serial killing.	Agree	00:00:37,455	00:00:40,424	superstore	Jonah
522	1	it's one of the last non-integrated industries.	Introduce	00:00:40,458	00:00:42,760	superstore	Jonah
522	2	okay, look, this is not the best in-store viewing.	Inform	00:00:42,793	00:00:45,463	superstore	Glenn
522	3	amy, could you change it?	Ask for help	00:00:45,496	00:00:46,697	superstore	Glenn
522	5	yeah, thank you, jonah.	Thank	00:00:51,502	00:00:52,836	superstore	Amy
522	6	i'm sorry, amy, could you just let me do it?	Ask for help	00:00:52,870	00:00:54,805	superstore	Glenn
522	9	we're gonna have to drown this out.	Inform	00:01:07,951	00:01:10,588	superstore	Glenn
522	10	everybody sing, okay?	Arrange	00:01:10,621	00:01:12,456	superstore	Glenn
523	0	as most of you may have heard, our company spokesman has been accused of some improprieties.	Inform	00:01:38,048	00:01:43,020	superstore	Jeff
523	6	okay, let's not rush to judgment.	Inform	00:02:17,955	00:02:20,591	superstore	Glenn
523	7	these are just allegations.	Inform	00:02:20,624	00:02:22,726	superstore	Glenn
524	0	this paint smells like wet dog, and it's gonna take at least three coats to cover this.	Inform	00:03:03,667	00:03:08,071	superstore	Amy
524	1	this is the worst day ever.	Complain	00:03:08,105	00:03:09,707	superstore	Amy
524	2	the worst.	Complain	00:03:09,740	00:03:11,675	superstore	Jonah
524	4	had a worse day when he ate their flesh off their bones.	Complain	00:03:16,146	00:03:19,349	superstore	Amy
524	6	ours has just begun.	Complain	00:03:27,758	00:03:29,660	superstore	Jonah
524	7	no.	Oppose	00:03:32,696	00:03:33,463	superstore	Jonah
526	0	oh, god.	Complain	00:05:02,953	00:05:04,221	superstore	Glenn
526	1	i've said it once, i'll say it again: you are a terrible judge of character.	Criticize	00:05:04,254	00:05:08,158	superstore	Dina
526	2	also you have a weak chin and you can't dance.	Criticize	00:05:08,191	00:05:10,861	superstore	Dina
526	4	they found marijuana!	Inform	00:05:22,840	00:05:25,175	superstore	Glenn
526	5	i hate him.	Complain	00:05:28,178	00:05:30,480	superstore	Dina
527	0	oh, gross, stop.	Prevent	00:05:37,520	00:05:40,924	superstore	Amy
527	1	it's crazy how much kyle stuff we have to throw away.	Complain	00:05:42,425	00:05:45,763	superstore	Jonah
527	6	well, grab an umbrella 'cause there's a cloud moving in.	Joke	00:06:12,860	00:06:19,499	superstore	Amy
527	8	okay, sorry. say your cool line again.	Arrange	00:06:22,936	00:06:24,104	superstore	Jonah
529	0	it says on your website that all your rooms have animal planet.	Inform	00:06:46,159	00:06:49,496	superstore	Jeff
529	1	hey there.	Greet	00:06:49,529	00:06:50,530	superstore	Nico
529	3	i'm just gonna come back later.	Leave	00:06:58,972	00:06:59,940	superstore	Nico
529	4	hey.	Greet	00:07:02,943	00:07:04,477	superstore	Jeff
529	6	somebody vomited in the ladies room, multiple stalls.	Inform	00:07:11,184	00:07:16,256	superstore	Jeff
529	7	of course.	Agree	00:07:18,591	00:07:20,027	superstore	Nico
529	8	great, thank you. thanks.	Thank	00:07:20,060	00:07:22,029	superstore	Jeff
529	9	i appreciate that.	Thank	00:07:22,062	00:07:23,263	superstore	Jeff
530	4	oh, well, as it turns out, kyle was not a cannibal.	Inform	00:07:49,957	00:07:53,927	superstore	Glenn
530	5	he was only killing and eating people because he was high on marijuana.	Inform	00:07:53,961	00:07:58,631	superstore	Glenn
530	7	it's just that i don't think that marijuana turns people into murderers.	Oppose	00:08:02,402	00:08:06,373	superstore	Amy
531	1	nope.   oh, sorry, guys, bad timing.	Apologise	00:08:48,681	00:08:53,320	superstore	Cheyenne
531	2	hi, bo, i was just showing them the tummy time video.	Inform	00:08:53,353	00:08:57,257	superstore	Cheyenne
531	3	no, not that one, the good one.	Oppose	00:08:57,290	00:09:00,660	superstore	Cheyenne
531	4	thank you.	Thank	00:09:01,694	00:09:02,695	superstore	Sandra
531	6	i mean, i have a ton of photos of my dogs, but no one wants to see those.	Complain	00:09:16,309	00:09:21,014	superstore	Sandra
531	8	right.	Agree	00:09:22,649	00:09:23,616	superstore	Garrett
531	9	yeah.	Agree	00:09:23,650	00:09:24,617	superstore	Sandra
531	10	not even the one where they're dressed as ewoks.	Complain	00:09:24,651	00:09:26,319	superstore	Sandra
533	0	on thursdays he smells like ham.	Joke	00:10:13,133	00:10:15,468	superstore	Dina
533	2	that's just about the stupidest thing you've ever said.	Criticize	00:10:21,508	00:10:23,743	superstore	Dina
533	8	go for it.	Arrange	00:10:56,909	00:10:58,111	superstore	Glenn
534	1	you can just give up.	Advise	00:11:19,932	00:11:23,170	superstore	Amy
534	5	i'm winning.	Flaunt	00:11:32,779	00:11:34,681	superstore	Jonah
535	0	the test will detect any drugs in your system.	Inform	00:11:34,714	00:11:37,484	superstore	Dina
535	1	we're talking marijuana, cocaine, heroin, methamphetamines.	Inform	00:11:37,517	00:11:40,887	superstore	Dina
535	6	all right, we're gonna be testing for everything, okay?	Inform	00:11:56,769	00:11:59,339	superstore	Dina
535	11	okay, nobody is leaving until i get three ounces of yellow, all right?	Inform	00:12:15,855	00:12:19,226	superstore	Dina
535	12	okay, look, everyone, dina has my full support on this.	Inform	00:12:20,960	00:12:25,298	superstore	Glenn
535	13	okay, this is for your protection.	Inform	00:12:25,332	00:12:27,634	superstore	Glenn
535	14	look, people, if you haven't done any drugs in the last 72 hours, you have nothing to worry about.	Comfort	00:12:27,667	00:12:31,971	superstore	Dina
535	16	stop bragging.	Prevent	00:12:38,245	00:12:39,546	superstore	Dina
536	1	sure, you can have my number.	Agree	00:13:35,635	00:13:38,705	superstore	Nico
536	3	for cleaning up the vomit.	Arrange	00:13:51,951	00:13:53,420	superstore	Jeff
537	3	hey, guys.	Greet	00:14:24,384	00:14:30,857	superstore	Jonah
537	7	that was awesome.	Praise	00:14:43,803	00:14:46,873	superstore	Jonah
538	9	heck yeah we are. pep up.	Comfort	00:15:30,817	00:15:32,519	superstore	Dina
538	10	the lab comes at 5:00.	Inform	00:15:32,552	00:15:33,953	superstore	Dina
540	0	what's going on?	Care	00:18:07,139	00:18:08,107	superstore	Amy
540	1	oh, i'm just having a bad day.	Complain	00:18:08,140	00:18:11,143	superstore	Glenn
540	4	yeah, it's a bit extreme.	Agree	00:18:28,828	00:18:30,763	superstore	Amy
540	7	it makes me question how much i really know the people around here.	Complain	00:18:39,939	00:18:43,342	superstore	Glenn
540	10	yeah, yeah.	Agree	00:19:09,068	00:19:10,036	superstore	Amy
540	12	he's just, like, so annoying in the morning.	Criticize	00:19:15,007	00:19:18,044	superstore	Amy
540	17	thank you, amy.	Thank	00:19:44,070	00:19:46,072	superstore	Glenn
540	18	you've really got a way with words.	Praise	00:19:46,105	00:19:47,974	superstore	Glenn
540	19	thank you.	Thank	00:19:48,007	00:19:49,175	superstore	Amy
540	20	now, if you'll excuse me, i'm gonna go tee off on someone.	Leave	00:19:49,208	00:19:53,379	superstore	Glenn
541	0	hey.	Greet	00:20:33,252	00:20:34,220	superstore	Jonah
541	1	good to see you. good afternoon.	Greet	00:20:35,254	00:20:36,422	superstore	Jonah
541	3	hi.	Greet	00:20:40,993	00:20:41,961	superstore	Jonah
541	4	good afternoon.	Greet	00:20:41,994	00:20:42,962	superstore	Jonah
541	5	be careful what you wish for 'cause you just might a-get it.	Joke	00:20:43,996	00:20:47,734	superstore	Jonah
541	6	oh, hey, man.	Greet	00:20:48,768	00:20:50,703	superstore	superstore person1
541	7	oh, hey, adam.	Greet	00:20:50,737	00:20:52,138	superstore	Jonah
541	9	adam just came to pick me up.	Inform	00:20:55,041	00:20:56,342	superstore	Amy
541	12	i'm tired myself.	Complain	00:21:01,147	00:21:02,314	superstore	Jonah
541	15	i'll catch you on the flip side, all right, bro?	Leave	00:21:07,419	00:21:09,055	superstore	Jonah
542	0	oh, right here, i'm first! pick me!	Inform	00:00:04,822	00:00:06,790	superstore	Nico
542	1	okay, thank you, mateo. who else?	Thank	00:00:06,824	00:00:10,461	superstore	Glenn
542	4	you're all ingrates.	Criticize	00:00:16,467	00:00:17,735	superstore	Dina
542	5	i don't think it's enough.	Oppose	00:00:22,506	00:00:23,541	superstore	Dina
542	6	okay, thank you, jonah.	Thank	00:00:25,175	00:00:27,678	superstore	Glenn
542	7	you and mateo will be in charge of our in-store dog adoption today.	Arrange	00:00:27,711	00:00:31,582	superstore	Glenn
542	8	that volunteer job was desirable.	Inform	00:00:34,017	00:00:36,487	superstore	Glenn
542	10	anyway, while the rest of you are having normal, dogless days, these two selfless heroes will be in puppy heaven.	Inform	00:00:44,462	00:00:51,569	superstore	Glenn
542	12	sociopath, he's a sociopath.	Criticize	00:01:03,847	00:01:05,649	superstore	Dina
542	14	no, no i think it says something about our priorities that we spend so much money on pets when there are literally millions of children without adequate nutrition.	Oppose	00:01:07,250	00:01:18,906	superstore	Jonah
542	15	i hope you die.	Criticize	00:01:18,629	00:01:19,597	superstore	Nico
542	16	okay, i need another volunteer.	Inform	00:01:19,630	00:01:22,533	superstore	Glenn
542	18	sandra, thank you.	Thank	00:01:23,734	00:01:25,703	superstore	Glenn
542	19	that's right, it's not always good to volunteer.	Inform	00:01:33,404	00:01:37,341	superstore	Glenn
542	20	that was another lesson.	Inform	00:01:37,715	00:01:39,917	superstore	Glenn
543	1	hey hey, what is happening?	Care	00:01:55,766	00:01:57,635	superstore	Amy
543	2	i don't even know who bo is anymore.	Complain	00:01:57,668	00:01:59,770	superstore	Cheyenne
543	3	you know that's because i never get what i want.	Complain	00:02:00,804	00:02:02,573	superstore	Bo
543	4	all i ever do now is babysit for free!	Complain	00:02:02,606	00:02:04,908	superstore	Bo
543	5	it's not babysitting when you're the dad!	Criticize	00:02:04,942	00:02:08,846	superstore	Cheyenne
543	6	this doesn't have to wind up on youtube.	Prevent	00:02:11,275	00:02:14,378	superstore	Glenn
543	7	film one of my impressions instead.	Advise	00:02:14,752	00:02:16,754	superstore	Glenn
543	8	that was batman.	Introduce	00:02:20,057	00:02:21,291	superstore	Glenn
543	9	thank you.	Thank	00:02:35,305	00:02:36,707	superstore	Glenn
544	0	adopt a dog today.	Inform	00:03:25,122	00:03:26,857	superstore	Garrett
544	1	hey, you forgot to clock in this morning.	Inform	00:03:26,890	00:03:28,959	superstore	Dina
544	3	what's going on with his butt?	Care	00:03:31,995	00:03:33,430	superstore	Garrett
544	4	make sure to clock in at some point so we can start paying you.	Inform	00:03:33,463	00:03:35,833	superstore	Dina
544	5	oh, hold up. wait.	Prevent	00:03:35,866	00:03:37,100	superstore	Garrett
544	9	yeah, i'm being serious, and  what's up  with elias's butt is he started cycling.	Agree	00:03:45,075	00:03:49,780	superstore	Dina
544	10	obviously.	Leave	00:03:49,813	00:03:52,015	superstore	Dina
545	0	i feel like all we ever do now is fight.	Complain	00:03:54,017	00:03:57,020	superstore	Cheyenne
545	1	we used to have so much fun.	Complain	00:03:57,054	00:03:58,922	superstore	Cheyenne
545	5	oh, and i get points in the gift shop for referrals.	Inform	00:04:28,018	00:04:31,088	superstore	Glenn
545	7	yeah, and all that banging builds a foundation of love and trust that lasts forever.	Agree	00:04:45,035	00:04:52,142	superstore	Cheyenne
545	8	no, marriage is hard.	Oppose	00:04:52,175	00:04:54,244	superstore	Amy
545	9	it's gonna be one of the hardest things you ever do.	Inform	00:04:56,013	00:04:57,848	superstore	Amy
545	11	i mean, i'm not really on board with this whole--	Oppose	00:05:06,289	00:05:08,325	superstore	Amy
546	2	you might as well find new dogs at the junkyard or wherever.	Advise	00:05:22,505	00:05:26,309	superstore	Nico
546	4	so unfortunately, most of these guys, they're out of time.	Inform	00:05:37,020	00:05:39,189	superstore	Janet
546	5	oh--oh, god no, that's not what i meant.	Oppose	00:05:41,624	00:05:43,994	superstore	Janet
546	6	i'm dating the injection guy.	Inform	00:05:49,299	00:05:51,034	superstore	Janet
547	0	um, no.	Oppose	00:06:49,626	00:06:53,230	superstore	Amy
547	3	who's cole?	Care	00:07:24,995	00:07:26,096	superstore	Amy
547	4	this guy at my school.	Introduce	00:07:26,129	00:07:27,097	superstore	Cheyenne
547	5	he's like the anti-bo.	Introduce	00:07:27,130	00:07:29,032	superstore	Cheyenne
547	6	he's like always reading, mature, really sweet.	Introduce	00:07:29,066	00:07:33,003	superstore	Cheyenne
547	10	this cole guy sounds kind of great.	Praise	00:07:47,384	00:07:50,353	superstore	Amy
547	13	right.	Agree	00:07:58,261	00:07:59,963	superstore	Cheyenne
547	16	i trust you to make the right decision.	Comfort	00:08:24,454	00:08:27,024	superstore	Amy
547	17	thanks, amy.	Thank	00:08:27,057	00:08:28,358	superstore	Cheyenne
547	19	you're so old and wise.	Praise	00:08:30,060	00:08:32,996	superstore	Cheyenne
548	1	what are you doing?	Care	00:08:40,703	00:08:41,671	superstore	Dina
548	2	employees may take no longer than 15 minutes for their lunch break.  i've been timing you since you walked in.	Inform	00:08:41,704	00:08:47,244	superstore	Garrett
548	3	i can't go out there looking like a slut.	Complain	00:08:50,698	00:08:51,999	superstore	Dina
548	4	rules are rules, that's what you said.	Taunt	00:08:52,432	00:08:54,434	superstore	Garrett
548	6	oh, it's so hot. it's burning my mouth.	Complain	00:09:03,410	00:09:06,213	superstore	Dina
548	7	less talking, more swallowing.	Advise	00:09:06,246	00:09:08,081	superstore	Garrett
548	8	god, my mouth skin.	Complain	00:09:07,715	00:09:09,216	superstore	Dina
549	0	hey, bo.	Greet	00:09:09,249	00:09:11,018	superstore	Glenn
549	1	it includes a future baptism at half-price, no blackout dates.	Introduce	00:09:15,789	00:09:19,960	superstore	Glenn
549	3	we're still gonna be fighting all the time, all cramped up in cheyenne's mom's basement with the baby.	Complain	00:09:25,766	00:09:30,838	superstore	Bo
549	6	my friend kathy from church, she's a real estate lady.	Introduce	00:09:48,889	00:09:52,726	superstore	Glenn
550	0	i'm so sorry to hear that your husband passed.	Comfort	00:09:57,998	00:10:00,333	superstore	Jonah
550	1	what was his name?	Care	00:10:00,367	00:10:02,302	superstore	Jonah
550	2	and how long ago did he leave us?	Care	00:10:03,904	00:10:05,839	superstore	Jonah
550	3	oh, bless his soul.	Comfort	00:10:07,040	00:10:08,976	superstore	Jonah
550	4	he loved camping, and the outdoors and--	Introduce	00:10:10,260	00:10:13,230	superstore	superstore person2
550	5	hold on, mateo, she's in the middle of a lovely story.	Prevent	00:10:14,464	00:10:17,200	superstore	Jonah
550	6	no, i found jeremy in the camping section again.	Inform	00:10:17,234	00:10:19,669	superstore	Nico
550	7	this dog's name is jeremy?	Care	00:10:19,702	00:10:21,638	superstore	superstore person2
550	8	yep, little 2-year-old jeremy.	Agree	00:10:21,671	00:10:23,773	superstore	Nico
551	8	psych, i don't want your ugly-ass brooch.	Criticize	00:11:23,166	00:11:26,236	superstore	Bo
551	10	wonderful. great.	Praise	00:11:27,470	00:11:29,339	superstore	Glenn
551	11	glenn, i assume you're cosigning.	Inform	00:11:30,840	00:11:34,211	superstore	superstore person3
552	0	i texted cole.	Inform	00:11:46,589	00:11:48,758	superstore	Cheyenne
552	1	and he came over right away.	Inform	00:11:50,393	00:11:51,861	superstore	Cheyenne
552	2	he's right over there.	Introduce	00:11:51,894	00:11:53,563	superstore	Cheyenne
552	3	oh, wow, he's cute.	Praise	00:11:53,596	00:11:56,233	superstore	Amy
552	6	sure.	Agree	00:11:59,369	00:12:00,837	superstore	Amy
552	7	hey, cole!	Greet	00:12:00,870	00:12:03,340	superstore	Cheyenne
552	8	okay, just be cool.	Comfort	00:12:05,542	00:12:08,145	superstore	Cheyenne
553	0	he's so romantic.	Praise	00:12:33,719	00:12:36,455	superstore	Cheyenne
553	1	oh, this one over here, he was in a movie with george clooney.	Introduce	00:12:41,260	00:12:45,564	superstore	Jonah
553	2	oh, cool.	Praise	00:12:45,597	00:12:47,233	superstore	superstore person1
553	3	and this one is friends with john leguizamo.	Introduce	00:12:47,266	00:12:49,468	superstore	Nico
553	4	that's an excellent choice.	Praise	00:12:53,572	00:12:54,706	superstore	Jonah
554	0	employees are allotted one bathroom break per shift.  you took one a little earlier.	Inform	00:13:02,314	00:13:08,287	superstore	Garrett
554	4	that's right, rules are rules.	Taunt	00:13:15,627	00:13:18,497	superstore	Garrett
555	0	okay, i have the papers all ready for both of you to sign.	Inform	00:13:24,370	00:13:29,641	superstore	superstore person3
555	1	just as soon as ricky texts me your social security number.	Arrange	00:13:29,675	00:13:33,279	superstore	superstore person3
555	2	hey, my boy ricky's got all my numbers.	Inform	00:13:32,812	00:13:34,814	superstore	Bo
560	0	i'm just not sure we're meant to be together.	Inform	00:18:00,579	00:18:03,415	superstore	Cheyenne
560	3	mr. thompson, uh, nice to s--see you.	Greet	00:18:15,126	00:18:18,530	superstore	superstore person2
560	4	you flunked me out of english class, and now you're flirting with my girl, son?	Criticize	00:18:18,564	00:18:20,999	superstore	Bo
560	6	come on guys, no.	Prevent	00:18:50,261	00:18:52,130	superstore	Glenn
560	8	no!	Oppose	00:18:55,501	00:18:56,535	superstore	Glenn
560	9	no. come on, put away your camera.	Arrange	00:18:58,169	00:18:59,538	superstore	Glenn
560	10	now brett's got to clean this up.	Arrange	00:19:01,573	00:19:03,575	superstore	Amy
560	11	there's nothing interesting here.	Prevent	00:19:06,044	00:19:08,714	superstore	Glenn
561	0	the comments are so mean.	Complain	00:19:11,082	00:19:14,119	superstore	Glenn
561	2	no.	Oppose	00:19:18,624	00:19:20,058	superstore	Amy
562	0	oh, what's the hurry?	Care	00:19:20,091	00:19:22,494	superstore	Garrett
562	1	bathroom. i'm off the clock.	Inform	00:19:22,528	00:19:23,662	superstore	Dina
562	2	oh, you know what, restrooms are for customers only, and it doesn't appear that you've purchased anything.	Inform	00:19:23,695	00:19:28,834	superstore	Garrett
562	5	damn it.	Complain	00:19:46,585	00:19:47,352	superstore	Dina
562	6	i hate you so much.	Criticize	00:19:49,621	00:19:51,156	superstore	Dina
563	0	guys, thank you both so much for everything.	Thank	00:19:51,189	00:19:54,626	superstore	Cheyenne
563	1	so is everything okay with bo?	Care	00:19:54,660	00:19:56,828	superstore	Glenn
563	5	this is ding-dong. that's weed.	Introduce	00:20:21,152	00:20:23,221	superstore	Bo
563	6	this is richard, and that's snapdragon.	Introduce	00:20:23,254	00:20:26,191	superstore	Bo
563	7	there goes my security deposit.	Complain	00:20:26,224	00:20:28,193	superstore	Glenn
564	0	wow, you guys really got all the dogs adopted.	Praise	00:20:29,294	00:20:32,664	superstore	Janet
564	4	well, nice working with you.	Praise	00:20:49,114	00:20:52,884	superstore	Nico
564	5	it was nice working with you too.	Praise	00:20:52,918	00:20:54,820	superstore	Jonah
566	0	it's a... interesting costume.	Praise	00:01:40,728	00:01:44,532	superstore	Jonah
566	2	boots. yes, definitely the boots.	Agree	00:01:47,868	00:01:50,237	superstore	Garrett
566	4	you guys, relax.	Advise	00:01:58,078	00:01:59,713	superstore	Amy
566	7	not so fast.	Prevent	00:02:09,690	00:02:11,525	superstore	Dina
567	0	oh, uh, there was a stabbing at the kirkwood store.	Inform	00:02:25,072	00:02:27,274	superstore	Jeff
567	4	hey. to what do we owe this honor?	Greet	00:02:51,098	00:02:53,767	superstore	Glenn
567	9	hey, did you see? i'm a hot dog.	Flaunt	00:03:08,589	00:03:11,559	superstore	Glenn
570	2	this is great.	Praise	00:05:21,489	00:05:22,556	superstore	Jonah
570	4	yeah, totally.	Agree	00:05:28,762	00:05:30,598	superstore	Cheyenne
571	0	attention, cloud 9 shoppers, i vant to suck your blood and test it for diabetes.	Inform	00:05:37,671	00:05:44,144	superstore	Garrett
571	1	at-home insulin kits are now half off.	Inform	00:05:44,177	00:05:46,880	superstore	Garrett
571	2	are you looking for spook-tacular savings?	Inform	00:05:46,914	00:05:49,517	superstore	Garrett
571	3	because cloud 9 has it all.	Inform	00:05:49,550	00:05:51,852	superstore	Garrett
571	4	attention, shoppers, i vant to suck your blood.	Inform	00:05:59,927	00:06:02,563	superstore	Garrett
571	6	oh. everybody freeze!	Inform	00:06:03,764	00:06:05,866	superstore	Dina
571	7	well, sorry, i-i actually just meant the employees.	Inform	00:06:11,705	00:06:15,876	superstore	Dina
571	8	so...unfreeze.	Inform	00:06:17,978	00:06:21,449	superstore	Dina
571	9	you okay? you look sick.	Care	00:06:25,586	00:06:26,687	superstore	Dina
573	3	okay, i'm leaving.	Leave	00:07:54,274	00:07:55,543	superstore	Amy
573	6	that headpiece looks great on you.	Praise	00:08:06,787	00:08:08,889	superstore	Dina
573	7	oh. thank you.	Thank	00:08:08,922	00:08:12,259	superstore	Amy
574	6	i think so, yeah.	Agree	00:08:39,853	00:08:41,655	superstore	Jonah
575	3	stop interrogating yourself.	Prevent	00:09:23,564	00:09:25,533	superstore	Dina
578	1	we'll get their uglies. good idea.	Praise	00:12:16,570	00:12:20,408	superstore	Glenn
578	3	there's a slit between the meat and the bun, if you could just snake your hand in.	Ask for help	00:12:27,280	00:12:31,518	superstore	Glenn
578	6	we need to come up with some kind of plan.	Advise	00:12:41,228	00:12:44,097	superstore	Nico
578	7	this place is lame on a stick.	Complain	00:12:59,212	00:13:03,183	superstore	Glenn
579	2	well, you've been acting weird and avoiding me all day.	Criticize	00:13:29,342	00:13:31,611	superstore	Dina
579	3	no, i haven't.	Oppose	00:13:31,644	00:13:33,480	superstore	Garrett
580	2	this one looks like matthew mcconaughey.	Joke	00:13:51,932	00:13:54,301	superstore	Nico
580	4	how about you take one of the nicer-looking grapefruit?	Advise	00:14:07,447	00:14:09,950	superstore	Amy
580	5	well, then if you don't care what it looks like, you can just take one of these.	Advise	00:14:11,560	00:14:14,354	superstore	Amy
581	0	that's narrow.	Complain	00:14:41,949	00:14:43,516	superstore	Glenn
581	1	where are your bathrooms?	Ask for help	00:14:46,653	00:14:48,355	superstore	Glenn
581	5	hey, bobby.	Greet	00:14:56,729	00:14:57,697	superstore	Janet
581	6	i finished marking down the clearance items.	Inform	00:14:57,730	00:14:59,366	superstore	Janet
581	7	great!	Praise	00:14:59,399	00:15:00,233	superstore	superstore person2
581	8	why don't you work on the shrink reports?	Arrange	00:15:00,257	00:15:01,925	superstore	superstore person2
581	9	oh, yeah, kelly. she's the best.	Praise	00:15:08,008	00:15:10,978	superstore	superstore person2
581	10	she was so nice to you.	Praise	00:15:11,011	00:15:13,546	superstore	Glenn
581	11	she's nice...	Praise	00:15:13,580	00:15:15,348	superstore	superstore person2
582	0	what happened to your costume?	Care	00:18:07,887	00:18:09,489	superstore	Jonah
582	1	i just didn't feel like wearing it anymore.	Complain	00:18:09,522	00:18:13,726	superstore	Amy
582	2	emma wants to hang out with her friends tonight instead of me.	Complain	00:18:13,760	00:18:16,863	superstore	Amy
582	3	oh, that's a bummer.	Comfort	00:18:16,896	00:18:19,499	superstore	Jonah
582	4	but it's, you know-it's normal, right?	Comfort	00:18:21,301	00:18:24,471	superstore	Jonah
582	8	i should probably get back out there.	Leave	00:18:53,600	00:18:56,236	superstore	Jonah
583	7	what are you in?	Care	00:21:01,994	00:21:03,062	superstore	Dina
583	9	oh, this just keeps getting better.	Complain	00:21:07,600	00:21:09,536	superstore	Garrett
584	2	why not funnel them towards, i don't know, the big-ticket stuff?	Advise	00:00:12,195	00:00:14,865	superstore	Dina
584	3	it's not even 7:00. that's too many meals.	Taunt	00:00:20,771	00:00:22,606	superstore	Dina
584	4	it's 7:00. we should open.	Inform	00:00:22,640	00:00:24,675	superstore	superstore person3
584	5	good idea. i'm on it.	Leave	00:00:24,708	00:00:25,943	superstore	Dina
584	7	no, i'm in charge.	Oppose	00:00:27,778	00:00:29,713	superstore	Glenn
584	8	i get to let the voters in.	Inform	00:00:29,747	00:00:32,716	superstore	Glenn
584	9	yeah, but i already put in the first three digits.	Inform	00:00:37,405	00:00:38,706	superstore	Dina
584	10	no!   great. three wrong codes, so now we have to wait five minutes before we can try again.	Complain	00:00:40,974	00:00:46,597	superstore	Dina
584	11	yeah. thanks, dina.	Taunt	00:00:46,630	00:00:48,766	superstore	Glenn
584	12	i'm sorry. it'll be a few minutes.	Apologise	00:00:48,799	00:00:51,769	superstore	Glenn
587	3	glenn, it just seems really shady.	Inform	00:01:54,031	00:01:56,033	superstore	Amy
587	6	see? relax.	Comfort	00:02:08,746	00:02:10,514	superstore	Glenn
587	8	by the way, the answer was the building got an f in tornado preparedness.	Inform	00:02:11,882	00:02:15,953	superstore	Glenn
587	9	the inspector says this place is a house of cards.	Inform	00:02:15,986	00:02:19,957	superstore	Glenn
589	0	beep. beep. java truck comin' through.	Joke	00:04:11,669	00:04:13,837	superstore	Glenn
589	1	what're you doing?	Care	00:04:13,871	00:04:15,038	superstore	Dina
589	2	american coffee for these american heroes.	Inform	00:04:15,072	00:04:18,408	superstore	Glenn
589	3	actually, the beans are from rwanda, but the water's from the good ol' faucet in the men's room.	Introduce	00:04:18,441	00:04:23,981	superstore	Glenn
589	4	well, as i'm sure syd here will tell you, you can't give poll workers gifts.	Inform	00:04:24,014	00:04:27,150	superstore	Dina
589	5	actually, i usually have a danish with my coffee.	Inform	00:04:29,987	00:04:32,923	superstore	superstore person3
589	6	fine, i guess i'll go buy myself a danish.	Leave	00:04:36,426	00:04:38,996	superstore	superstore person3
589	7	could you move?	Ask for help	00:04:42,199	00:04:43,701	superstore	Glenn
589	8	i'm not the one throwing myself at syd like some kind of cigarette girl.	Oppose	00:04:48,706	00:04:52,142	superstore	Glenn
589	9	i didn't do it! you did it with your tushy!	Criticize	00:05:00,851	00:05:03,653	superstore	Glenn
589	10	damn it. distract them.	Arrange	00:05:08,792	00:05:09,760	superstore	Dina
591	0	oh, these are just for people who voted.	Introduce	00:06:23,366	00:06:25,135	superstore	superstore person4
591	1	i would, but i just don't like any of the candidates.	Inform	00:06:26,303	00:06:29,106	superstore	Nico
591	2	i'm not just trying to collect stickers.	Oppose	00:06:40,017	00:06:41,785	superstore	Nico
592	0	oh, yeah. that's drying up real nice.	Praise	00:07:06,944	00:07:09,146	superstore	Dina
592	1	did you write yourself in for attorney general?	Care	00:07:09,179	00:07:11,949	superstore	Dina
592	4	there's, like, 50 ballots here.	Inform	00:07:20,623	00:07:22,860	superstore	Dina
592	5	that could change the outcome of a close election, and missouri's a swing state, so we could be changing the course of history.	Inform	00:07:22,893	00:07:27,965	superstore	Dina
592	8	we need to speed this up.	Inform	00:07:53,090	00:07:55,825	superstore	Glenn
593	3	what? no. we're making the pamphlet.	Oppose	00:09:16,706	00:09:19,209	superstore	Amy
593	5	i feel like he's mocking us.	Complain	00:09:27,217	00:09:29,219	superstore	Jonah
593	6	ooh, what about palatino?	Advise	00:09:29,252	00:09:31,588	superstore	Jonah
593	7	oh, palatino's nice, actually.	Agree	00:09:31,621	00:09:33,991	superstore	Amy
594	0	guess who got a sticker.	Flaunt	00:09:40,763	00:09:42,699	superstore	Cheyenne
594	3	i appreciate it.	Thank	00:09:55,112	00:09:57,314	superstore	Nico
596	1	you know what, i'm fed up with these corporate fat cats too.	Complain	00:11:53,230	00:11:55,465	superstore	superstore person1
596	2	thank you very much. i appreciate it.	Thank	00:12:05,408	00:12:07,877	superstore	Jonah
598	0	yeah, it's okay.	Agree	00:13:18,948	00:13:20,550	superstore	superstore person3
598	4	$10,000 and five years in prison.	Inform	00:13:32,995	00:13:35,565	superstore	superstore person3
598	6	let him answer.	Arrange	00:13:42,905	00:13:44,774	superstore	Glenn
598	7	prison.	Inform	00:13:44,807	00:13:46,175	superstore	superstore person3
601	1	yeah. i mean, like, barely.	Agree	00:16:03,112	00:16:05,548	superstore	Marcus
601	4	oh. well, that's good.	Praise	00:16:18,160	00:16:20,630	superstore	Glenn
601	5	no, that's bad.	Oppose	00:16:20,663	00:16:21,631	superstore	Marcus
601	9	okay, well, if it were me, i guess i'd get my partner to confess on tape.	Inform	00:16:30,039	00:16:33,743	superstore	Marcus
601	10	that way, if it went south, you could trade that in for a reduced sentence.	Inform	00:16:33,776	00:16:36,979	superstore	Marcus
601	11	that's what my mom did to me.	Inform	00:16:37,013	00:16:38,715	superstore	Marcus
601	14	thanks.	Thank	00:16:41,984	00:16:43,386	superstore	Glenn
602	1	oh-ho-ho. look who's in demand today.	Flaunt	00:16:49,125	00:16:53,029	superstore	Marcus
603	1	she's super cute.	Praise	00:16:59,135	00:16:59,936	superstore	Amy
603	2	yeah, she's really cute for jonah.	Agree	00:16:59,969	00:17:02,739	superstore	Nico
603	3	oh, yeah. they've had sex, like, 11 times.	Agree	00:17:04,140	00:17:06,142	superstore	Garrett
603	5	you okay, sweetie? you seem stressed.	Care	00:17:08,678	00:17:11,748	superstore	Nico
603	6	my shoulders are so tight.	Complain	00:17:13,983	00:17:16,118	superstore	Amy
603	9	maybe he's drunk.	Joke	00:17:29,799	00:17:31,100	superstore	Garrett
603	10	there's a lot of drunk people here.	Inform	00:17:31,133	00:17:32,802	superstore	Garrett
606	0	i'm sorry. i didn't know naomi was coming in today.	Apologise	00:18:19,716	00:18:23,653	superstore	Jonah
606	6	no! no, i don't care.	Oppose	00:18:33,062	00:18:34,664	superstore	Amy
606	8	so the new shift starts soon.	Inform	00:18:38,234	00:18:39,902	superstore	Jonah
606	13	put me down!	Arrange	00:19:13,302	00:19:15,271	superstore	Myrtle
606	14	he's such an idiot.	Complain	00:19:15,304	00:19:16,973	superstore	Amy
608	0	you know, that's funny, because i distinctly remembered you destroying the ballots, glenn sturgis.	Criticize	00:19:40,096	00:19:44,266	superstore	Dina
608	2	i was in my office all day long...	Inform	00:19:46,703	00:19:49,806	superstore	Glenn
608	3	excuse me.	Greet	00:19:52,642	00:19:54,110	superstore	Cheyenne
608	4	just wanted to let you know i voted.	Inform	00:19:54,143	00:19:55,878	superstore	Nico
609	1	we did it! we got langham elected!	Inform	00:20:11,327	00:20:14,764	superstore	Amy
609	3	i know! it's amazing!	Praise	00:20:20,770	00:20:22,905	superstore	Amy
609	4	oh, it's such a rush. thank you for involving me.	Thank	00:20:22,939	00:20:24,641	superstore	Marcus
609	5	no, thank you! we made a good team.	Thank	00:20:24,674	00:20:26,709	superstore	Amy
609	6	ew, no. marcus, what the hell?	Prevent	00:20:30,713	00:20:32,081	superstore	Marcus
609	10	i was just a little-marcus!	Prevent	00:20:45,094	00:20:46,362	superstore	Amy
610	0	we're missing 53 ballots.	Inform	00:20:54,804	00:20:57,073	superstore	superstore person1
613	0	ugh, what is the point of these people?	Complain	00:03:36,850	00:03:38,619	superstore	Nico
613	1	they're so bad, they make jonah look competent.	Complain	00:03:38,652	00:03:40,754	superstore	Nico
613	3	this is the grimmest year ever.	Complain	00:03:41,922	00:03:43,524	superstore	Dina
613	12	oh, i'm jonah.	Joke	00:04:08,281	00:04:10,150	superstore	Garrett
613	13	i'm too proper to gamble.	Taunt	00:04:10,183	00:04:11,952	superstore	Garrett
613	14	where's me monocle? mm-kay.	Joke	00:04:11,985	00:04:13,854	superstore	Garrett
613	15	i eat macadamia nuts out of jar inside of other jar.	Joke	00:04:15,155	00:04:18,926	superstore	Dina
613	19	yeah, well, he's not british either.	Oppose	00:04:35,943	00:04:37,310	superstore	Dina
616	1	he's a legend.	Praise	00:05:52,312	00:05:53,847	superstore	superstore person1
616	2	you sound really qualified.	Praise	00:05:53,881	00:05:56,216	superstore	Glenn
616	4	well, not yet, my fat red friend.	Oppose	00:06:07,194	00:06:10,330	superstore	Glenn
617	3	we should-we should do another round.	Advise	00:06:45,765	00:06:47,100	superstore	Jonah
617	4	oh! oh, hey! uh, we should do a pool.	Advise	00:06:52,372	00:06:55,375	superstore	Jonah
617	5	i won.	Flaunt	00:06:57,177	00:06:58,178	superstore	Jonah
619	0	look, why don't you just try to move the boxes closer to the shelf and see if that doesn't make it easier?	Advise	00:07:21,935	00:07:26,339	superstore	Amy
619	5	well, stop buying pans that i can't get wet!	Criticize	00:07:39,086	00:07:43,090	superstore	Adam
619	7	thank you for that.	Thank	00:07:53,901	00:07:55,936	superstore	Amy
620	0	ignore me. just doing some research.	Inform	00:07:58,305	00:08:00,473	superstore	Jonah
620	3	uh, just out of curiosity, how long were you at your previous job?	Care	00:08:06,113	00:08:10,150	superstore	Jonah
620	5	i just couldn't help but notice you're getting a little frustrated over here.	Care	00:08:27,100	00:08:30,170	superstore	Jonah
620	6	oh, well, we will be sorry to lose you...	Comfort	00:08:33,106	00:08:37,177	superstore	Jonah
621	1	oh, yeah, sure.	Agree	00:09:13,546	00:09:14,982	superstore	Glenn
621	7	well, i was just wondering if there was any way that we could switch around adam's schedule just so that we're not on the same shifts.	Advise	00:09:27,427	00:09:33,433	superstore	Amy
621	12	well, you were absolutely no help there.	Criticize	00:10:15,075	00:10:17,610	superstore	Glenn
623	0	glenn said the weirdest thing to me.	Complain	00:11:00,220	00:11:01,654	superstore	Amy
623	4	anyways, uh, i-i'm gonna go.	Leave	00:11:31,551	00:11:34,454	superstore	Cheyenne
623	6	why are there all these chairs?	Complain	00:11:44,164	00:11:46,133	superstore	Garrett
623	7	stupid temps.	Complain	00:11:46,166	00:11:48,501	superstore	Garrett
624	0	i was just opening up some shampoo boxes, and i think i extended my box cutter too much.	Inform	00:12:05,718	00:12:10,190	superstore	Adam
624	1	so it's kind of a mess. who do i call to clean that up?	Ask for help	00:12:10,223	00:12:12,892	superstore	Adam
624	6	i don't get it, but it's great.	Praise	00:12:47,194	00:12:48,528	superstore	Amy
625	0	oh, well, that looks like absolute crap.	Complain	00:13:01,241	00:13:03,910	superstore	superstore person1
625	1	listen, so, um, i'm not supposed to tell you this, but it's actually after 3:00, so if you quit now, they got to pay you for a full day.	Inform	00:13:07,980	00:13:16,189	superstore	Jonah
626	0	hey.	Greet	00:13:43,583	00:13:44,651	superstore	Jonah
626	1	my name's jonah.	Joke	00:13:44,684	00:13:45,785	superstore	Garrett
626	2	i couldn't possibly wager on people quitting their jobs.	Joke	00:13:45,818	00:13:49,322	superstore	Garrett
626	3	you were trying to make him quit, which is so much more awesome.	Criticize	00:13:54,361	00:13:58,231	superstore	Garrett
626	4	i wasted a lot of good years.	Complain	00:13:59,966	00:14:02,001	superstore	Garrett
627	0	you have to be ready for anything because the questions are gonna be coming fast and furious.	Inform	00:14:05,672	00:14:12,545	superstore	Glenn
627	2	hi, glenn! he's a horse!	Greet	00:14:24,591	00:14:26,626	superstore	Amy
628	0	hey, man, what you into?	Care	00:14:35,468	00:14:36,936	superstore	Garrett
628	1	what do you love? what do you hate?	Care	00:14:36,969	00:14:38,371	superstore	Garrett
628	2	let's do hate first.	Advise	00:14:38,405	00:14:39,506	superstore	Garrett
628	5	i guess not seeing my son all day.	Complain	00:14:49,482	00:14:52,452	superstore	superstore person1
633	1	one of the temporary workers quit.	Inform	00:18:01,541	00:18:03,843	superstore	Glenn
633	2	but, you know, it happens all the time, right?	Comfort	00:18:06,713	00:18:09,048	superstore	Jonah
633	3	these guys quit early. yeah, i know. it's-i'm just disappointed 'cause i hired them from my church's last chances program.	Complain	00:18:09,081	00:18:18,558	superstore	Jonah
634	0	these poor souls are just looking for a break and you turned this into thunderdome.	Criticize	00:18:36,809	00:18:40,680	superstore	Garrett
634	5	oh, my back hurts.	Complain	00:18:55,695	00:18:57,096	superstore	Amy
634	6	that table in the photo lab is really uncomfortable.	Complain	00:18:57,129	00:19:01,834	superstore	Amy
637	0	hey! isaac. hey, hey.	Greet	00:20:37,029	00:20:39,966	superstore	Jonah
637	2	i wanted to give you this.	Inform	00:20:47,139	00:20:48,908	superstore	Jonah
637	4	thank you.	Thank	00:21:00,419	00:21:01,888	superstore	superstore person1
638	2	i think i hit something with my car, but i was too tired to check.	Complain	00:01:02,556	00:01:06,560	superstore	Cheyenne
638	3	black friday is the most important day of the year.	Inform	00:01:09,763	00:01:12,933	superstore	Glenn
638	4	and the key to getting through it is to stay calm.	Inform	00:01:12,966	00:01:15,836	superstore	Glenn
638	5	you can stay george w. bush cool.	Advise	00:01:23,711	00:01:25,913	superstore	Glenn
638	7	no, why do i keep saying 9/11?	Complain	00:01:33,887	00:01:35,956	superstore	Glenn
638	8	what's 9/11?	Care	00:01:35,989	00:01:37,825	superstore	Garrett
638	9	today, you need to prepare for the worst.	Inform	00:01:40,728	00:01:42,563	superstore	Dina
638	10	if you find yourself in a jam, remember the word act: assess, communicate, take action.	Inform	00:01:42,596	00:01:47,735	superstore	Dina
638	11	assess: assess the situation.	Inform	00:01:47,768	00:01:49,770	superstore	Dina
638	12	communicate: communicate.	Inform	00:01:49,803	00:01:51,939	superstore	Dina
638	13	take action: take action.	Inform	00:01:51,972	00:01:54,708	superstore	Dina
638	14	all right, i want a minimum of five employees in each zone, eight in electronics, obviously in rolling, two-person pigeon teams.	Arrange	00:01:57,210	00:02:03,951	superstore	Amy
638	15	we'll assimilate any dead stock for tkts at the end of the day.	Inform	00:02:05,769	00:02:08,572	superstore	Amy
638	16	jonah, can you please be in charge of tracking the upts and logging them in the t7?	Arrange	00:02:10,157	00:02:14,294	superstore	Amy
638	17	yes, i certainly can.	Agree	00:02:14,327	00:02:15,863	superstore	Jonah
638	18	i just made that up. you're on spills and trash.	Arrange	00:02:15,896	00:02:17,731	superstore	Amy
639	1	also, if anyone finds a green hair thingy, it's mine.	Inform	00:02:47,861	00:02:50,931	superstore	Cheyenne
639	2	hey, any way you guys could set aside one of those 60-inch flat-screens for me?	Ask for help	00:02:55,936	00:02:59,106	superstore	superstore person1
640	0	hey, tate, how's it going?	Care	00:03:11,852	00:03:14,655	superstore	Glenn
640	5	have you had anything to drink today?	Care	00:03:54,695	00:03:55,663	superstore	Tate
640	6	i think you'll be fine.	Comfort	00:03:57,665	00:03:58,632	superstore	Tate
641	2	this is exciting! this is fun.	Praise	00:04:19,787	00:04:21,655	superstore	Jonah
641	4	wow, i just got really nauseous all of a sudden.	Complain	00:04:27,127	00:04:30,831	superstore	Amy
641	5	i'm so sorry. that's, like, a reflex a mine.	Apologise	00:04:32,099	00:04:33,233	superstore	Jonah
641	7	finish this.	Arrange	00:04:39,907	00:04:41,875	superstore	Amy
643	3	no, i can't-i can't hear you.	Complain	00:05:32,525	00:05:34,127	superstore	Amy
643	6	attention, cloud 9 shoppers.	Inform	00:05:44,938	00:05:46,807	superstore	Garrett
643	7	apparently black friday has begun.	Inform	00:05:46,840	00:05:49,109	superstore	Garrett
643	8	from all of us here at cloud 9.	Inform	00:05:49,142	00:05:56,183	superstore	Garrett
645	0	attention, shoppers.	Inform	00:06:33,353	00:06:34,521	superstore	Garrett
645	1	cloud 9 brand tablets are half off.	Inform	00:06:34,554	00:06:36,957	superstore	Garrett
645	2	the halo fog has an hd display and boasts a battery life of about 45 minutes.	Inform	00:06:36,990	00:06:41,995	superstore	Garrett
645	3	hey, i need you to work the register while tim's in the bathroom.	Arrange	00:06:42,029	00:06:44,464	superstore	Dina
645	5	it's all hands on deck, so quit your myspacing and get on the register.	Arrange	00:06:53,040	00:06:56,076	superstore	Dina
645	7	all right.	Agree	00:06:57,878	00:06:59,312	superstore	Garrett
645	8	fine, but the second you're done, i want you on register three.	Arrange	00:07:00,948	00:07:03,851	superstore	Dina
645	10	you can also view thousands of movies on the halo fog.	Inform	00:07:06,286	00:07:09,957	superstore	Garrett
645	11	i will now list some of the movies that are probably on there.	Inform	00:07:09,990	00:07:12,860	superstore	Garrett
645	12	that's a good movie.	Praise	00:07:22,035	00:07:23,203	superstore	Garrett
646	0	excuse me, do you have any more of these espresso makers in the back?	Ask for help	00:07:23,236	00:07:26,406	superstore	superstore person1
646	1	i think so, yeah.	Agree	00:07:26,439	00:07:29,042	superstore	Cheyenne
646	2	okay, could you get me one?	Ask for help	00:07:29,076	00:07:31,044	superstore	superstore person1
646	4	how do we decide who to help first?	Complain	00:07:36,917	00:07:38,418	superstore	Nico
647	1	um, do you have any extra pregnancy tests back here?	Ask for help	00:07:54,467	00:07:57,337	superstore	Amy
647	2	of course. why do you need them?	Care	00:07:57,370	00:07:58,939	superstore	Tate
647	4	didn't think you had it in you.	Taunt	00:08:08,515	00:08:10,583	superstore	Tate
648	0	oh, i'm looking for a little girl.	Ask for help	00:08:33,040	00:08:34,474	superstore	superstore person1
648	1	she has a big bow in her hair.	Introduce	00:08:34,507	00:08:36,076	superstore	superstore person1
648	2	she's carrying a baby fashion girl.	Introduce	00:08:36,109	00:08:37,677	superstore	superstore person1
648	3	okay, relax, we're gonna find her.	Comfort	00:08:37,710	00:08:39,612	superstore	Glenn
648	4	the important thing to do, though, is stay calm.	Advise	00:08:39,646	00:08:42,415	superstore	Glenn
648	6	thank god.	Thank	00:08:46,987	00:08:48,021	superstore	superstore person1
649	0	but we don't know.	Inform	00:09:01,701	00:09:02,602	superstore	Garrett
649	1	what are you still doing here?	Criticize	00:09:08,208	00:09:09,509	superstore	Dina
649	2	you're supposed to be on the register.	Criticize	00:09:09,192	00:09:10,594	superstore	Dina
649	4	yeah, that was ten minutes ago.	Criticize	00:09:12,212	00:09:13,480	superstore	Dina
650	4	i am not pregnant.	Inform	00:09:36,603	00:09:38,605	superstore	Amy
650	5	oh, i'm so sorry-or happy for you.	Comfort	00:09:38,638	00:09:42,542	superstore	Jonah
650	8	okay, dick, sorry i'm boring you.	Apologise	00:09:53,686	00:09:56,023	superstore	Amy
651	0	okay, everyone, here's the sitch: it appears that everyone in the store got very ill from food poisoning, probably from our potluck.	Inform	00:10:15,042	00:10:23,616	superstore	Glenn
651	4	oh, i like this store.	Praise	00:10:35,428	00:10:37,364	superstore	Glenn
651	5	i'm one of those people who hates being sick.	Complain	00:10:39,632	00:10:41,668	superstore	Nico
651	6	i need you to cross-check housewares.	Inform	00:10:48,608	00:10:50,310	superstore	Amy
651	8	so you can switch off.	Advise	00:10:53,480	00:10:55,048	superstore	Amy
651	9	and, um, myrtle, i'm gonna need you to start folding, like, 1,000 times faster.	Arrange	00:10:55,082	00:11:00,120	superstore	Amy
652	0	and then there's the one where tom hanks is in the airport the whole time.	Inform	00:11:13,700	00:11:18,171	superstore	Garrett
652	1	honestly, i checked out on that one.	Inform	00:11:18,205	00:11:20,373	superstore	Garrett
652	2	i didn't.	Inform	00:11:22,709	00:11:24,111	superstore	Garrett
652	3	ugh, i don't feel so hot.	Inform	00:11:24,144	00:11:25,545	superstore	Garrett
652	4	i got to take a break, y'all.	Inform	00:11:25,578	00:11:26,746	superstore	Garrett
652	5	if you're done with the announcement, register three could use a hand.	Ask for help	00:11:29,549	00:11:32,085	superstore	Dina
652	6	don't forget about  polar express.  merry christmas, kids.	Inform	00:11:39,126	00:11:42,762	superstore	Garrett
652	7	it's a nightmare.	Inform	00:11:42,795	00:11:44,131	superstore	Garrett
654	0	and then the volleyball floats away.	Inform	00:12:41,888	00:12:44,557	superstore	Garrett
654	2	oh.   i feel like my insides are crawling through my skin.	Complain	00:12:47,860	00:12:51,831	superstore	Nico
654	3	sure.	Agree	00:12:53,233	00:12:54,801	superstore	Cheyenne
654	5	you know, i think someone already bought them all.	Inform	00:12:58,971	00:13:02,842	superstore	Cheyenne
654	8	it's called war profiteering.	Flaunt	00:13:05,878	00:13:07,480	superstore	Cheyenne
654	9	i learned about it in social studies.	Flaunt	00:13:07,514	00:13:09,649	superstore	Cheyenne
655	2	yeah, no, i-i don't blame you.	Comfort	00:13:26,833	00:13:28,701	superstore	Jonah
655	5	yeah, it's, uh-it's complicated times.	Agree	00:13:48,621	00:13:51,624	superstore	Jonah
655	6	so complicated.	Complain	00:13:51,658	00:13:53,260	superstore	Amy
657	1	we're just taking a little break.	Inform	00:14:48,981	00:14:50,383	superstore	Jonah
657	2	we'll get out there in a sec.	Inform	00:14:50,417	00:14:51,784	superstore	Jonah
657	3	oh, no, i feel terrible.	Complain	00:14:54,721	00:14:55,988	superstore	Glenn
657	4	worst i've ever felt.	Complain	00:14:56,022	00:14:57,957	superstore	Glenn
661	0	i can't move.	Complain	00:19:56,222	00:19:57,924	superstore	Nico
661	1	me neither.	Complain	00:19:57,957	00:19:59,358	superstore	Cheyenne
661	2	hey, myrtle.	Greet	00:19:59,391	00:20:01,193	superstore	Glenn
661	3	could somebody poke myrtle and see if she's still alive?	Ask for help	00:20:02,428	00:20:05,798	superstore	Glenn
664	1	ugh, can we, like, get some coat hooks or something?	Ask for help	00:00:17,851	00:00:21,622	superstore	Nico
664	2	well, before we do that, can we fix this drip?	Ask for help	00:00:21,655	00:00:24,192	superstore	Amy
664	3	speaking of corporate, this memo just came through:  this time of year, many of us suffer  from seasonal affective disorder.	Inform	00:00:35,829	00:00:40,768	superstore	Dina
664	4	hmm, cloud 9 really does care.	Taunt	00:00:57,985	00:01:00,554	superstore	Garrett
664	5	well, they did send a letter.	Inform	00:01:00,588	00:01:01,955	superstore	Dina
666	0	we used to give it to charity, but then goodwill told us not to leave our trash on their loading dock.	Inform	00:02:11,224	00:02:15,028	superstore	Garrett
666	1	hurry up, sandra. it's not like you're gonna find a man in there.	Taunt	00:02:15,062	00:02:17,998	superstore	Dina
667	1	hey, anyway, um, i wanted to ask you a question.	Ask for help	00:02:52,606	00:02:55,609	superstore	Glenn
667	3	about 20.	Inform	00:03:12,326	00:03:13,661	superstore	Tate
667	5	you know, i do volunteer work at this children's ward, and there's a guy who dresses up as a clown and goes around cheering up the kids.	Introduce	00:03:20,768	00:03:28,642	superstore	Glenn
667	8	the best medicine is penicillin.	Inform	00:03:31,779	00:03:33,981	superstore	Glenn
667	9	at least it used to be. with all these superbugs now, we might all be dead in ten years, so i guess laughter's as good as anything.	Joke	00:03:34,014	00:03:40,621	superstore	Tate
667	10	okay.	Agree	00:03:40,654	00:03:41,622	superstore	Glenn
668	1	she'll think i'm slamming her for being bald.	Complain	00:03:53,367	00:03:55,736	superstore	Cheyenne
668	2	ooh, oh, it's a vhs copy of  murder, she wrote,  seasons three, episodes seven through nine.	Introduce	00:03:55,769	00:04:01,809	superstore	Garrett
668	4	a journal. all right, what do we got here?	Flaunt	00:04:05,579	00:04:09,783	superstore	Jonah
668	6	there's a squeaker in it, too. how cute is that?	Introduce	00:04:20,794	00:04:24,365	superstore	Dina
669	0	hey, cheyenne.	Greet	00:05:11,712	00:05:14,548	superstore	Glenn
669	1	how you doing?	Greet	00:05:14,582	00:05:16,917	superstore	Glenn
669	2	just a little down, you know, some days you get the giraffe, and other days you get the wig.	Complain	00:05:16,950	00:05:22,556	superstore	Cheyenne
669	3	that's so true.	Agree	00:05:22,590	00:05:24,792	superstore	Glenn
669	8	hey, janet. what's your favorite animal?	Care	00:05:51,785	00:05:54,722	superstore	Glenn
670	0	hey, dina, uh, i can't work on thursday, but brett said he'd cover for me, so could you change the schedule?	Ask for help	00:06:03,531	00:06:07,868	superstore	Garrett
670	1	oh, boy, here we go. cue garrett being weird.	Taunt	00:06:07,911	00:06:12,416	superstore	Dina
671	0	no, i'm not yelling, i am whispering.	Oppose	00:06:27,187	00:06:28,989	superstore	Amy
671	1	might i borrow these this weekend?	Ask for help	00:06:37,197	00:06:38,732	superstore	Jonah
671	2	i'm attending the opera.	Inform	00:06:38,766	00:06:39,933	superstore	Jonah
671	3	i think you left some stuff in your pockets.	Inform	00:06:47,675	00:06:50,811	superstore	Jonah
671	4	yeah, here we go. here is your old end of a joint.	Introduce	00:06:50,844	00:06:54,648	superstore	Jonah
671	5	an old receipt, and, uh, here is your...	Introduce	00:07:12,566	00:07:18,238	superstore	Jonah
674	2	maybe if you go a little faster?	Advise	00:09:07,915	00:09:09,650	superstore	Garrett
674	3	oh, good! good, good.	Praise	00:09:14,822	00:09:16,657	superstore	Glenn
674	5	no, no, no, no, no, i-i'll keep going.	Oppose	00:09:24,031	00:09:26,133	superstore	Glenn
674	7	oh, grow up.	Criticize	00:09:33,974	00:09:35,809	superstore	Dina
677	1	no. sorry.	Apologise	00:11:27,955	00:11:30,190	superstore	Sandra
677	3	guys, guys, hold on just a second.	Prevent	00:11:40,300	00:11:42,469	superstore	Jonah
677	4	so amy found the money, and amy's always wanted to get a massage at this day spa.	Inform	00:11:42,502	00:11:46,874	superstore	Jonah
677	6	we should treat ourselves to something nice.	Advise	00:11:51,579	00:11:53,781	superstore	Garrett
678	3	you're actually the third v-card i've taken.	Inform	00:13:12,793	00:13:14,862	superstore	Dina
680	0	oh, i'd do it myself, but not waterproof.	Introduce	00:14:15,889	00:14:20,594	superstore	Tate
680	2	okay.	Agree	00:14:45,085	00:14:46,219	superstore	Tate
682	0	there's a sign-up sheet.	Introduce	00:16:17,945	00:16:19,780	superstore	Tate
682	3	i'm not gonna apologize for taking advantage of a loophole.	Inform	00:16:25,886	00:16:29,122	superstore	Tate
682	5	thank you.	Thank	00:16:48,141	00:16:49,877	superstore	Amy
682	8	oh, this is so nice.	Praise	00:16:53,914	00:16:57,885	superstore	Amy
682	10	guess what. i found the guy who lost the $900.	Inform	00:17:00,921	00:17:03,991	superstore	Sandra
682	11	so i read the date of the receipt for the arizona iced tea and remembered that i had sold it seven months ago.	Inform	00:17:10,887	00:17:16,269	superstore	Sandra
682	12	right, 'cause you have that awesome memory where you don't forget anything.	Taunt	00:17:16,303	00:17:19,306	superstore	Amy
682	13	anyway, i remembered selling the same man a pack of tube socks back on march 29th, so i searched the loyalty card database and there he was.	Inform	00:17:24,044	00:17:30,350	superstore	Sandra
682	14	stuart mitchell.	Introduce	00:17:30,383	00:17:32,052	superstore	Sandra
682	15	thank you so much for calling me.	Thank	00:17:32,886	00:17:35,555	superstore	superstore person1
682	16	i work with my church counseling at-risk youth, and this was the money i'd gotten together to organize a field trip to peru.	Introduce	00:17:35,588	00:17:42,295	superstore	superstore person1
682	19	you guys have a really nice break room.	Praise	00:18:15,328	00:18:18,398	superstore	superstore person1
685	4	adam's sleeping in the basement.	Inform	00:20:11,411	00:20:15,348	superstore	Amy
685	6	no, thank you.	Thank	00:20:52,052	00:20:55,755	superstore	Amy
687	0	uh, moving on, we have buttons for everybody to wear today, and there's a vp coming in to oversee this rollout.	Inform	00:01:17,605	00:01:25,746	superstore	Jeff
687	3	oh, that's kelsey, from cloud 9.	Introduce	00:01:31,985	00:01:33,821	superstore	Jeff
687	4	she's the new supercloud mascot.	Introduce	00:01:33,854	00:01:36,524	superstore	Jeff
687	5	and it could have, like, a cape or something, and, like, little cloud muscles.	Advise	00:01:51,004	00:01:57,711	superstore	Cheyenne
687	7	here are some words we'd like you guys to pepper in to the conversation today whenever supercloud comes up, obviously, so  cool,   millennial,   on fleek...  have to go back to the superhero mascot, i'm so sorry, that's just a home run.	Inform	00:02:05,786	00:02:19,767	superstore	Jeff
689	1	like stretched-out danny devito.	Taunt	00:03:17,958	00:03:19,760	superstore	Nico
689	2	i want you to meet rex joshi. he's in from the main office.	Introduce	00:03:20,994	00:03:23,330	superstore	Jeff
689	3	hey, call me mr. joshi. pleasure to meet you.	Greet	00:03:23,363	00:03:25,766	superstore	superstore person1
689	4	so good to meet you. so good to meet you guys.	Greet	00:03:25,799	00:03:28,001	superstore	superstore person1
689	5	let me tell you something: we are so excited about this supercloud.	Praise	00:03:28,035	00:03:30,871	superstore	superstore person1
689	9	you are management, so you're most at fault here.	Criticize	00:03:57,397	00:04:00,801	superstore	Jeff
689	10	that is not how you climb a ladder, you   turd!	Criticize	00:04:10,678	00:04:14,047	superstore	Dina
690	0	hey, cheyenne, can you go wake up this lady that fell asleep in electronics?	Arrange	00:04:17,084	00:04:21,722	superstore	Glenn
690	1	last time i tried something like that, i got punched in the beans.	Complain	00:04:21,755	00:04:24,658	superstore	Glenn
690	2	it's normally so expensive i can barely afford her eye shadow.	Complain	00:04:28,729	00:04:31,832	superstore	Cheyenne
690	5	you'll have to do it when your shift's over.	Arrange	00:04:44,177	00:04:46,113	superstore	Glenn
691	2	could you pull that up a little bit higher?	Ask for help	00:05:27,087	00:05:31,058	superstore	superstore person2
694	2	just a couple times in the mirror, don't worry about it.	Comfort	00:07:23,236	00:07:26,573	superstore	Nico
694	3	okay, listen. i know you're really stressed out, but, okay, this isn't you, okay?	Comfort	00:07:26,606	00:07:31,879	superstore	Nico
694	5	well, that's hurtful.	Complain	00:07:40,888	00:07:43,023	superstore	Jeff
694	9	i love that you and chad are still close.	Taunt	00:07:58,638	00:08:01,875	superstore	Nico
695	0	garrett, can you please formulate a global strategy to fold the yoga pants in softline?	Ask for help	00:08:04,978	00:08:12,252	superstore	Amy
695	1	very clever. so great to reconnect with you, rex.	Praise	00:08:15,522	00:08:17,925	superstore	Jonah
695	8	nice job with this area, everyone.	Praise	00:08:59,432	00:09:02,669	superstore	Jeff
695	9	good job managing, dina.	Praise	00:09:02,702	00:09:04,337	superstore	Jeff
695	10	thank you, jeff.	Thank	00:09:04,371	00:09:05,405	superstore	Dina
695	11	good job with this area.	Praise	00:09:18,051	00:09:20,053	superstore	Jeff
695	12	well, it seems we've got a rat in the store.	Taunt	00:09:23,156	00:09:29,529	superstore	Dina
696	2	okay, well, that's, uh, disappointing.	Complain	00:10:18,378	00:10:22,249	superstore	Glenn
696	5	well, then, you're fired.	Inform	00:10:43,136	00:10:44,637	superstore	Glenn
696	7	of course you're not fired. i love you!	Joke	00:10:46,406	00:10:49,142	superstore	Glenn
696	8	okay, well, thank you.	Thank	00:10:49,176	00:10:50,743	superstore	Jonah
697	1	sandra is having an affair with jeff.	Criticize	00:14:07,807	00:14:10,477	superstore	Dina
697	2	don't you deny it! you were seen kissing on the loading dock.	Criticize	00:14:11,444	00:14:13,780	superstore	Dina
699	0	jeff and i have these cute nicknames for each other.	Flaunt	00:16:28,681	00:16:29,749	superstore	Sandra
699	4	oh, yeah, all the time.	Agree	00:16:45,598	00:16:47,700	superstore	Sandra
699	5	is there a coffee machine in there?	Care	00:16:47,734	00:16:49,168	superstore	Dina
701	0	hey, iceman, i was looking for you.	Greet	00:19:53,505	00:19:56,175	superstore	superstore person1
701	1	hey, rex joshi.	Greet	00:20:08,020	00:20:09,455	superstore	superstore person1
701	4	welcome to the  no options  club.	Joke	00:20:31,944	00:20:35,181	superstore	Amy
702	0	good morning, everyone.	Greet	00:00:01,002	00:00:01,536	superstore	Glenn
702	2	oh, good, i'm glad you're excited, because our computer system is down, so today all we can take is cash.	Inform	00:00:10,278	00:00:16,517	superstore	Glenn
702	3	oh, she's been late a lot lately.	Inform	00:00:25,193	00:00:26,494	superstore	Nico
702	4	last thursday, last monday. thursday before that.	Inform	00:00:26,527	00:00:29,130	superstore	Nico
702	6	it has nothing to do with emma, okay?	Oppose	00:00:34,602	00:00:37,538	superstore	Glenn
702	8	it is not drugs!	Oppose	00:00:49,117	00:00:50,551	superstore	Glenn
702	9	it's just marriage counseling.	Inform	00:00:50,584	00:00:52,553	superstore	Glenn
702	11	look, adam hasn't even moved out.	Inform	00:00:59,669	00:01:01,871	superstore	Glenn
702	12	so, you know, just clam up your face holes.	Prevent	00:01:09,670	00:01:13,274	superstore	Glenn
702	13	sorry i'm late. traffic.	Apologise	00:01:19,247	00:01:21,449	superstore	Amy
702	14	sorry.	Apologise	00:01:32,626	00:01:38,699	superstore	Cheyenne
705	0	if you want, you can tell everyone something embarrassing about me.	Inform	00:03:01,014	00:03:05,419	superstore	Glenn
705	2	listen. buck up, buttercup.	Comfort	00:03:21,469	00:03:23,271	superstore	Dina
705	6	um--yeah, no.	Oppose	00:03:29,810	00:03:32,380	superstore	Amy
705	11	i am the worst friend.	Apologise	00:03:43,424	00:03:44,992	superstore	Glenn
705	12	yeah, you are.	Agree	00:03:45,025	00:03:46,460	superstore	Dina
706	0	i call dibs on amy.	Inform	00:03:53,301	00:03:54,468	superstore	Marcus
706	1	but you can't just call dibs on a human.	Oppose	00:03:54,502	00:03:56,737	superstore	Jonah
706	3	did i? no, i--no.	Oppose	00:03:58,071	00:03:59,072	superstore	Jonah
706	4	no, actually, naomi and i broke up.	Inform	00:04:02,676	00:04:04,712	superstore	Jonah
707	2	i know.	Agree	00:04:24,665	00:04:26,434	superstore	Sandra
707	4	i can't believe she's still pretending to be dating jeff.	Complain	00:04:30,671	00:04:33,341	superstore	Nico
707	5	i'm dating jeff, okay?	Inform	00:04:33,374	00:04:34,608	superstore	Nico
707	8	someone sounds   jealous.	Taunt	00:04:37,545	00:04:41,515	superstore	Cheyenne
708	1	ooh, nice assist!	Praise	00:04:58,599	00:04:59,800	superstore	Garrett
708	2	hey, i played basketball when i was a kid until my parents let me stop.	Introduce	00:04:59,833	00:05:04,104	superstore	Jonah
710	0	yeah, you didn't have to kidnap me, dina.	Oppose	00:05:41,909	00:05:43,477	superstore	Amy
710	1	all right, everybody. first on the agenda: free talk.	Inform	00:05:47,248	00:05:50,718	superstore	Dina
710	2	also, no religion or politics. too divisive.	Inform	00:05:53,287	00:05:55,523	superstore	Dina
710	3	also, don't tell a story about someone we don't all know.	Inform	00:05:55,556	00:05:58,559	superstore	Dina
710	4	it makes people feel excluded.	Inform	00:05:58,592	00:06:00,528	superstore	Dina
710	5	other than that, sky's the limit.	Inform	00:06:00,561	00:06:03,231	superstore	Dina
710	6	we're not talking about music!	Oppose	00:06:11,004	00:06:12,873	superstore	Dina
711	1	are you literally insane?	Criticize	00:06:27,020	00:06:28,922	superstore	Nico
711	2	sorry, mateo. could you throw us back the muffin ball, though?	Apologise	00:06:28,956	00:06:31,392	superstore	Garrett
711	4	hey, yo, you know what?	Greet	00:06:33,427	00:06:35,729	superstore	Garrett
711	5	hey, thanks, mateo!	Thank	00:06:37,731	00:06:39,367	superstore	Garrett
711	7	just get the blockers.	Arrange	00:06:42,503	00:06:44,004	superstore	Garrett
712	1	cut to: glug, glug, glug, glug.	Joke	00:06:49,777	00:06:51,645	superstore	Justine
712	2	oh, uh, white wine. two ice cubes.	Inform	00:06:53,547	00:06:56,384	superstore	Justine
712	3	i'll take a rusty spaniard.	Inform	00:06:56,417	00:06:58,652	superstore	Myrtle
712	5	i'll have four beers, please.	Inform	00:07:11,031	00:07:13,767	superstore	Cheyenne
712	6	how about we order our meals at the same time and then maybe you can just bring the check now.	Advise	00:07:13,801	00:07:18,672	superstore	Amy
713	1	i'm throwing this away.	Inform	00:07:44,031	00:07:46,400	superstore	Glenn
713	3	is the best you can do good? whoo.	Taunt	00:07:54,074	00:07:55,809	superstore	Garrett
713	5	well, i get the emails.	Inform	00:08:01,114	00:08:02,983	superstore	Glenn
713	6	i mean, i'd say you're a natural.	Praise	00:08:03,817	00:08:05,453	superstore	Garrett
713	7	please! anyone can hit that stupid mannequin.	Taunt	00:08:13,126	00:08:15,363	superstore	Nico
713	8	i did it! i'm simone biles!	Flaunt	00:08:27,475	00:08:29,710	superstore	Nico
714	0	so, cheyenne, how are things with you and bo?	Care	00:08:46,334	00:08:49,703	superstore	Amy
714	1	little dangerous, little mysterious, little dyslexic.	Introduce	00:08:51,905	00:08:56,877	superstore	Cheyenne
714	2	and, um, sandra, you're still with jeff?	Care	00:09:02,616	00:09:05,586	superstore	Amy
714	3	um, yeah. it's fine.	Agree	00:09:05,619	00:09:08,356	superstore	Sandra
714	5	we need deets.	Inform	00:09:10,491	00:09:11,559	superstore	Dina
714	7	oh, god, he's...gentle and strong.	Praise	00:09:28,376	00:09:33,647	superstore	Sandra
714	8	sometimes he's dark.	Introduce	00:09:33,681	00:09:36,250	superstore	Sandra
715	0	oh, yeah? what are you gonna do about it?	Taunt	00:10:53,494	00:10:55,463	superstore	Marcus
715	1	call your girlfriend amy?	Taunt	00:10:55,496	00:10:56,797	superstore	Marcus
715	2	what? no. that's--why would i--	Oppose	00:10:56,830	00:10:58,699	superstore	Jonah
717	0	okay, this is gonna sound so naughty, but should we get another round of drinks?	Advise	00:11:13,614	00:11:17,718	superstore	Justine
717	1	look, i really appreciate this gesture, i do.	Thank	00:11:25,226	00:11:29,029	superstore	Amy
717	2	yeah, um...	Agree	00:11:43,677	00:11:45,813	superstore	Dina
717	3	yeah, i'm sorry this wasn't perfect.	Apologise	00:11:45,846	00:11:47,515	superstore	Dina
717	4	no. we can stay.	Oppose	00:11:56,424	00:11:58,426	superstore	Amy
717	5	no, it's fine. forget it, i'll just--	Comfort	00:11:58,459	00:11:59,860	superstore	Dina
717	7	no, no, no. we can stay, dina.	Oppose	00:12:01,629	00:12:03,731	superstore	Amy
717	8	i want to stay.	Inform	00:12:03,764	00:12:05,666	superstore	Amy
717	11	no, cheyenne, she's not an option.	Oppose	00:12:31,492	00:12:34,061	superstore	Amy
717	12	she sucks!	Complain	00:12:35,763	00:12:37,498	superstore	Cheyenne
717	14	no. no, no, no, really. i have.	Oppose	00:12:57,618	00:13:00,120	superstore	Dina
717	17	i had to erase the security camera footage.	Inform	00:13:10,097	00:13:13,667	superstore	Dina
718	0	where are the paper towels?	Ask for help	00:13:20,240	00:13:21,709	superstore	superstore person1
718	1	i'm sorry, i don't think we sell those here.	Apologise	00:13:21,742	00:13:24,578	superstore	Glenn
718	3	he's gonna be fine.	Comfort	00:13:44,698	00:13:47,000	superstore	Nico
719	3	three jet skis in that garage.	Introduce	00:14:34,375	00:14:35,809	superstore	Dina
719	4	thanks.	Thank	00:14:37,678	00:14:38,779	superstore	Amy
720	0	oh. you okay?	Care	00:15:04,272	00:15:07,341	superstore	Nico
720	2	winner gets amy.	Inform	00:15:33,301	00:15:34,435	superstore	Marcus
720	3	you--what--you can't win a person by throwing a taped up muffin at a bucket.	Oppose	00:15:34,468	00:15:38,706	superstore	Jonah
720	4	oh, yeah? then what's this?	Taunt	00:15:38,739	00:15:43,244	superstore	Marcus
720	5	boom! yes!	Flaunt	00:15:43,277	00:15:44,645	superstore	Marcus
722	1	what's up, ames?	Care	00:18:10,658	00:18:12,793	superstore	Marcus
722	2	hey, uh...keep me posted on things.	Inform	00:18:14,928	00:18:19,032	superstore	Marcus
722	5	no.	Oppose	00:18:33,914	00:18:36,016	superstore	Cheyenne
723	0	hello--hello, glenn. good mor--afternoon.	Greet	00:18:55,035	00:18:56,904	superstore	Dina
723	1	good afternoon to you.	Greet	00:18:56,937	00:18:58,739	superstore	Dina
723	3	thank you.	Thank	00:19:05,946	00:19:07,748	superstore	Glenn
723	5	are you okay?	Care	00:19:09,550	00:19:10,751	superstore	Glenn
725	6	yeah, no, i-i like it, i like it.	Praise	00:20:57,691	00:21:01,995	superstore	Amy
727	7	no, i just don't think people come here to find love.	Oppose	00:02:06,854	00:02:09,990	superstore	Amy
727	10	oh! that is such a good idea.	Praise	00:02:16,764	00:02:18,966	superstore	Glenn
729	0	you guys, look what jeff just sent me.	Flaunt	00:03:01,675	00:03:04,778	superstore	Sandra
729	5	look what jeff just sent me.	Flaunt	00:03:29,369	00:03:31,071	superstore	Sandra
729	6	oh, we need more tissue paper.	Leave	00:03:34,041	00:03:36,844	superstore	Nico
729	7	what's wrong with him?	Care	00:03:38,145	00:03:40,080	superstore	Garrett
730	0	hello.	Greet	00:04:06,874	00:04:07,875	superstore	superstore person1
730	1	welcome to cloud 9.	Greet	00:04:07,908	00:04:09,042	superstore	superstore person1
730	2	and you must be the little princess we've been expecting.	Praise	00:04:09,076	00:04:13,681	superstore	superstore person1
730	5	oh, that's so sweet.	Praise	00:04:36,770	00:04:38,972	superstore	Amy
731	0	you're doing great.	Praise	00:04:52,786	00:04:54,788	superstore	Dina
731	1	good, good, good.	Praise	00:04:56,189	00:04:57,424	superstore	Dina
731	3	hey, jonah.	Greet	00:05:09,236	00:05:11,071	superstore	Glenn
731	6	oh, wow. i'm--i'm so sorry.	Apologise	00:05:23,050	00:05:26,086	superstore	Glenn
731	8	i'm so sorry.	Apologise	00:05:29,056	00:05:30,690	superstore	Glenn
732	1	what about you? any hot valentine's day plans?	Care	00:05:39,967	00:05:42,803	superstore	Cheyenne
734	0	hey. oh, what is arthur doing in womenswear?	Care	00:06:38,959	00:06:42,796	superstore	Glenn
734	5	glenn, again, an arrow. never mind.	Comfort	00:07:04,792	00:07:08,696	superstore	Amy
735	0	i'm so sorry.	Apologise	00:08:15,155	00:08:16,890	superstore	Jonah
735	1	are you okay?	Care	00:08:16,924	00:08:17,724	superstore	Jonah
735	4	are you sure? 'cause i can give you a ride to the hospital.	Care	00:08:23,096	00:08:25,933	superstore	Jonah
738	1	wh--what you got there?	Care	00:09:38,879	00:09:41,715	superstore	Amy
738	6	just look around. look-look under that sweater.	Arrange	00:09:56,363	00:09:58,866	superstore	Glenn
738	8	you don't have to cry, sweetie.	Comfort	00:10:13,814	00:10:16,383	superstore	Amy
738	9	he won't leave me alone.	Complain	00:10:16,416	00:10:18,919	superstore	Myrtle
738	10	why won't he leave me alone?	Complain	00:10:18,952	00:10:22,690	superstore	Myrtle
739	0	that's crazy.	Complain	00:10:35,712	00:10:37,113	superstore	Amy
739	3	arthur? he's so sweet.	Praise	00:10:58,091	00:11:00,794	superstore	Amy
739	7	stop talking, glenn.	Prevent	00:11:15,743	00:11:16,810	superstore	Amy
740	6	yeah, i'm free.	Agree	00:12:21,241	00:12:23,043	superstore	superstore person1
741	0	she's not the shoplifter.	Inform	00:12:23,076	00:12:25,545	superstore	Jonah
741	2	oh, no, no, no. that was just--	Oppose	00:12:30,918	00:12:32,152	superstore	Jonah
741	6	thank you for your service.	Thank	00:12:47,267	00:12:48,836	superstore	Dina
744	4	ahh, what a small, thoughtful...small gift.	Taunt	00:18:07,654	00:18:12,625	superstore	Nico
744	11	i'm sorry. i've been dealing with a lot of drama today.	Apologise	00:18:37,817	00:18:40,153	superstore	Nico
747	1	i did. yeah.	Agree	00:02:40,120	00:02:41,922	superstore	Amy
747	2	a promotion with no raise. well done.	Praise	00:02:41,955	00:02:44,091	superstore	Amy
747	3	okay. so you can clean this up?	Arrange	00:02:53,166	00:02:55,769	superstore	Amy
747	4	i got a lot on my plate right now, uh, but sure, yeah, i'll take care of it.	Agree	00:02:55,803	00:03:01,074	superstore	Marcus
747	5	you know what they say: heavy is the head that wears the pants.	Joke	00:03:01,108	00:03:04,845	superstore	Marcus
748	0	ooh, it is pleasant as hell in here.	Praise	00:03:15,756	00:03:18,692	superstore	Garrett
748	1	i'm trying to get them to fix it, but, my god, these people!	Complain	00:03:24,197	00:03:27,267	superstore	Glenn
748	2	i'm doing everything i can.	Inform	00:03:33,140	00:03:34,975	superstore	Glenn
748	6	okay, i can work with that. yes, glenn.	Agree	00:03:54,161	00:03:56,096	superstore	Garrett
748	7	get out there and fix that heating system or whatever.	Arrange	00:03:56,129	00:04:00,968	superstore	Garrett
748	8	yeah, go fix it. and take your time!	Arrange	00:04:07,207	00:04:10,043	superstore	Garrett
749	0	you're getting your gross guy heat all over me.	Criticize	00:04:21,154	00:04:23,223	superstore	Cheyenne
749	1	oh, i'm sorry. is this better? is this helping?	Taunt	00:04:23,256	00:04:25,793	superstore	Nico
750	0	i am really sorry.	Apologise	00:04:33,366	00:04:35,168	superstore	superstore person1
750	1	it's fine. it's not real leather anyway.	Comfort	00:04:39,206	00:04:42,075	superstore	Amy
750	3	no. just other it guys.	Oppose	00:04:50,250	00:04:52,920	superstore	superstore person1
750	5	here you are.	Inform	00:05:06,033	00:05:07,267	superstore	Jonah
750	6	i'm in it.	Introduce	00:05:10,337	00:05:12,139	superstore	superstore person1
752	0	marcus, a customer just slipped on the spill.	Inform	00:05:52,212	00:05:55,148	superstore	Amy
752	1	yeah, sorry, ames. we'll get to it.	Apologise	00:05:55,182	00:05:56,850	superstore	Marcus
752	2	yeah, no, i get it. it's hot everywhere.	Agree	00:05:59,086	00:06:01,254	superstore	Amy
752	3	okay. relax.	Comfort	00:06:03,090	00:06:04,925	superstore	Marcus
752	4	there's no need to get emotional.	Comfort	00:06:04,958	00:06:06,193	superstore	Marcus
752	7	okay, you know what? it's not a big deal.	Comfort	00:06:10,663	00:06:13,266	superstore	Amy
752	10	yeah, you little sourpuss.	Joke	00:06:26,446	00:06:28,882	superstore	Marcus
754	0	i cannot believe he told me to smile.	Complain	00:06:51,712	00:06:52,512	superstore	Amy
754	1	yeah. that's so out of line.	Criticize	00:06:53,974	00:06:55,375	superstore	Jonah
754	2	i completely agree.	Agree	00:06:55,408	00:06:56,977	superstore	Jonah
754	5	you know what? maybe let's just let this one go, you know?	Advise	00:07:06,519	00:07:08,388	superstore	Jonah
754	9	no. no. no. it's just-remembering that all of us are in the hot store, you know?	Oppose	00:07:20,500	00:07:28,175	superstore	Jonah
754	10	what is wrong with people today?	Complain	00:07:38,185	00:07:42,322	superstore	Amy
755	3	your job is to hand me the tools as i need them, okay?	Inform	00:07:55,368	00:08:00,040	superstore	Glenn
755	5	in fact, my ancestors built the ships that brought the very first african-americans to this country.	Introduce	00:08:07,214	00:08:14,187	superstore	Glenn
755	6	no!	Oppose	00:08:16,323	00:08:18,391	superstore	Glenn
755	7	no.	Oppose	00:08:18,425	00:08:20,360	superstore	Glenn
756	0	i've got a really bad itch at the back of my throat.	Inform	00:08:48,188	00:08:50,323	superstore	Dina
756	3	oh, it's not your fault. you're just an annoying person.	Criticize	00:09:10,410	00:09:12,345	superstore	Dina
756	4	look, let's be adults and just not talk.	Advise	00:09:12,379	00:09:14,414	superstore	Garrett
756	7	thank you both for agreeing to sit down.	Thank	00:09:32,099	00:09:35,335	superstore	Jonah
758	0	okay, so...	Inform	00:10:54,614	00:10:56,716	superstore	Amy
758	1	we had to let marcus go.	Inform	00:11:00,453	00:11:01,554	superstore	Amy
758	5	anyway, the rest of the warehouse walked out in solidarity with him.	Inform	00:11:08,461	00:11:12,432	superstore	Amy
758	9	guys, it's fine, okay?	Comfort	00:11:38,291	00:11:39,359	superstore	Jonah
758	10	i've got the manual, so, you know, all we need, really, are two people throwing the truck, one pushing the line, one on bulk transition, two pulling pallets, three pre-pushing hba, and one person bowling c and d.	Arrange	00:11:39,392	00:11:54,474	superstore	Jonah
758	11	let's do that.	Arrange	00:11:57,810	00:11:59,512	superstore	Amy
759	0	okay, guys. good work.	Praise	00:13:33,740	00:13:36,476	superstore	Amy
759	3	don't worry, sandra. everything's gonna be okay.	Comfort	00:13:49,356	00:13:50,823	superstore	Nico
759	4	just toss the scanner over to us.	Arrange	00:13:50,857	00:13:52,925	superstore	Nico
760	4	really? that's awesome.	Praise	00:14:36,469	00:14:39,639	superstore	Cheyenne
760	6	i'm just a pathetic, useless old man, apparently descended from slave traders.	Complain	00:14:46,679	00:14:53,853	superstore	Glenn
761	1	you ever considered a career as a pro wrestler?	Joke	00:16:07,860	00:16:10,897	superstore	Jonah
761	2	actually, yes.	Agree	00:16:10,930	00:16:13,633	superstore	Amy
761	8	that heat was making me insane.	Complain	00:16:31,584	00:16:33,753	superstore	Amy
762	4	we should just go!	Advise	00:17:05,852	00:17:08,020	superstore	Glenn
762	5	we should just travel the world together, you and me.	Advise	00:17:10,056	00:17:14,561	superstore	Glenn
762	11	sure.	Agree	00:17:38,618	00:17:39,652	superstore	Cheyenne
763	2	totally. i am so sorry.	Apologise	00:19:16,816	00:19:18,217	superstore	Marcus
763	5	i'm really sorry.	Apologise	00:19:30,930	00:19:32,965	superstore	Marcus
763	7	so i'm gonna let you off with a warning this time.	Inform	00:19:39,271	00:19:42,308	superstore	Amy
765	1	oh, it's true.	Inform	00:01:21,924	00:01:24,461	superstore	Dina
765	3	yeah, all of it.	Agree	00:01:26,620	00:01:27,621	superstore	Dina
765	4	hey, sandra. how's it going?	Greet	00:01:32,426	00:01:35,229	superstore	Amy
765	5	how are things, sandra.	Greet	00:01:43,237	00:01:44,638	superstore	Amy
765	6	how's jeff?	Care	00:01:44,681	00:01:45,882	superstore	Amy
765	8	i hate paris.	Inform	00:01:52,980	00:01:54,482	superstore	Dina
765	9	that place is just one giant gay ashtray.	Complain	00:01:54,215	00:01:56,417	superstore	Dina
766	2	and buttons.	Inform	00:02:20,241	00:02:21,642	superstore	Glenn
766	5	it's not.	Oppose	00:02:33,354	00:02:34,622	superstore	Jonah
766	7	no, no-no-no. glenn, come on, no.	Oppose	00:02:36,757	00:02:38,125	superstore	Jonah
766	9	oh... not even you.	Taunt	00:02:40,828	00:02:43,464	superstore	Glenn
766	10	no, that's--i-that's out of context.	Oppose	00:02:43,297	00:02:45,199	superstore	Jonah
766	11	i have to take these buttons over there.	Leave	00:02:45,233	00:02:47,167	superstore	Glenn
767	0	yeah, that all sounds pretty medically accurate.	Agree	00:03:04,318	00:03:06,454	superstore	Garrett
767	4	okay, look, i wasn't actually home sick yesterday.	Inform	00:03:20,734	00:03:24,705	superstore	Amy
767	8	okay, here's what you do.	Advise	00:03:46,694	00:03:50,331	superstore	Garrett
767	10	it's true, amy. that's what happens.	Agree	00:04:02,743	00:04:05,613	superstore	Cheyenne
767	11	okay, thanks, guys.	Thank	00:04:05,646	00:04:07,615	superstore	Amy
767	12	this was great. mm-hmm.	Praise	00:04:07,648	00:04:08,782	superstore	Amy
767	13	helpful. thanks.	Thank	00:04:08,816	00:04:11,352	superstore	Amy
767	15	nah, it's better just to stay out of it.	Oppose	00:04:15,623	00:04:17,358	superstore	Garrett
769	0	i picked you up some samples.	Inform	00:05:35,703	00:05:39,573	superstore	Dina
769	3	well played. now i call first dibs, but you can use those with whoever you want-i mean, me, someone else, solo work.	Inform	00:05:54,755	00:06:01,128	superstore	Dina
771	3	just do nothing.	Advise	00:07:53,841	00:07:55,175	superstore	Garrett
771	4	man, that is true. he's killing it.	Agree	00:07:59,980	00:08:02,916	superstore	Cheyenne
772	0	oh, all right.	Agree	00:08:36,950	00:08:39,019	superstore	Jonah
772	1	i mean, what are you? the president of bikes?	Taunt	00:08:48,796	00:08:52,165	superstore	Glenn
772	2	you--are you okay? glenn?	Care	00:08:52,199	00:08:55,936	superstore	Jonah
772	3	are you okay?	Care	00:08:55,969	00:08:56,937	superstore	Jonah
773	1	uh, what? uh, no, why?   um...i don't know, you know.	Oppose	00:09:08,716	00:09:12,986	superstore	Nico
773	2	she's always yap-yapping about something.	Complain	00:09:13,020	00:09:15,222	superstore	Nico
773	3	you know, something suspicious is going on.	Inform	00:09:15,255	00:09:16,990	superstore	Dina
773	4	what she described to me yesterday...	Inform	00:09:17,024	00:09:19,927	superstore	Dina
775	0	hey, guys, did you hear?	Greet	00:12:46,359	00:12:47,694	superstore	Nico
775	1	sandra's pregnant with my boyfriend's baby.	Inform	00:12:47,727	00:12:50,330	superstore	Nico
775	2	oh, yeah, there's a card going around.	Agree	00:12:50,363	00:12:52,165	superstore	Garrett
775	4	okay, what if we say that jeff has a twin brother, and sandra has been dating him?	Advise	00:13:05,345	00:13:11,351	superstore	Cheyenne
776	2	yeah, jeff knocked her up, then dumped her for mateo.	Inform	00:13:35,007	00:13:38,378	superstore	Marcus
776	5	yeah, totally.	Agree	00:13:49,989	00:13:51,724	superstore	Jonah
776	6	jonah, you might be book smart and bike smart, but you don't get to be right about everything.	Oppose	00:14:20,587	00:14:25,758	superstore	Glenn
776	7	oh, really? that--there's a refreshing change of pace.	Taunt	00:14:28,227	00:14:30,997	superstore	Glenn
778	0	okay, glenn. glenn?	Comfort	00:15:39,098	00:15:41,100	superstore	Jonah
778	1	i need you to hold your hand like this, and breathe through alternating nostrils, okay?	Arrange	00:15:41,133	00:15:44,704	superstore	Jonah
778	3	no, it was after the-for the next one.	Oppose	00:15:50,510	00:15:53,446	superstore	Jonah
778	7	okay. how's that working out for ya?	Care	00:16:05,157	00:16:07,560	superstore	Jonah
780	0	no, it's okay.	Comfort	00:18:42,982	00:18:44,250	superstore	Jeff
781	3	hey, dina, amy went to go see  lego batman  yesterday.	Inform	00:19:23,856	00:19:28,227	superstore	Garrett
781	4	i'm gonna have to call you back.	Leave	00:19:28,260	00:19:29,929	superstore	Dina
784	4	oh, sorry.	Apologise	00:02:09,890	00:02:10,691	superstore	Dina
784	5	i just thought he was really into you.	Taunt	00:02:10,724	00:02:13,561	superstore	Dina
784	6	he is.   he's obsessed with me.	Flaunt	00:02:13,594	00:02:17,531	superstore	Nico
786	4	i told you, he's obsessed with me.	Flaunt	00:04:25,893	00:04:28,195	superstore	Nico
786	5	oh, you really need to work on your good news voice.	Taunt	00:04:28,228	00:04:31,431	superstore	Dina
786	7	they're very helpful.	Praise	00:04:33,000	00:04:34,167	superstore	Dina
787	0	hey, sandra.	Greet	00:04:46,820	00:04:48,422	superstore	Glenn
787	1	hey, how was your vacation?	Care	00:04:48,456	00:04:49,890	superstore	Glenn
787	2	so who you nominating?	Care	00:04:57,765	00:04:59,700	superstore	Glenn
787	6	hey, tim, go grab one of those dog baths, bring him to the men's room.	Arrange	00:05:16,717	00:05:19,720	superstore	Garrett
787	7	heather, grab some hairdryers, blankets, and towels.	Arrange	00:05:19,753	00:05:22,556	superstore	Garrett
790	2	all right, everyone out.	Arrange	00:07:57,044	00:07:59,580	superstore	Dina
790	3	break room is officially closed for fumigation.	Inform	00:07:59,613	00:08:01,915	superstore	Dina
791	3	and you know what, why don't you guys get packing?	Advise	00:08:35,583	00:08:37,818	superstore	Amy
791	4	if you wanna chit-chat, exchange numbers.	Advise	00:08:37,851	00:08:40,287	superstore	Amy
791	7	don't worry, i only saw up-top stuff--	Comfort	00:08:48,629	00:08:50,063	superstore	Jonah
791	9	hey, dad, you know, jonah is a real art lover.	Introduce	00:08:55,836	00:09:00,708	superstore	Amy
792	0	they're celebrities.	Introduce	00:09:11,852	00:09:13,487	superstore	superstore person2
792	4	oh, okay, thanks.	Thank	00:09:25,899	00:09:27,535	superstore	Jonah
792	7	thank you. this, uh--this mean a lot.	Thank	00:09:38,178	00:09:40,548	superstore	Jonah
793	0	hey, cheyenne.	Greet	00:09:49,156	00:09:50,558	superstore	Glenn
793	2	it is so nice.	Praise	00:09:52,593	00:09:54,428	superstore	Glenn
793	3	oh, thanks.	Thank	00:09:54,462	00:09:55,896	superstore	Cheyenne
793	13	hi.	Greet	00:10:31,765	00:10:33,601	superstore	Glenn
795	2	oh, what's going on here?	Care	00:12:05,793	00:12:07,561	superstore	Glenn
795	4	he found a veteran's dog.	Praise	00:12:08,929	00:12:10,831	superstore	Sandra
795	5	thank you. you're a hero.	Thank	00:12:10,864	00:12:12,766	superstore	superstore person1
795	6	oh, no, sir, thank you. you're the real hero here.	Thank	00:12:12,800	00:12:14,802	superstore	Garrett
796	5	this is never gonna get done.	Complain	00:16:39,072	00:16:41,008	superstore	Amy
796	6	i'm so sick of having to do everything for them.	Complain	00:16:41,041	00:16:44,177	superstore	Amy
796	7	then don't.	Advise	00:16:44,211	00:16:45,412	superstore	Jonah
796	8	what--what would happen if you just left right now?	Advise	00:16:47,314	00:16:50,818	superstore	Jonah
796	12	okay. great, let's get out of here.	Advise	00:17:12,339	00:17:15,375	superstore	Amy
796	13	oh, yeah, i'm not dealing with my cousins.	Complain	00:17:19,904	00:17:21,239	superstore	Amy
796	14	it's like non-stop dr. evil impressions.	Complain	00:17:21,281	00:17:23,951	superstore	Amy
799	0	okay, this is our store today.	Introduce	00:18:12,223	00:18:14,425	superstore	Dina
799	1	here's where i'd like to see it in three months.	Introduce	00:18:14,467	00:18:16,904	superstore	Dina
799	2	enough! i'm not your slave, okay?	Complain	00:18:24,211	00:18:26,614	superstore	Nico
799	4	what is going on?	Care	00:18:31,952	00:18:33,687	superstore	Dina
800	0	i'm sorry. i just feel terrible.	Apologise	00:18:53,073	00:18:55,242	superstore	Glenn
800	1	i feel sick. i feel sick.	Complain	00:18:55,275	00:18:57,745	superstore	Glenn
800	6	everyone evacuate the building.	Inform	00:19:16,163	00:19:19,066	superstore	Dina
801	5	you need to transfer to a different store.	Advise	00:20:32,806	00:20:37,244	superstore	Jeff
801	8	why can't i just have a car?	Complain	00:20:43,150	00:20:45,619	superstore	Glenn
802	10	what, are you kidding? you're a semipro.	Joke	00:01:29,881	00:01:32,508	bigbang	Leonard
802	11	no. we are committing genetic fraud.	Oppose	00:01:33,176	00:01:35,469	bigbang	Sheldon
802	14	let's try just walking out.	Leave	00:02:20,223	00:02:21,640	bigbang	Sheldon
802	15	okay.	Agree	00:02:22,517	00:02:23,725	bigbang	Leonard
802	16	nice meeting you.	Leave	00:02:35,029	00:02:36,446	bigbang	Leonard
803	2	two-hundred pound transvestite with a skin condition? yes, she is.	Taunt	00:03:19,949	00:03:23,577	bigbang	Sheldon
803	3	oh, hi.	Greet	00:03:25,496	00:03:26,663	bigbang	Penny
803	4	hi?	Greet	00:03:30,627	00:03:32,211	bigbang	Penny
803	6	hi.	Greet	00:03:52,398	00:03:54,149	bigbang	Sheldon
803	7	oh, thank you. maybe we can have coffee sometime.	Thank	00:03:59,155	00:04:01,490	bigbang	Penny
803	8	well, bye.	Leave	00:04:06,371	00:04:07,746	bigbang	Leonard
804	3	well, and that was wrong of us.	Apologise	00:04:32,188	00:04:34,147	bigbang	Leonard
804	5	yes, and you've never met one of them.	Taunt	00:04:42,949	00:04:45,492	bigbang	Leonard
804	6	that's the beauty of it.	Praise	00:04:45,868	00:04:47,452	bigbang	Sheldon
804	11	yes.	Agree	00:05:48,139	00:05:49,181	bigbang	Leonard
804	12	oh, that's so nice. i'd love to.	Agree	00:05:49,349	00:05:51,433	bigbang	Penny
804	13	so, what do you guys do for fun around here?	Care	00:05:52,769	00:05:55,103	bigbang	Penny
805	2	so you're, like, one of those beautiful mind genius guys.	Praise	00:06:52,412	00:06:55,914	bigbang	Penny
805	4	this is really impressive.	Praise	00:06:59,502	00:07:00,752	bigbang	Penny
805	6	at least i didn't have to invent 26 dimensions just to make the math come out.	Taunt	00:07:19,272	00:07:23,316	bigbang	Leonard
805	15	that's not true. koothrappali and wolowitz come over.	Oppose	00:08:44,565	00:08:47,108	bigbang	Sheldon
805	16	yeah. it's like regular boggle, but in klingon.	Complain	00:09:00,665	00:09:05,252	bigbang	Leonard
805	24	well, that's interesting.	Praise	00:09:48,337	00:09:49,838	bigbang	Sheldon
805	26	so do you have some sort of a job?	Care	00:09:56,429	00:09:58,013	bigbang	Leonard
805	27	i'm a waitress at the cheesecake factory.	Introduce	00:09:59,390	00:10:01,391	bigbang	Penny
805	31	no, i'm from omaha.	Oppose	00:10:20,745	00:10:22,746	bigbang	Penny
805	34	well, it sounds wonderful.	Praise	00:10:38,137	00:10:39,721	bigbang	Leonard
805	35	it was.	Agree	00:10:40,848	00:10:42,265	bigbang	Penny
805	36	until i fell in love with a jerk.	Complain	00:10:42,433	00:10:45,935	bigbang	Penny
805	37	what is happening?	Care	00:10:49,065	00:10:50,440	bigbang	Sheldon
805	38	four years. that's like as long as high school.	Complain	00:10:55,196	00:10:58,365	bigbang	Penny
805	41	you? no, you'll only make it worse.	Oppose	00:11:13,422	00:11:15,090	bigbang	Sheldon
805	42	even though i hate his lying, cheating guts...	Complain	00:11:17,593	00:11:21,137	bigbang	Penny
805	43	yes.	Agree	00:11:25,142	00:11:26,810	bigbang	Sheldon
805	44	no.	Oppose	00:12:07,977	00:12:09,227	bigbang	Sheldon
805	45	it's right down the hall.	Inform	00:12:09,645	00:12:11,020	bigbang	Leonard
805	46	okay, thanks.	Thank	00:12:11,188	00:12:12,397	bigbang	Penny
805	47	you guys are really sweet.	Praise	00:12:12,565	00:12:14,149	bigbang	Penny
805	48	the worst part was watching her carve that turkey.	Complain	00:12:45,931	00:12:49,434	bigbang	Leonard
805	50	well, i'm not trying to have sex with her.	Oppose	00:12:57,860	00:12:59,861	bigbang	Leonard
805	52	it's darth vader shampoo.	Inform	00:13:34,063	00:13:36,564	bigbang	Leonard
806	0	it's a stephen hawking lecture from mit in 1 974.	Introduce	00:13:47,243	00:13:51,454	bigbang	Howard
806	1	this isn't a good time.	Oppose	00:13:51,622	00:13:52,831	bigbang	Leonard
806	2	can we please just stop saying  coitus?	Prevent	00:14:23,404	00:14:25,864	bigbang	Leonard
806	3	hey, is there a trick to getting it to switch from tub to shower?	Ask for help	00:14:29,451	00:14:32,495	bigbang	Penny
806	4	hello.	Greet	00:14:34,623	00:14:35,957	bigbang	Penny
806	5	enchanté, mademoiselle.	Greet	00:14:37,293	00:14:39,544	bigbang	Howard
806	6	howard wolowitz, caltech department of applied physics.	Introduce	00:14:41,255	00:14:44,340	bigbang	Howard
806	7	you may be familiar with some of my work.	Flaunt	00:14:44,508	00:14:46,384	bigbang	Howard
806	8	penny. i work at the cheesecake factory.	Introduce	00:14:52,808	00:14:55,727	bigbang	Penny
807	0	i really think we should examine the chain of causality here.	Advise	00:15:52,159	00:15:54,994	bigbang	Sheldon
807	2	she asked me to do her a favor, sheldon.	Inform	00:16:11,178	00:16:13,513	bigbang	Leonard
807	3	that's a biological impossibility, and you didn't have to come.	Oppose	00:16:24,400	00:16:27,527	bigbang	Leonard
807	6	no, i don't, and neither do you.	Oppose	00:16:37,746	00:16:40,039	bigbang	Sheldon
807	7	you did not break up with joyce kim. she defected to north korea.	Oppose	00:16:42,418	00:16:45,920	bigbang	Sheldon
807	9	no, sheldon, there's not going to be a scene.	Oppose	00:17:02,521	00:17:05,023	bigbang	Leonard
810	0	this is one of my favorite places to kick back after a quest.	Introduce	00:20:13,670	00:20:17,465	bigbang	Howard
810	1	his name is buttons.	Introduce	00:20:24,014	00:20:25,932	bigbang	Howard
810	2	smooth.	Praise	00:20:39,988	00:20:41,697	bigbang	Rajesh
817	0	sheldon?	Greet	00:08:33,095	00:08:48,318	bigbang	Leonard
817	1	hello?	Greet	00:08:51,072	00:08:52,697	bigbang	Leonard
817	2	are you insane?	Criticize	00:09:21,978	00:09:23,186	bigbang	Leonard
817	13	that's ridiculous!	Taunt	00:10:17,950	00:10:19,200	bigbang	Leonard
817	14	i accept your premise. now, please let's go.	Leave	00:10:32,548	00:10:35,342	bigbang	Leonard
820	3	hello.	Greet	00:16:40,249	00:16:41,416	bigbang	Rajesh
820	4	sorry i’m late, but i was in the hallway, chatting up penny.	Apologise	00:16:41,583	00:16:45,003	bigbang	Rajesh
820	7	what did she say? is she still mad at me?	Care	00:16:52,594	00:16:54,637	bigbang	Leonard
821	3	how great this place looks?	Taunt	00:19:04,434	00:19:07,270	bigbang	Sheldon
821	10	guys, it's hot in here. i think i'll just take off all my clothes.	Advise	00:20:04,828	00:20:08,497	bigbang	Penny
821	12	what if we replaced panels a, b and f and crossbar h with aircraft-grade aluminum?	Advise	00:20:15,964	00:20:20,718	bigbang	Leonard
821	13	leonard and sheldon, go to the junkyard and pick up 6 square meters of aluminum.	Arrange	00:20:23,222	00:20:26,807	bigbang	Howard
821	14	okay, this place does look pretty good.	Taunt	00:20:34,566	00:20:36,859	bigbang	Penny
823	0	um, no, hi, leonard. this is doug.	Introduce	00:02:41,911	00:02:43,745	bigbang	Penny
823	2	bro. heh.	Greet	00:02:52,255	00:02:53,797	bigbang	Leonard
823	3	is everything okay?	Care	00:02:54,340	00:02:55,591	bigbang	Penny
823	4	yeah, no. i just-i got your mail again, here.	Inform	00:02:55,758	00:02:58,051	bigbang	Leonard
823	5	oh, thank you. i've got to talk to that mailman.	Thank	00:02:58,219	00:03:00,762	bigbang	Penny
823	6	oh, no, that's probably not such a good idea.	Oppose	00:03:00,930	00:03:03,140	bigbang	Leonard
823	7	no problem. bye.	Leave	00:03:12,108	00:03:14,109	bigbang	Leonard
824	2	what is wrong with you?	Complain	00:03:40,303	00:03:42,304	bigbang	Leonard
824	4	no, i'm not jealous. i'm just a little concerned for her.	Oppose	00:03:51,147	00:03:53,982	bigbang	Leonard
824	7	yeah.	Agree	00:03:59,364	00:04:00,906	bigbang	Leonard
824	9	at least now you can retrieve the black box from the smoldering wreckage that was once your fantasy of dating her and analyze the data so that you don't crash into geek mountain again.	Comfort	00:04:04,077	00:04:13,835	bigbang	Sheldon
824	10	i disagree. love is not a sprint. it's a marathon.	Oppose	00:04:15,171	00:04:19,216	bigbang	Howard
824	12	no, i'm done with penny.	Oppose	00:04:28,059	00:04:29,351	bigbang	Leonard
824	16	i have noticed that leslie winkle recently started shaving her legs.	Inform	00:04:45,910	00:04:49,037	bigbang	Sheldon
824	18	when it comes to sexual-harassment law  i'm a bit of a self-taught expert.	Flaunt	00:05:00,883	00:05:07,139	bigbang	Howard
825	0	right.	Agree	00:05:26,576	00:05:27,868	bigbang	Leonard
825	2	i've done it. about two seconds, 2.6 for minestrone.	Flaunt	00:05:39,922	00:05:42,758	bigbang	Leonard
825	8	interesting.	Praise	00:06:23,966	00:06:25,008	bigbang	Bernadette
825	9	why don't we stipulate the date goes well and move to the key variable?	Advise	00:06:36,020	00:06:39,981	bigbang	Bernadette
825	14	well, thank you for your time.	Thank	00:07:26,571	00:07:28,697	bigbang	Leonard
826	5	that's true.	Agree	00:08:20,249	00:08:21,249	bigbang	Howard
826	8	so how did it go with leslie?	Care	00:08:47,276	00:08:49,861	bigbang	Leonard
826	12	this is just gonna be two weeks of moping and tedious emo songs and calling me to come down to pet stores to look at cats.	Complain	00:09:03,084	00:09:10,090	bigbang	Sheldon
826	13	you could power down.	Advise	00:09:14,554	00:09:16,471	bigbang	Rajesh
827	4	i know what you're thinking. i've taken your asthma into account.	Inform	00:10:38,346	00:10:41,348	bigbang	Leonard
827	5	there's a feline geneticist in san diego who's developed the cutest little hypoallergenic calicos.	Inform	00:10:41,515	00:10:46,728	bigbang	Leonard
827	12	you're right.	Agree	00:11:43,452	00:11:44,828	bigbang	Leonard
827	14	no, no. now, that was not my point.	Oppose	00:11:47,248	00:11:49,457	bigbang	Sheldon
827	15	no, but you're right.	Agree	00:11:53,003	00:11:54,963	bigbang	Leonard
827	17	oh, goody, we're getting a cat.	Complain	00:11:57,883	00:12:00,927	bigbang	Sheldon
828	6	uh, 6:30 is great.	Agree	00:12:33,294	00:12:34,461	bigbang	Penny
828	16	no. six-thirty is great.	Agree	00:13:14,877	00:13:16,169	bigbang	Penny
828	18	why?	Care	00:13:19,465	00:13:21,132	bigbang	Penny
828	19	to carve the-okay, i’ll see you at 6:30.	Leave	00:13:23,093	00:13:27,222	bigbang	Leonard
831	2	anyway, you did throw up. isn't that a sign of a concussion?	Care	00:20:07,122	00:20:10,082	bigbang	Penny
831	4	sorry about your car, by the way.	Apologise	00:20:14,880	00:20:16,589	bigbang	Leonard
831	8	yeah, me too.	Agree	00:20:27,142	00:20:28,768	bigbang	Penny
831	10	good night.	Leave	00:20:31,855	00:20:33,189	bigbang	Leonard
831	13	no.	Oppose	00:20:41,907	00:20:43,908	bigbang	Leonard
831	14	no, of course not.	Oppose	00:20:44,618	00:20:46,160	bigbang	Leonard
831	19	i think i might have a concussion. i'm gonna go lay down.	Leave	00:21:14,273	00:21:17,108	bigbang	Leonard
832	2	you can't find a bagel in mumbai to save your life.	Complain	00:01:46,564	00:01:49,399	bigbang	Rajesh
832	5	hey, what up, science bitches?	Greet	00:02:05,667	00:02:08,794	bigbang	Howard
832	6	may i introduce my special lady friend, summer.	Introduce	00:02:10,213	00:02:12,881	bigbang	Howard
832	8	right. sorry.	Apologise	00:02:14,968	00:02:16,593	bigbang	Howard
832	9	howard, nice to meet you. and you are?	Greet	00:02:23,726	00:02:26,436	bigbang	Howard
832	10	an actual real scientist.	Introduce	00:02:27,438	00:02:29,773	bigbang	Sheldon
833	1	this isn't breakfast, it's an experiment.	Oppose	00:03:22,035	00:03:25,037	bigbang	Sheldon
833	2	sounds yummy.	Praise	00:03:37,675	00:03:39,801	bigbang	Leonard
833	5	you know, i'm sure if you just apologize to gablehauser he'd give your job back.	Advise	00:03:45,099	00:03:48,977	bigbang	Leonard
833	7	i've spent three and a half years staring at grease boards full of equations.	Complain	00:03:51,064	00:03:54,983	bigbang	Sheldon
833	8	okay. i’ll let you get back to fixing your eggs.	Leave	00:04:06,663	00:04:10,540	bigbang	Leonard
833	9	and we all thank you.	Thank	00:04:14,462	00:04:16,964	bigbang	Leonard
835	0	how come you didn't go in to work today?	Care	00:05:25,074	00:05:27,200	bigbang	Penny
835	2	theoretical physicists do not get canned.	Oppose	00:05:34,083	00:05:37,169	bigbang	Sheldon
835	3	maybe it's for the best.	Comfort	00:05:40,173	00:05:41,256	bigbang	Penny
835	4	not unless the doors are connected by relays.	Oppose	00:05:47,263	00:05:49,348	bigbang	Sheldon
835	7	slow down. slow down. please, slow down.	Arrange	00:05:59,984	00:06:03,070	bigbang	Penny
835	9	no, no, let me do the math for you.	Oppose	00:06:07,867	00:06:09,534	bigbang	Sheldon
835	12	well, yeah.	Agree	00:06:21,005	00:06:22,756	bigbang	Penny
836	0	sheldon: this is great.	Praise	00:06:53,162	00:06:54,704	bigbang	Sheldon
836	2	and thank you, ordinary person.	Thank	00:07:05,466	00:07:08,510	bigbang	Sheldon
836	3	no. no, not really.	Oppose	00:07:12,306	00:07:13,473	bigbang	Penny
836	4	yes, but anyone who knows anything about bacterial growth knows to pick up their refrigerated foods on the way out.	Agree	00:07:16,686	00:07:23,150	bigbang	Sheldon
836	6	no, this is fun.	Oppose	00:07:27,363	00:07:29,364	bigbang	Sheldon
837	1	tomorrow we can go to one of those warehouse stores.	Advise	00:08:13,159	00:08:15,619	bigbang	Sheldon
838	0	hey, i just ran into penny. she seemed upset about something.	Greet	00:09:15,263	00:09:18,056	bigbang	Leonard
838	1	i marked the calendar for future reference.	Inform	00:09:22,895	00:09:25,564	bigbang	Sheldon
838	3	it's an experiment.	Introduce	00:09:31,112	00:09:33,613	bigbang	Sheldon
839	3	hi, baby.	Greet	00:10:57,990	00:11:00,909	bigbang	big bang person1
839	4	oh, you got yourself a loom. how nice.	Praise	00:11:10,670	00:11:14,089	bigbang	big bang person1
839	5	leonard called me.	Inform	00:11:30,106	00:11:31,523	bigbang	big bang person1
839	8	this is not a serape. this is a poncho.	Oppose	00:11:40,533	00:11:42,784	bigbang	Sheldon
839	10	i went to the market with penny.	Inform	00:11:54,046	00:11:55,505	bigbang	Sheldon
839	14	sweetheart, your little friend is concerned about you.	Inform	00:12:04,640	00:12:07,267	bigbang	big bang person1
839	16	wait, where are you going?	Care	00:12:16,777	00:12:18,027	bigbang	Leonard
839	17	to my room and no one's allowed in.	Leave	00:12:18,195	00:12:21,239	bigbang	Sheldon
841	0	good morning, snickerdoodle.	Greet	00:16:28,320	00:16:31,531	bigbang	big bang person1
841	2	i'm not going to. i didn't say anything that wasn't true.	Oppose	00:17:16,952	00:17:19,662	bigbang	Sheldon
841	5	shower, shirt, shoes and let's shove off.	Arrange	00:17:40,017	00:17:43,978	bigbang	big bang person1
841	6	wouldn't have been any ass-kickings if that stupid death ray had worked.	Complain	00:17:45,481	00:17:50,151	bigbang	Sheldon
843	2	i'm sorry, we haven't been introduced.	Apologise	00:18:48,210	00:18:49,961	bigbang	big bang person1
843	3	now, that's impossible. you must've had him when you were a teenager.	Joke	00:18:53,715	00:18:57,009	bigbang	big bang person1
845	0	yeah, glenn, this is terrible.	Agree	00:00:16,084	00:00:17,518	superstore	Dina
845	1	oh, i didn't make it. mateo did.	Oppose	00:00:17,551	00:00:19,320	superstore	Glenn
845	4	well, that was a massive waste of time.	Taunt	00:01:03,597	00:01:05,866	superstore	Dina
846	0	so the tub faucet is now working, but the drain is clogged with-i'm gonna say fur, not hair.	Inform	00:01:24,044	00:01:30,818	superstore	Jeff
846	1	guys, corporate is coming down on employee fraternization due to a recent incident.	Inform	00:01:32,920	00:01:37,591	superstore	Jeff
846	6	i just need you guys to fill out these disclosure forms for me.	Ask for help	00:02:02,015	00:02:04,518	superstore	Jeff
846	7	thank you. hi, sorry about that.	Thank	00:02:04,192	00:02:05,259	superstore	Jeff
846	9	sometimes when i'm on it, i hear somebody breathing.	Inform	00:02:07,020	00:02:09,523	superstore	Jeff
847	0	it's a cloud 9 signature.	Introduce	00:02:13,060	00:02:15,629	superstore	Nico
847	1	they have a beauty concierge, their produce is all organic, and their cafe has never given anyone diarrhea.	Introduce	00:02:15,663	00:02:22,670	superstore	Nico
847	3	i'm sure we do.	Agree	00:02:36,149	00:02:37,951	superstore	Jonah
847	4	ah, well, it's amazing how quickly you all made this about you.	Taunt	00:02:37,985	00:02:41,088	superstore	Nico
847	5	we're famous! 168 reviews.	Flaunt	00:02:44,992	00:02:48,028	superstore	Glenn
847	6	ha! he's a good writer.	Praise	00:03:03,811	00:03:05,145	superstore	Nico
847	7	glen, just ignore this.	Comfort	00:03:05,178	00:03:06,914	superstore	Amy
847	8	no, uh, no.	Oppose	00:03:09,082	00:03:10,784	superstore	Amy
847	9	ugh, you don't get points for talking about it.	Taunt	00:03:24,338	00:03:27,375	superstore	Nico
848	1	yeah, i agree with you. but we're not family members and we're definitely not married, so...	Agree	00:03:47,595	00:03:51,699	superstore	Garrett
848	4	you're gonna need to talk first.	Arrange	00:03:57,638	00:03:58,706	superstore	Dina
848	5	ask for extension 224.	Arrange	00:03:58,739	00:04:00,508	superstore	Dina
849	0	you know, i feel kinda bad that i got promoted and you guys didn't.	Flaunt	00:04:09,683	00:04:12,753	superstore	Nico
849	1	no, i just didn't realize this store was like nazi germany.	Joke	00:04:38,679	00:04:42,583	superstore	Nico
849	2	ve must see your documents. heil hitler, mein fuhrer.	Joke	00:04:42,616	00:04:45,686	superstore	Nico
849	4	no. no, we don't.	Oppose	00:05:00,501	00:05:02,536	superstore	Nico
850	5	you know what? maybe you should try talking to jeff.	Advise	00:05:20,688	00:05:22,823	superstore	Jonah
850	6	maybe he could-he could, like, fudge the paperwork or something.	Advise	00:05:22,856	00:05:25,426	superstore	Jonah
850	7	that's okay. thanks anyway.	Thank	00:05:38,906	00:05:41,809	superstore	Nico
852	0	oh, hey, amy. this is amy.	Greet	00:06:27,220	00:06:28,856	superstore	Glenn
852	1	she's our intrepid floor supervisor.	Introduce	00:06:28,889	00:06:31,659	superstore	Glenn
852	2	amy, this is him.	Introduce	00:06:31,692	00:06:33,126	superstore	Glenn
852	3	frenchfryguy81.	Introduce	00:06:33,160	00:06:35,729	superstore	Glenn
852	4	tim.	Greet	00:06:35,763	00:06:36,830	superstore	superstore person1
852	5	the troll who wrote the yelp review.	Introduce	00:06:36,864	00:06:38,966	superstore	Glenn
852	6	oh, oh. no, i wouldn't call him that.	Oppose	00:06:38,999	00:06:42,670	superstore	Amy
852	10	uh, i once wrote a review of the burger king down on delmar.	Introduce	00:07:13,567	00:07:17,237	superstore	superstore person1
854	0	we found a muddy tire in softlines.	Inform	00:08:10,558	00:08:12,560	superstore	Amy
854	1	oh, sorry, i'm just responding to all these old reviews.	Apologise	00:08:19,099	00:08:23,303	superstore	Glenn
854	3	yeah. i believe so.	Agree	00:08:37,350	00:08:39,953	superstore	Amy
854	5	don't engage. you won't win.	Prevent	00:09:03,611	00:09:07,347	superstore	Amy
855	0	yeah, that's all we're asking.	Agree	00:09:33,340	00:09:34,742	superstore	Dina
855	4	oh. i wouldn't say we're friends.	Oppose	00:09:42,983	00:09:45,118	superstore	Dina
855	7	yeah, i could go with apathy.	Agree	00:10:00,834	00:10:02,335	superstore	Dina
856	3	i don't trust myself with a weapon.	Oppose	00:10:13,814	00:10:15,816	superstore	Nico
856	4	oh, or you could just get beat up.	Advise	00:10:17,851	00:10:19,887	superstore	Cheyenne
856	7	no, it seems like you'd have to get your ass beat pretty bad.	Oppose	00:10:31,865	00:10:35,035	superstore	Cheyenne
856	8	or, if you don't wanna get your ass beat, i'm still willing to marry you.	Advise	00:10:35,068	00:10:41,742	superstore	Jonah
856	9	oh, thank you, jonah.	Thank	00:10:41,775	00:10:43,711	superstore	Nico
857	1	yeah. thanks.	Thank	00:10:58,225	00:10:59,927	superstore	superstore person1
857	6	stupid.	Complain	00:11:17,945	00:11:19,980	superstore	Glenn
857	11	look, i regretted that review as soon as i wrote it.	Inform	00:11:27,755	00:11:30,958	superstore	superstore person1
857	12	i'm sorry.	Apologise	00:11:33,026	00:11:35,162	superstore	superstore person1
858	0	what the hell?	Complain	00:12:18,806	00:12:20,473	superstore	superstore person2
858	8	hey, brett. i'm mad at you, let's fight.	Inform	00:12:42,162	00:12:46,066	superstore	Nico
858	9	oh, my god!	Leave	00:12:49,236	00:12:50,904	superstore	Nico
865	0	hey, mateo, what's-what's going on, bud?	Care	00:01:46,900	00:01:51,038	superstore	Amy
865	8	hey.	Greet	00:02:16,964	00:02:18,065	superstore	Dina
865	9	i know this is tough for you, but just know that jeff wasn't attractive at all.	Comfort	00:02:18,098	00:02:24,004	superstore	Dina
865	11	you're welcome.	Leave	00:02:31,044	00:02:33,113	superstore	Dina
866	1	oh, check this out. kids love me.	Flaunt	00:04:18,151	00:04:19,720	superstore	Marcus
866	2	hey there, kiddos.	Greet	00:04:19,753	00:04:20,854	superstore	Marcus
866	5	move. excuse me.	Leave	00:04:41,074	00:04:43,110	superstore	Marcus
866	6	yeah, i bet i could do that faster.	Taunt	00:04:47,047	00:04:49,750	superstore	superstore person1
866	7	what? no way, okay?	Oppose	00:04:49,423	00:04:50,858	superstore	Nico
870	1	what? no.	Oppose	00:17:13,460	00:17:14,761	superstore	Glenn
870	3	uh-huh.	Agree	00:17:18,465	00:17:19,732	superstore	Amy
870	7	he's lying.	Criticize	00:17:39,752	00:17:40,720	superstore	Amy
870	8	she's lying.	Criticize	00:17:40,753	00:17:41,721	superstore	Glenn
870	9	she's a sassy little liar.	Criticize	00:17:41,754	00:17:43,155	superstore	Glenn
870	11	okay, enough, enough, enough! dad.	Prevent	00:17:47,827	00:17:49,629	superstore	superstore person1
870	18	glenn is right; i am a sassy little liar, and i am very sorry.	Apologise	00:18:16,956	00:18:22,061	superstore	Amy
871	1	no, i'm thinking about buying a new canteen.	Oppose	00:19:12,278	00:19:14,213	superstore	Dina
871	2	i can't believe i lost glenn's child.	Complain	00:19:15,848	00:19:18,150	superstore	Cheyenne
871	4	what am i gonna do?	Ask for help	00:19:26,358	00:19:28,227	superstore	Cheyenne
871	8	bobbie sue!	Greet	00:19:38,004	00:19:39,238	superstore	Cheyenne
871	9	it was my trap.	Flaunt	00:19:47,847	00:19:48,881	superstore	Dina
872	0	nine, ten--get your stuff.	Arrange	00:19:54,086	00:19:56,122	superstore	Glenn
872	2	okay, bye.	Leave	00:20:01,193	00:20:02,194	superstore	Cheyenne
872	4	okay, guys, on three.	Arrange	00:20:13,372	00:20:15,007	superstore	Marcus
872	11	thank god.	Thank	00:20:27,153	00:20:28,287	superstore	Amy
872	15	um, sure.	Agree	00:20:42,368	00:20:44,904	superstore	Jonah
872	16	wow, good thing you already look like an elf.	Praise	00:20:50,677	00:20:55,247	superstore	Glenn
872	18	yeah.	Agree	00:20:58,885	00:21:00,119	superstore	Amy
872	19	what, what are you laughing at?	Care	00:21:00,152	00:21:01,821	superstore	Jonah
875	6	jonah, relax. glenn likes you.	Comfort	00:03:34,041	00:03:36,777	superstore	Amy
875	9	just stop trying so hard.	Advise	00:03:40,881	00:03:43,150	superstore	Amy
875	11	he's--he's gonna be fine with it.	Comfort	00:03:45,986	00:03:47,621	superstore	Amy
876	0	ha! oh, yo, cheyenne to the boneyard immediately stat.	Inform	00:04:00,734	00:04:04,705	superstore	Bo
876	6	oh. hey, myrtle.	Greet	00:04:26,827	00:04:28,929	superstore	Nico
876	7	okay, how much money have you saved?	Care	00:04:31,031	00:04:32,700	superstore	Nico
877	1	it's like--how are they gonna pay us so little for all this work we're doing, huh?	Complain	00:05:27,087	00:05:30,490	superstore	Bo
877	4	keep on spending, sheep.	Joke	00:05:39,867	00:05:41,201	superstore	Dina
878	6	it's fine, it's fine.	Comfort	00:06:04,324	00:06:06,960	superstore	Glenn
878	10	okay.	Agree	00:06:30,017	00:06:31,785	superstore	Glenn
878	13	no, i love it.	Oppose	00:06:39,159	00:06:40,093	superstore	Glenn
880	0	okay, try veronica harris.	Arrange	00:07:48,996	00:07:51,899	superstore	Amy
880	1	she quit in 2011.	Inform	00:07:51,932	00:07:54,134	superstore	Amy
880	4	how is she doing?	Care	00:08:00,908	00:08:02,509	superstore	Amy
880	6	not robin. meth hit her hard.	Oppose	00:08:13,921	00:08:15,889	superstore	Garrett
881	0	you know what, actually, uh, i-i think we should probably head back.	Advise	00:09:22,022	00:09:24,524	superstore	Jonah
881	1	my break just ended five minutes ago.	Inform	00:09:24,557	00:09:26,626	superstore	Jonah
881	2	well, why don't we call the boss?	Advise	00:09:27,460	00:09:30,563	superstore	Glenn
881	6	you're the best. bye.	Praise	00:09:36,036	00:09:38,138	superstore	Glenn
883	2	uh, no.	Oppose	00:12:31,278	00:12:33,213	superstore	Jonah
883	3	yeah, yeah.	Agree	00:12:41,921	00:12:43,356	superstore	Jonah
883	4	i just love the tie.	Praise	00:12:43,390	00:12:45,292	superstore	Garrett
883	5	no, no--no--no, just, like, until kristen and i break up.	Oppose	00:12:50,397	00:12:54,401	superstore	Jonah
883	8	the tie just makes me so happy, man.	Praise	00:13:01,374	00:13:03,243	superstore	Garrett
885	1	i'm gonna go to the men's room.	Leave	00:13:45,452	00:13:47,454	superstore	Jonah
886	3	yeah, you're probably right.	Agree	00:15:02,629	00:15:04,531	superstore	Glenn
887	0	hey, dina.	Greet	00:15:12,905	00:15:14,474	superstore	Cheyenne
887	1	how are things going with bo?	Care	00:15:14,507	00:15:16,042	superstore	Cheyenne
887	2	uh, is he doing okay?	Care	00:15:16,075	00:15:18,345	superstore	Cheyenne
887	3	sorry, surveillance head.	Apologise	00:15:20,613	00:15:22,048	superstore	Dina
887	8	you should really have a little more trust in your man.	Advise	00:15:39,098	00:15:41,934	superstore	Dina
887	10	you're right. i should trust him.	Agree	00:15:43,636	00:15:46,038	superstore	Cheyenne
887	11	thanks.	Thank	00:15:46,072	00:15:47,607	superstore	Cheyenne
888	0	so corporate sent me two tickets to this weekend's cardinals game, so i'm gonna pick one employee to go with me...	Inform	00:15:55,982	00:16:04,023	superstore	Glenn
888	1	so all your names are in here, and it's time to pick now.	Inform	00:16:05,191	00:16:09,028	superstore	Glenn
888	2	so, uh, if you, uh, see us on the jumbotron, this is how that happened.	Inform	00:16:22,141	00:16:26,546	superstore	Glenn
888	3	that's a great idea.	Praise	00:16:31,017	00:16:32,251	superstore	Glenn
888	10	no, glenn, i did-i didn't win.	Oppose	00:16:59,679	00:17:01,414	superstore	Jonah
889	1	hey, so, listen, i'm sorry i lied about wanting to hang out.	Apologise	00:17:45,658	00:17:49,696	superstore	Jonah
889	2	your breath is warm.	Praise	00:17:49,729	00:17:51,931	superstore	superstore person1
889	6	it's tricky.	Complain	00:18:11,784	00:18:13,052	superstore	Glenn
889	7	absolutely. you have my word.	Agree	00:18:22,944	00:18:24,813	superstore	Jonah
889	8	no, we met for breakfast at 4:00 a.m. at a gas station.	Oppose	00:18:31,811	00:18:35,882	superstore	Jonah
889	9	thanks, that's what i thought.	Thank	00:18:35,915	00:18:38,417	superstore	Glenn
890	3	she's a cloud 9 model.	Introduce	00:19:00,172	00:19:03,342	superstore	Amy
890	4	yep.	Agree	00:19:03,375	00:19:05,177	superstore	Garrett
890	5	nope.	Oppose	00:19:08,147	00:19:09,381	superstore	Amy
892	0	what? no, no, no, it's not what you think, okay?	Oppose	00:19:46,018	00:19:47,920	superstore	Bo
892	3	wow, you know, i love how you know me so well.	Praise	00:19:53,259	00:19:55,962	superstore	Bo
892	7	i don't need all that.	Oppose	00:20:08,540	00:20:10,743	superstore	Cheyenne
892	9	damn, girl, you're too good for me.	Praise	00:20:24,891	00:20:27,794	superstore	Bo
892	10	totally.	Agree	00:20:27,827	00:20:29,395	superstore	Cheyenne
894	3	no, no, no. orcs are magic.	Oppose	00:00:20,020	00:00:21,687	bigbang	Leonard
894	9	i'll be back.	Leave	00:00:40,623	00:00:42,124	bigbang	Penny
894	12	a shower.	Advise	00:01:00,602	00:01:01,685	bigbang	Penny
894	14	all right, thank you. and sheldon?	Thank	00:01:05,482	00:01:07,316	bigbang	Penny
894	16	just get a hamburger. you like hamburgers.	Advise	00:01:13,198	00:01:15,324	bigbang	Leonard
894	18	i'm sorry. give him a hamburger.	Apologise	00:01:20,872	00:01:23,499	bigbang	Leonard
894	20	waitresses don't yell at you at big boy.	Complain	00:01:46,022	00:01:48,315	bigbang	Sheldon
894	21	hey, leonard. hi, guys.	Greet	00:01:49,526	00:01:50,901	bigbang	Bernadette
894	22	leslie, this is penny, she lives across the hall from sheldon and me.	Introduce	00:01:56,282	00:01:59,493	bigbang	Bernadette
894	25	leslie and i do research together at the university.	Introduce	00:02:06,126	00:02:08,627	bigbang	Leonard
894	26	oh, wow. a girl scientist.	Praise	00:02:08,837	00:02:11,004	bigbang	Penny
894	29	what happened to elliott wong?	Care	00:02:18,680	00:02:20,055	bigbang	Leonard
894	35	your friend's really cute. anything going on with you two?	Care	00:03:02,265	00:03:05,142	bigbang	Penny
894	37	no, no. what, are you kidding?	Oppose	00:03:06,978	00:03:09,271	bigbang	Leonard
894	39	thank you, sheldon.	Taunt	00:03:12,775	00:03:13,817	bigbang	Leonard
894	40	i'm sorry. was that supposed to be a secret?	Apologise	00:03:13,985	00:03:16,153	bigbang	Sheldon
894	41	that's too bad. you guys would make a cute couple.	Leave	00:03:17,363	00:03:20,115	bigbang	Penny
896	1	sure. why not?	Agree	00:05:37,128	00:05:39,046	bigbang	Leonard
896	12	so how about it?	Care	00:06:24,550	00:06:25,592	bigbang	Bernadette
896	17	yeah. yeah, i guess i am.	Agree	00:07:00,420	00:07:02,295	bigbang	Leonard
896	18	it is good.	Praise	00:07:04,215	00:07:05,882	bigbang	Leonard
897	0	oh. hey, sheldon. what's going on?	Greet	00:07:50,303	00:07:51,720	bigbang	Penny
897	6	come on, you went to college.	Complain	00:08:21,792	00:08:23,627	bigbang	Penny
897	7	yes, but i was 11.	Agree	00:08:23,794	00:08:26,087	bigbang	Sheldon
897	10	we really shouldn't be standing here.	Leave	00:08:50,821	00:08:53,448	bigbang	Penny
898	0	this is very awkward.	Complain	00:08:55,451	00:08:57,369	bigbang	Sheldon
898	5	so do you know who's in there?	Care	00:09:21,143	00:09:23,186	bigbang	Penny
898	10	okay. night.	Leave	00:09:42,498	00:09:43,623	bigbang	Penny
898	11	no, don't. wait, hold on.	Prevent	00:09:43,791	00:09:45,417	bigbang	Sheldon
898	15	hi, leonard?	Greet	00:10:22,955	00:10:24,748	bigbang	Sheldon
898	16	it's me.	Introduce	00:10:27,627	00:10:29,210	bigbang	Sheldon
898	17	sheldon.	Introduce	00:10:29,378	00:10:31,046	bigbang	Sheldon
899	1	someone touched my board.	Complain	00:11:52,336	00:11:54,796	bigbang	Sheldon
899	2	oh, god, my board.	Complain	00:11:57,800	00:11:59,843	bigbang	Sheldon
899	5	equations. someone's tampered with my equations.	Complain	00:12:07,518	00:12:09,728	bigbang	Sheldon
899	7	the sign's been changed.	Complain	00:12:13,899	00:12:15,984	bigbang	Sheldon
899	10	are you insane? are you out of your mind?	Criticize	00:12:20,197	00:12:22,490	bigbang	Sheldon
899	13	you did this?	Care	00:12:30,166	00:12:32,333	bigbang	Sheldon
899	14	yeah. i noticed it when i got up to get water, so i fixed it.	Agree	00:12:32,501	00:12:35,503	bigbang	Bernadette
899	17	listen, i gotta get to the lab.	Leave	00:12:44,388	00:12:45,847	bigbang	Bernadette
899	18	thanks for a great night.	Thank	00:12:46,015	00:12:48,016	bigbang	Bernadette
899	19	thank you. i'll see you at work.	Thank	00:12:49,059	00:12:50,643	bigbang	Leonard
900	4	so is it serious? do you like her?	Care	00:13:59,964	00:14:02,549	bigbang	Penny
900	5	sheldon, we have to go.	Leave	00:14:09,849	00:14:11,599	bigbang	Leonard
900	6	boy, you're wound awfully tight for a man who just had sexual intercourse.	Comfort	00:14:11,767	00:14:16,104	bigbang	Sheldon
900	7	all right, well, i'll talk to you later. but i am so happy for you, leonard.	Leave	00:14:17,523	00:14:21,568	bigbang	Penny
900	8	thank you.	Thank	00:14:22,736	00:14:24,445	bigbang	Leonard
900	10	do you realize i may have to share a nobel prize with your booty call?	Joke	00:14:47,052	00:14:51,556	bigbang	Sheldon
903	7	who do i speak to about permanently reserving this table?	Care	00:18:36,824	00:18:39,700	bigbang	Sheldon
903	8	i don't know, a psychiatrist?	Joke	00:18:40,452	00:18:43,204	bigbang	Penny
903	10	oh, that's too bad. well, hey, don't worry.	Comfort	00:18:53,757	00:18:56,509	bigbang	Penny
904	0	so how was paintball? did you have fun?	Care	00:01:01,478	00:01:03,562	bigbang	Penny
904	1	sure, if you consider being fragged by your own troops fun.	Taunt	00:01:03,730	00:01:07,649	bigbang	Penny
904	5	but thanks. thanks for thinking of us.	Thank	00:01:36,054	00:01:38,138	bigbang	Leonard
904	10	is there a theme?	Care	00:01:53,404	00:01:54,863	bigbang	Leonard
904	11	um, yeah, halloween.	Agree	00:01:55,031	00:01:56,573	bigbang	Penny
904	12	yes, but are the costumes random or genre-specific?	Care	00:01:57,367	00:02:00,244	bigbang	Sheldon
905	0	oh, no.	Complain	00:03:08,229	00:03:09,730	bigbang	Leonard
905	2	oh, no.	Complain	00:03:16,988	00:03:18,322	bigbang	Rajesh
905	3	see, this is why i wanted to have a costume meeting.	Complain	00:03:18,489	00:03:21,283	bigbang	Sheldon
905	5	it'll look like one person going really fast.	Joke	00:03:27,040	00:03:29,750	bigbang	Rajesh
905	6	no, no, no.	Oppose	00:03:37,008	00:03:38,258	bigbang	Howard
905	8	okay, how about this? nobody gets to be the flash.	Advise	00:03:43,181	00:03:45,599	bigbang	Leonard
907	1	oh, hey, guys.	Greet	00:06:01,736	00:06:03,445	bigbang	Penny
907	2	hey, sorry we're late.	Apologise	00:06:03,613	00:06:05,155	bigbang	Leonard
907	10	oh, sheldon, i'm sorry but there aren't gonna be any parades or judges or prizes.	Apologise	00:06:52,537	00:06:58,333	bigbang	Penny
907	12	no, come on, it's gonna be fun. and you all look great.	Praise	00:07:02,213	00:07:05,006	bigbang	Penny
907	14	that's so cute.	Praise	00:07:08,219	00:07:10,303	bigbang	Penny
907	16	no, you don't.	Oppose	00:07:19,397	00:07:20,564	bigbang	Penny
907	19	all right, i gotta shower. you guys, um, make yourselves comfortable.	Leave	00:07:39,459	00:07:43,003	bigbang	Penny
908	0	mm. by odin's beard, this is good chex mix.	Praise	00:08:01,397	00:08:05,775	bigbang	Rajesh
908	1	no, thanks. peanuts.	Oppose	00:08:05,943	00:08:07,319	bigbang	Howard
908	16	if that's a working stethoscope maybe you'd like to hear my heart skip a beat.	Joke	00:09:22,019	00:09:26,481	bigbang	Howard
909	5	this is ridiculous.	Leave	00:10:17,491	00:10:18,825	bigbang	Leonard
909	7	oh, i hardly think so.	Oppose	00:10:22,705	00:10:24,706	bigbang	Sheldon
909	9	all right, but if we're going to use flight metaphors i'm much more suited to being the guy from the faa analyzing wreckage.	Joke	00:10:30,880	00:10:38,511	bigbang	Sheldon
909	10	oh, hi.	Greet	00:10:40,640	00:10:41,931	bigbang	big bang person2
909	11	so, what are you supposed to be?	Care	00:10:43,809	00:10:45,518	bigbang	big bang person2
910	2	why don't you just tell people you're a zebra?	Taunt	00:11:25,810	00:11:28,395	bigbang	Leonard
910	3	why don't you just tell people you're one of the seven dwarves?	Taunt	00:11:29,230	00:11:32,315	bigbang	Leonard
910	8	if he were any bigger, he'd have moons orbiting him.	Taunt	00:11:48,082	00:11:50,875	bigbang	Leonard
910	9	so i guess we'll be leaving now.	Leave	00:11:53,963	00:11:56,047	bigbang	Sheldon
910	20	no.	Oppose	00:12:46,348	00:12:48,016	bigbang	Leonard
914	1	no. call leonard hofstadter.	Arrange	00:00:13,346	00:00:17,307	bigbang	Howard
914	3	oh. it's very impressive.	Praise	00:00:38,329	00:00:41,123	bigbang	Rajesh
914	4	if we're through playing mock the flawed technology can we get on with  halo  night?	Care	00:00:44,627	00:00:48,797	bigbang	Sheldon
915	5	yeah, i apologize for my earlier outburst.	Apologise	00:02:08,878	00:02:11,213	bigbang	Sheldon
915	7	oh.... i don't think she's a whore.	Oppose	00:02:17,512	00:02:19,471	bigbang	Leonard
915	8	no, yeah, she's definitely a whore.	Oppose	00:02:19,639	00:02:21,265	bigbang	Penny
918	0	hola, nerd-migos.	Greet	00:10:55,571	00:10:58,239	bigbang	Howard
918	1	why do you people hate sleep?	Complain	00:11:00,576	00:11:02,786	bigbang	Penny
918	4	by the way, where did you get that loofah mitt?	Care	00:11:15,132	00:11:17,384	bigbang	Howard
921	0	oh. hey, guys, what's up?	Greet	00:16:18,519	00:16:20,228	bigbang	Penny
921	6	oh. that's so sweet.	Praise	00:17:00,644	00:17:02,020	bigbang	Penny
921	7	you can't go out, it's  halo  night.	Prevent	00:17:04,398	00:17:06,691	bigbang	Sheldon
921	13	all right, fellas, i gotta go.	Leave	00:17:31,842	00:17:33,801	bigbang	Penny
924	0	damn you, walletnook.com.	Complain	00:00:10,760	00:00:13,762	bigbang	Sheldon
924	2	the online description was completely misleading.	Complain	00:00:15,932	00:00:18,225	bigbang	Sheldon
924	4	but they don't tell you, the removable id takes up one slot.	Complain	00:00:24,107	00:00:26,942	bigbang	Sheldon
924	5	it's a nightmare.	Complain	00:00:27,110	00:00:29,028	bigbang	Sheldon
926	0	oh, dear, i am rightly and truly screwed.	Complain	00:05:08,725	00:05:12,060	bigbang	Rajesh
926	2	so don't call her.	Advise	00:05:35,710	00:05:37,127	bigbang	Leonard
926	8	look on the bright side, she might turn out to be a nice, beautiful girl.	Comfort	00:06:38,231	00:06:41,691	bigbang	Rajesh
926	9	great, we get married, i won't be able to talk to her and we'll spend the rest of our lives in total silence.	Complain	00:06:41,859	00:06:47,656	bigbang	Rajesh
929	3	so how's koothrappali--?	Care	00:13:14,627	00:13:16,211	bigbang	Sheldon
929	5	no, no. princess panchali from the monkey and the princess.	Joke	00:13:22,885	00:13:27,055	bigbang	Sheldon
929	6	oh, no, it isn't.	Oppose	00:13:34,605	00:13:36,564	bigbang	Howard
929	7	it's about an indian princess who befriends a monkey who was mocked by the other monkeys because he was different.	Introduce	00:13:44,198	00:13:50,411	bigbang	Sheldon
930	0	hey, guys. this is lalita gupta.	Introduce	00:14:20,776	00:14:22,569	bigbang	Rajesh
930	1	lalita, this is leonard and sheldon and howard and penny.	Introduce	00:14:22,736	00:14:26,030	bigbang	Rajesh
930	6	well, thanks.	Thank	00:15:04,862	00:15:06,487	bigbang	big bang person1
930	7	i imagine you smell very nice too.	Praise	00:15:06,655	00:15:08,990	bigbang	big bang person1
930	9	don't be insulting, rajesh.	Prevent	00:15:19,543	00:15:21,753	bigbang	big bang person1
930	10	it was said that the gods fashioned her eyes out of the stars and that roses were ashamed to bloom in the presence of her ruby lips.	Introduce	00:15:25,883	00:15:34,098	bigbang	Sheldon
930	13	i'm not hitting on her.	Oppose	00:15:43,525	00:15:44,692	bigbang	Sheldon
930	14	and i am not your lady.	Oppose	00:15:45,027	00:15:46,402	bigbang	big bang person1
930	15	you are my lady. our parents said so.	Inform	00:15:50,532	00:15:52,700	bigbang	Rajesh
930	18	that's the kind of spirit with which princess panchali led the monkeys to freedom.	Praise	00:16:03,420	00:16:07,715	bigbang	Sheldon
930	19	but you're not princess panchali.	Oppose	00:16:10,302	00:16:11,844	bigbang	Rajesh
931	1	i'll tell you what happened. i just learned how to pick up indian chicks.	Inform	00:16:26,068	00:16:29,696	bigbang	Howard
936	2	galileo and the pope had a little misunderstanding.	Taunt	00:10:07,398	00:10:11,318	bigbang	Sheldon
936	4	well, i'm just asking if it's difficult to be fighting with your best friend.	Care	00:10:25,958	00:10:29,753	bigbang	Penny
939	1	you're right, this side does look better.	Agree	00:12:48,517	00:12:50,393	bigbang	Leonard
939	2	no, no, i didn't say better, i said less stained.	Oppose	00:12:50,561	00:12:53,855	bigbang	Penny
939	3	i just checked the house. there's probably 20, 25 people in there.	Inform	00:12:55,149	00:12:58,234	bigbang	Howard
939	7	the physicist then does some calculations and he says:  i have a solution, but it only works for spherical chickens in a vacuum.    right?	Joke	00:13:25,054	00:13:39,734	bigbang	Leonard
939	8	oh, sorry, i just-i've heard it before.	Apologise	00:13:43,906	00:13:46,407	bigbang	Penny
940	0	so in conclusion, the data show that at temperatures approaching absolute zero the moment of inertia changes and the solid becomes a supersolid which clearly appears to be a previously unknown state of matter.	Introduce	00:13:56,752	00:14:09,764	bigbang	Leonard
940	2	thank you.	Thank	00:14:32,746	00:14:34,414	bigbang	Sheldon
940	3	i didn't skip it. it's just an anecdote. it's not science.	Oppose	00:14:48,929	00:14:51,598	bigbang	Leonard
940	4	you cannot be that arrogant.	Criticize	00:15:01,650	00:15:03,234	bigbang	Leonard
940	7	oh, please. i admit, that spherical-chicken joke was hilarious.	Taunt	00:15:20,085	00:15:23,254	bigbang	Sheldon
940	8	i've had enough of your condescension.	Complain	00:15:25,841	00:15:27,800	bigbang	Leonard
940	9	maybe i didn't go to college when i was 11, like you.	Complain	00:15:27,968	00:15:30,678	bigbang	Leonard
940	10	maybe i got my doctorate at 24 instead of 16.	Complain	00:15:30,846	00:15:34,182	bigbang	Leonard
940	11	but you are not the only person who is smarter than everyone else in this room.	Criticize	00:15:34,350	00:15:38,353	bigbang	Leonard
940	13	stop it.	Prevent	00:16:00,167	00:16:01,876	bigbang	Leonard
940	14	you cannot blow up my head with your mind.	Oppose	00:16:03,712	00:16:06,255	bigbang	Leonard
940	17	it wasn't-it was not-you are a nutcase.	Oppose	00:16:14,390	00:16:16,474	bigbang	Leonard
940	19	stop it. stop it.	Prevent	00:16:20,145	00:16:21,896	bigbang	Leonard
941	1	obviously, you're not well suited for three-dimensional chess.	Taunt	00:00:32,741	00:00:35,743	bigbang	Sheldon
941	2	perhaps three-dimensional candy land would be more your speed.	Taunt	00:00:35,910	00:00:39,246	bigbang	Sheldon
941	3	just reset the board.	Arrange	00:00:39,789	00:00:41,081	bigbang	Leonard
941	4	it must be humbling to suck on so many different levels.	Taunt	00:00:41,249	00:00:45,294	bigbang	Sheldon
941	9	i don't need you to guess, i need you to know.	Inform	00:01:34,094	00:01:36,178	bigbang	Sheldon
941	16	that's okay. i understand.	Comfort	00:02:09,379	00:02:10,587	bigbang	Penny
941	18	you'd better go before he starts spraying you with lysol.	Advise	00:02:14,592	00:02:18,137	bigbang	Leonard
941	19	okay, well, thank you for getting my mail.	Thank	00:02:18,304	00:02:20,222	bigbang	Penny
942	0	i'm making petri dishes to grow throat cultures.	Inform	00:03:04,684	00:03:08,562	bigbang	Sheldon
942	3	here. swab my throat.	Arrange	00:03:16,154	00:03:18,488	bigbang	Sheldon
942	5	sheldon, you are not sick.	Oppose	00:03:28,124	00:03:30,500	bigbang	Leonard
942	6	this is, but you are not.	Oppose	00:03:30,668	00:03:33,962	bigbang	Leonard
942	11	i'm going back to bed.	Leave	00:04:01,908	00:04:03,700	bigbang	Leonard
942	12	no, that measuring cup has always been for urine.	Oppose	00:04:17,090	00:04:20,300	bigbang	Sheldon
942	14	it's right here on the bottom.	Inform	00:04:31,187	00:04:33,397	bigbang	Sheldon
942	20	leonard, my comforter fell down and my sinuses hurt when i bend over.	Ask for help	00:05:29,537	00:05:34,750	bigbang	Sheldon
942	25	yes.	Agree	00:06:01,402	00:06:02,569	bigbang	Leonard
942	27	yes.	Agree	00:06:05,406	00:06:06,531	bigbang	Leonard
942	28	my fever has been tracking up exponentially since 2a.m and i am producing sputum at an alarming rate.	Inform	00:06:18,002	00:06:24,716	bigbang	Sheldon
943	0	how can i ask them when i'm talking to you?	Complain	00:07:32,869	00:07:36,329	bigbang	Howard
943	1	hello?	Greet	00:07:40,042	00:07:41,585	bigbang	Howard
943	3	for god's sake, ma, i'm 26 years old.	Complain	00:07:59,896	00:08:02,647	bigbang	Howard
944	0	homeless crazy guy at table 18.	Inform	00:09:16,847	00:09:19,724	bigbang	big bang person1
944	2	sheldon, what are you doing here?	Care	00:09:28,484	00:09:30,819	bigbang	Penny
944	7	you can have soup delivered.	Advise	00:10:07,732	00:10:09,107	bigbang	Penny
944	12	no.	Oppose	00:10:41,182	00:10:42,599	bigbang	Penny
945	0	thanks for bringing me home.	Thank	00:12:29,915	00:12:31,791	bigbang	Sheldon
945	1	oh, it's okay. i didn't really need to work today.	Comfort	00:12:31,959	00:12:34,210	bigbang	Penny
945	4	okay, well, you feel better.	Leave	00:12:40,718	00:12:42,719	bigbang	Penny
945	5	um, home to write some bad checks.	Inform	00:12:45,848	00:12:49,893	bigbang	Penny
947	1	will you please rub this on my chest?	Ask for help	00:15:54,286	00:15:57,497	bigbang	Sheldon
947	3	vaporub makes my hands smell funny.	Inform	00:16:00,668	00:16:04,003	bigbang	Sheldon
947	5	no, no. counterclockwise, or my chest hair mats.	Oppose	00:16:19,853	00:16:23,439	bigbang	Sheldon
947	6	sorry.	Apologise	00:16:25,901	00:16:27,276	bigbang	Penny
948	0	my spare glasses are in my bedroom, on my dresser, next to my bat signal.	Inform	00:17:45,481	00:17:50,902	bigbang	Leonard
948	2	wireless mini-cam and bluetooth headset.	Introduce	00:17:59,620	00:18:02,246	bigbang	Howard
948	3	we'll be your eyes.	Inform	00:18:02,414	00:18:04,874	bigbang	Howard
948	4	this is a sub-sonic impact sensor.	Introduce	00:18:08,253	00:18:12,590	bigbang	Howard
948	7	now, you'll need to get the sensor close to sheldon's room.	Arrange	00:18:30,025	00:18:32,777	bigbang	Howard
948	9	bear left.	Arrange	00:18:42,996	00:18:44,372	bigbang	Howard
949	3	angle your head to the right.	Arrange	00:19:12,151	00:19:13,818	bigbang	Howard
949	4	little more.	Arrange	00:19:17,114	00:19:18,614	bigbang	Howard
949	5	that's it. now just keep true.	Arrange	00:19:19,116	00:19:21,659	bigbang	Howard
949	6	all right, you're close enough to sheldon's room. deploy the sensor.	Arrange	00:19:24,496	00:19:28,291	bigbang	Howard
949	9	good. from this point forward, you will have to crawl.	Arrange	00:19:44,016	00:19:47,768	bigbang	Howard
949	11	hang on, the sensor's picking up something.	Inform	00:19:54,193	00:19:55,902	bigbang	Howard
949	12	turn your head back.	Arrange	00:19:56,069	00:19:57,778	bigbang	Howard
950	0	hi.	Greet	00:20:10,751	00:20:11,918	bigbang	Leonard
950	1	you deliberately stuck me with sheldon.	Criticize	00:20:12,085	00:20:14,128	bigbang	Penny
950	3	it's okay, sweetie. good news.	Comfort	00:20:20,177	00:20:21,802	bigbang	Penny
950	4	i want grilled cheese.	Ask for help	00:20:40,989	00:20:42,865	bigbang	Sheldon
952	7	dr. hofstadter, dr. cooper.	Greet	00:00:54,721	00:00:56,847	bigbang	big bang person1
952	8	gentlemen, i'd like you to meet dennis kim.	Introduce	00:00:58,391	00:01:00,768	bigbang	big bang person1
952	9	dennis is a highly sought-after doctoral candidate.	Introduce	00:01:00,935	00:01:03,771	bigbang	big bang person1
952	10	not bad. i myself started graduate school at 14.	Flaunt	00:01:09,652	00:01:13,530	bigbang	Sheldon
952	12	i thought maybe you could show dennis around.	Advise	00:01:22,916	00:01:25,000	bigbang	big bang person1
952	17	excuse me, that is my research, and it is by no means a dead end.	Oppose	00:01:36,137	00:01:39,848	bigbang	Sheldon
953	0	so how long have you been in america?	Care	00:02:51,796	00:02:53,589	bigbang	Leonard
953	5	all right, and this is my office.	Introduce	00:03:11,733	00:03:13,984	bigbang	Sheldon
954	8	really? how old?	Care	00:04:14,254	00:04:16,380	bigbang	big bang person2
954	10	mm. you were the youngest ever to win it.	Praise	00:04:18,049	00:04:20,175	bigbang	big bang person2
956	2	so, what exactly is it you do?	Care	00:06:59,377	00:07:01,211	bigbang	Sheldon
956	5	now see, what's this here in the schematic, a laser array?	Care	00:07:15,810	00:07:18,478	bigbang	Sheldon
956	11	if you're concerned about sharing credit with me, your name can go first-i'm going.	Leave	00:07:53,931	00:07:58,727	bigbang	Sheldon
957	0	it's a small brown paper bag, ma.	Complain	00:08:02,523	00:08:04,941	bigbang	Howard
957	1	i'm looking at it right now.	Complain	00:08:05,109	00:08:08,069	bigbang	Howard
957	7	hello, oompa loompas of science.	Greet	00:08:32,970	00:08:35,013	bigbang	Sheldon
957	8	sheldon, what are you doing here?	Care	00:08:37,475	00:08:39,392	bigbang	Howard
957	12	so, what are we making today?	Care	00:08:48,402	00:08:50,403	bigbang	Sheldon
957	15	no, you don't understand.	Oppose	00:09:12,134	00:09:13,301	bigbang	Howard
957	23	no, i thought of it all by myself.	Oppose	00:09:48,796	00:09:50,547	bigbang	Howard
957	24	huh? can't be a coincidence.	Leave	00:09:52,174	00:09:55,594	bigbang	Sheldon
958	0	you know what he did? he watched me work and then started to design a simple piece of software that could replace me.	Complain	00:10:22,747	00:10:29,711	bigbang	Rajesh
958	13	no, i just wasted a lot of time thinking about what it would be like if she did.	Oppose	00:11:34,235	00:11:38,863	bigbang	Howard
959	6	the oracle told us little neo was the one.	Joke	00:13:18,756	00:13:22,801	bigbang	Sheldon
959	8	okay, well, obviously, you're very busy with your, ah, um.... come, dennis.	Leave	00:13:25,805	00:13:31,768	bigbang	big bang person1
961	5	we could be the bengal tigers.	Advise	00:03:15,737	00:03:17,237	bigbang	Rajesh
961	7	let's put it to a vote.	Advise	00:03:32,086	00:03:33,170	bigbang	Leonard
961	8	i move that any vote on team names be unanimous.	Advise	00:03:35,340	00:03:37,549	bigbang	Sheldon
962	0	just look. i've designed the perfect uniforms for our team.	Flaunt	00:06:33,226	00:06:36,353	bigbang	Sheldon
962	1	the colors are based on star trek: the original series.	Introduce	00:06:36,521	00:06:39,106	bigbang	Sheldon
962	9	oh, neat. what's the occasion?	Praise	00:07:07,260	00:07:10,345	bigbang	Sheldon
962	18	you're annoying and no one wants to play with you anymore.	Complain	00:07:52,930	00:07:56,641	bigbang	Leonard
962	21	thanks for the heads up.	Thank	00:08:15,953	00:08:17,704	bigbang	Leonard
962	22	you're welcome.	Leave	00:08:18,414	00:08:20,123	bigbang	Sheldon
963	1	i say we wait until he looks at us, then laugh like:  yes, you are a smart and strong competitor.	Advise	00:08:45,608	00:08:50,779	bigbang	Rajesh
964	3	i'm just gonna sit down.	Leave	00:12:16,444	00:12:18,319	bigbang	Penny
964	15	no.	Oppose	00:13:29,975	00:13:31,518	bigbang	Leonard
964	18	good afternoon, everyone, and welcome to this year's physics bowl.	Inform	00:13:38,400	00:13:43,655	bigbang	big bang person2
964	19	today's preliminary match features two great teams: aa versus pms.	Inform	00:13:44,949	00:13:53,790	bigbang	big bang person2
964	21	okay, well, let's jump right in. first question.	Inform	00:14:00,422	00:14:03,550	bigbang	big bang person2
964	25	terrific.	Praise	00:14:31,412	00:14:33,121	bigbang	big bang person2
964	30	the approximate temperature of the young lady in the front row.	Joke	00:15:10,868	00:15:13,953	bigbang	Howard
964	34	ladies and gentlemen, i hold in my hand the final question.	Inform	00:15:30,012	00:15:33,932	bigbang	big bang person2
964	35	the score now stands, aa, 1150, pms, 1175.	Inform	00:15:34,975	00:15:41,356	bigbang	big bang person2
964	36	so for 100 points and the match please turn your attention to the formula on the screens.	Inform	00:15:41,523	00:15:49,530	bigbang	big bang person2
964	39	ten seconds.	Inform	00:16:09,426	00:16:10,677	bigbang	big bang person2
964	40	sorry, i panicked.	Apologise	00:16:17,726	00:16:19,852	bigbang	Leonard
964	44	aa, if you can answer correctly, the match is yours.	Inform	00:16:35,077	00:16:39,080	bigbang	big bang person2
964	46	aa, i need your answer.	Inform	00:16:54,680	00:16:56,764	bigbang	big bang person2
964	55	aa, i need your official answer.	Inform	00:17:38,515	00:17:40,516	bigbang	big bang person2
964	57	denied.	Inform	00:17:48,859	00:17:50,485	bigbang	big bang person2
964	58	that's too bad because the answer your teammate gave was correct.	Inform	00:17:53,906	00:17:57,200	bigbang	big bang person2
965	2	don't look down if you're subject to vertigo. --and use their stairwell.	Advise	00:04:41,739	00:04:45,534	bigbang	Sheldon
965	3	damn. okay, i'll just take the roof.	Leave	00:04:51,624	00:04:54,001	bigbang	Penny
965	4	if you wait for us to set up the time machine i can drop you off at work yesterday.	Joke	00:04:54,168	00:04:58,714	bigbang	Leonard
966	1	yeah. it is by far the coolest thing i have ever owned.	Praise	00:05:28,494	00:05:32,122	bigbang	Leonard
966	7	i still want it on my balcony. i say we move it on a bimonthly basis.	Advise	00:06:41,818	00:06:45,737	bigbang	Rajesh
966	8	no.	Oppose	00:06:53,996	00:06:55,539	bigbang	Sheldon
966	9	sheldon, you can't be selfish.	Criticize	00:06:56,290	00:06:57,749	bigbang	Leonard
966	13	good choice. alexander graham bell invents the telephone and calls for watson.	Praise	00:07:17,270	00:07:20,856	bigbang	Howard
966	20	okay, first of all, what you call a gap was nearly three feet wide.	Complain	00:08:37,475	00:08:41,311	bigbang	Penny
966	21	the door to the stairwell of the other building was locked.	Complain	00:08:44,815	00:08:47,442	bigbang	Penny
966	22	i had to go down the fire escape, which ends on the third floor forcing me to crawl through the window of a lovely armenian family who insisted i stay for lunch.	Complain	00:08:47,610	00:08:55,992	bigbang	Penny
966	23	that doesn't sound too bad.	Comfort	00:08:56,661	00:08:57,953	bigbang	Leonard
966	24	it was eight courses of lamb. and they tried to fix me up with their son.	Complain	00:08:58,120	00:09:02,332	bigbang	Penny
966	25	by the time i got to work, they'd given my shift away.	Complain	00:09:05,294	00:09:07,963	bigbang	Penny
966	26	yeah, that's right. i've lost an entire day's pay thanks to this.	Complain	00:09:08,130	00:09:11,466	bigbang	Penny
966	32	pathetic. all of you, completely pathetic.	Leave	00:09:56,679	00:10:01,099	bigbang	Penny
968	1	what are you doing?	Care	00:12:59,361	00:13:00,361	bigbang	Penny
968	3	yeah, okay, neat. but i really gotta get to work.	Leave	00:13:04,992	00:13:07,327	bigbang	Penny
968	4	no problem.	Agree	00:13:07,495	00:13:09,245	bigbang	Leonard
968	9	don't worry, baby, i've got you.	Comfort	00:13:32,728	00:13:34,896	bigbang	Penny
971	4	in other words, if you wonder, wonder who wrote the book of love it was us.	Joke	00:07:17,103	00:07:22,732	bigbang	Rajesh
971	17	god, yes. thanks.	Agree	00:08:27,423	00:08:29,716	bigbang	big bang person1
971	22	hey, look at me, i don't have a foreskin.	Taunt	00:09:21,519	00:09:24,312	bigbang	Rajesh
972	2	you stop it. you stop it, i say.	Prevent	00:11:43,661	00:11:45,745	bigbang	Sheldon
972	11	why not put a little mocha in the family latte?	Advise	00:12:46,474	00:12:50,059	bigbang	Rajesh
973	3	oh, you poor deluded bastard.	Taunt	00:16:44,253	00:16:46,796	bigbang	Howard
973	6	yeah! natural selection at work.	Flaunt	00:17:17,953	00:17:20,329	bigbang	Leonard
973	7	excuse me while i go tell missy the good news.	Leave	00:17:22,958	00:17:26,294	bigbang	Leonard
974	2	of course.	Agree	00:17:42,811	00:17:44,896	bigbang	Penny
974	3	hi, leonard, what's up?	Greet	00:17:45,939	00:17:47,148	bigbang	big bang person1
974	17	thank you, i apprec-apprec-appre-uh-oh.	Thank	00:19:23,954	00:19:34,088	bigbang	Rajesh
974	18	well, hi, cutie pie. i was hoping you'd show up.	Greet	00:19:40,470	00:19:44,557	bigbang	big bang person1
974	19	we had a dog who made a noise like that.	Taunt	00:20:12,419	00:20:14,712	bigbang	big bang person1
976	0	hey, guys, some of the other waitresses wanted me to ask you something.	Inform	00:00:08,258	00:00:11,343	bigbang	Penny
976	2	you're beating me in tetris, but you've got the upper body strength of a keebler elf.	Taunt	00:00:30,947	00:00:34,908	bigbang	Sheldon
976	5	he can't eat cheesecake. he's lactose intolerant.	Oppose	00:00:49,716	00:00:52,092	bigbang	Sheldon
976	7	for the record, that psychotic rant was a concise summation of the research of bertram forer who, in 1948, proved conclusively through meticulous experiments that astrology is pseudoscientific hokum.	Inform	00:01:07,025	00:01:18,994	bigbang	Sheldon
976	10	thank you.	Thank	00:01:56,533	00:01:58,367	bigbang	Leonard
976	11	yeah, see? that's what kids should have.	Agree	00:02:06,501	00:02:08,544	bigbang	Penny
978	3	sheldon, a gift shouldn't be something someone needs.	Inform	00:09:40,663	00:09:43,081	bigbang	Penny
978	4	it should be something fun.	Inform	00:09:43,249	00:09:44,499	bigbang	Penny
980	4	of course, yeah.	Agree	00:12:14,900	00:12:16,025	bigbang	Penny
980	6	they got me a motorized dirt bike.	Inform	00:12:22,825	00:12:26,619	bigbang	Sheldon
980	7	no.	Oppose	00:12:28,372	00:12:29,414	bigbang	Penny
980	11	all right, let's go.	Leave	00:12:43,137	00:12:44,846	bigbang	Penny
980	13	okay, i have my own wholesale flower business.	Introduce	00:12:50,311	00:12:52,937	bigbang	big bang person1
980	14	buy this one, it's the one we're getting. happy guy.	Advise	00:12:57,443	00:12:59,861	bigbang	Penny
980	15	no, she doesn't want that.	Oppose	00:13:00,029	00:13:01,237	bigbang	Sheldon
981	0	we're throwing my friend a surprise party and i'm supposed to keep him out for two hours.	Inform	00:13:39,068	00:13:43,863	bigbang	Howard
981	1	uh-huh. fill this out and have a seat.	Arrange	00:13:44,031	00:13:46,157	bigbang	big bang person1
981	4	all i need from you is to give me a band-aid.	Ask for help	00:13:55,292	00:13:57,710	bigbang	Howard
981	8	we should pick up benadryl at the drugstore and go home.	Advise	00:14:40,629	00:14:43,298	bigbang	Leonard
984	2	hey.	Greet	00:00:40,665	00:00:41,707	bigbang	Leonard
984	4	my apologies, leonard. i'm only as good as my teacher.	Apologise	00:00:48,590	00:00:52,217	bigbang	Sheldon
984	7	thank you.	Thank	00:01:32,175	00:01:33,675	bigbang	Penny
985	2	it was penny's boyfriend's. they broke up.	Inform	00:03:09,689	00:03:11,982	bigbang	Leonard
985	5	good idea. sit with her, hold her, comfort her.	Advise	00:03:23,077	00:03:26,121	bigbang	Howard
985	8	you'd also have to be knighted for that to apply.	Taunt	00:03:44,057	00:03:46,767	bigbang	Sheldon
985	9	i don't care. she's upset, i'm going over there.	Leave	00:03:47,602	00:03:49,853	bigbang	Leonard
985	10	remember to sit on your hands a bit so they're warm.	Advise	00:03:50,021	00:03:53,398	bigbang	Howard
987	2	for god's sake, if you don't like tangerine chicken don't order tangerine chicken.	Advise	00:07:40,751	00:07:44,921	bigbang	Howard
987	4	tell us again how you screwed up and got penny back together with her old boyfriend.	Inform	00:07:52,889	00:07:56,892	bigbang	Rajesh
987	5	boy, that story gets better every time you hear it.	Praise	00:08:16,746	00:08:19,623	bigbang	Howard
987	8	just eat your tangerine chicken.	Arrange	00:08:30,760	00:08:32,969	bigbang	Leonard
987	10	thank you so much for your stupid advice.	Criticize	00:08:38,518	00:08:42,437	bigbang	Penny
988	0	i'm back.	Greet	00:08:57,828	00:08:59,162	bigbang	Leonard
988	1	i'm sorry i yelled at you. it's not your fault.	Apologise	00:08:59,789	00:09:03,375	bigbang	Penny
988	2	what happened?	Care	00:09:03,793	00:09:04,834	bigbang	Leonard
988	6	oh, penny, i am so sorry.	Apologise	00:09:22,311	00:09:24,229	bigbang	Leonard
988	7	how could he do that?	Criticize	00:09:24,397	00:09:26,648	bigbang	Penny
988	10	you know, just once, i would like to go out with someone who is nice and honest and who actually cares about me.	Inform	00:09:43,249	00:09:51,423	bigbang	Penny
988	11	what about me?	Advise	00:09:53,384	00:09:54,426	bigbang	Leonard
988	15	yes, i will go out with you.	Agree	00:10:25,875	00:10:28,293	bigbang	Penny
988	16	yeah.	Agree	00:10:34,884	00:10:36,301	bigbang	Penny
988	17	yeah.	Agree	00:10:39,847	00:10:41,222	bigbang	Leonard
989	1	i'm sorry.	Apologise	00:11:07,208	00:11:08,249	bigbang	Penny
989	6	not necessarily. i'm often surprised by my lack of familiarity with leonard.	Oppose	00:11:34,193	00:11:38,446	bigbang	Sheldon
991	0	sheldon, i think i've made a mistake.	Inform	00:16:34,159	00:16:36,077	bigbang	Leonard
991	2	no, it's about penny.	Oppose	00:16:43,585	00:16:44,836	bigbang	Leonard
991	5	i don't think i can go out with her tonight.	Inform	00:16:51,218	00:16:53,219	bigbang	Leonard
991	8	you're not helping.	Criticize	00:17:49,526	00:17:50,985	bigbang	Leonard
991	10	wow, that's brilliant.	Praise	00:18:00,662	00:18:02,955	bigbang	Leonard
992	0	you look very nice.	Praise	00:18:33,737	00:18:34,779	bigbang	Leonard
992	1	thank you. so do you.	Thank	00:18:34,947	00:18:36,447	bigbang	Penny
992	2	i made an 8:00 reservation.	Inform	00:18:41,203	00:18:42,787	bigbang	Leonard
993	4	maybe we should slow things down a little.	Advise	00:00:56,848	00:00:58,766	bigbang	Penny
993	5	no, i didn't mean to go into your apartment to go fast.	Oppose	00:00:58,933	00:01:01,477	bigbang	Leonard
993	8	why don't we just figure out where we're going and when we want to get there?	Advise	00:01:07,984	00:01:12,571	bigbang	Leonard
993	9	or we could just wing it.	Advise	00:01:21,539	00:01:23,123	bigbang	Penny
993	10	that might work too.	Agree	00:01:24,167	00:01:26,126	bigbang	Leonard
998	0	also today we have a fresh-caught alaska salmon served with a teriyaki glaze and sticky rice.	Introduce	00:10:25,207	00:10:29,919	bigbang	Penny
998	2	why don't you take a minute to decide?	Advise	00:10:38,763	00:10:40,764	bigbang	Sheldon
998	8	you promised me you would keep my secret so you are just gonna have to figure out a way to do it.	Arrange	00:11:36,237	00:11:41,116	bigbang	Penny
999	7	hey, qu'est-ce que c'up?	Care	00:12:18,696	00:12:21,364	bigbang	Howard
999	17	no.	Oppose	00:13:04,033	00:13:05,074	bigbang	Leonard
999	20	it's my pre-packed disaster evacuation bag.	Introduce	00:13:19,799	00:13:22,801	bigbang	Sheldon
999	29	see you later, leonard.	Leave	00:14:11,642	00:14:13,685	bigbang	Rajesh
1000	4	hi, guys.	Greet	00:00:58,475	00:00:59,641	bigbang	Penny
1000	8	okay, fine, whatever. um, you guys, this is my friend eric.	Introduce	00:01:11,488	00:01:14,239	bigbang	Penny
1000	9	so, yeah, good to see you.	Greet	00:01:19,621	00:01:21,955	bigbang	Leonard
1000	10	thanks, my mom made it.	Thank	00:01:32,258	00:01:34,676	bigbang	Howard
1000	11	it wasn't awkward.	Oppose	00:01:40,725	00:01:43,185	bigbang	Leonard
1000	13	that was not 15th-century soap.	Oppose	00:01:58,368	00:02:00,035	bigbang	Sheldon
1001	0	hey, leonard.	Greet	00:05:20,236	00:05:21,403	bigbang	big bang person1
1001	1	hello to you, insufficiently intelligent person.	Greet	00:05:24,699	00:05:28,744	bigbang	Sheldon
1001	6	now that you're unattached, maybe we can revisit our previous attachment.	Advise	00:06:25,676	00:06:29,638	bigbang	big bang person1
1001	7	no, i'm all done with casual sex.	Oppose	00:06:33,393	00:06:34,935	bigbang	big bang person1
1001	12	i think it's better if you assume the male role.	Advise	00:07:13,891	00:07:17,018	bigbang	big bang person1
1001	13	thank you, that's very thoughtful.	Thank	00:07:18,688	00:07:20,689	bigbang	Leonard
1002	1	i'm sorry, that was a little abrupt.	Apologise	00:10:51,609	00:10:54,653	bigbang	big bang person1
1002	5	i'm sorry to interrupt. battery's dying. continue.	Apologise	00:11:07,208	00:11:11,252	bigbang	Sheldon
1002	8	i'm sorry about all of sheldon's interruptions.	Apologise	00:12:06,809	00:12:08,935	bigbang	Leonard
1003	0	i'm sorry, i am not going back to the renaissance fair.	Apologise	00:13:46,075	00:13:49,452	bigbang	Sheldon
1003	5	you can go dressed as a star trek science officer exploring a planet similar to earth in the 1500s.	Advise	00:14:01,298	00:14:07,929	bigbang	Rajesh
1003	7	sure.	Agree	00:14:10,850	00:14:12,100	bigbang	Rajesh
1003	8	fascinating.	Praise	00:14:12,268	00:14:14,769	bigbang	Sheldon
1003	10	yeah, let's do it.	Leave	00:14:24,196	00:14:25,321	bigbang	Howard
1003	13	you're right, it is simple.	Leave	00:14:53,309	00:14:55,226	bigbang	Leonard
1005	4	you kids have fun.	Leave	00:18:18,305	00:18:20,348	bigbang	Sheldon
1005	5	hang on a second.	Prevent	00:18:20,516	00:18:22,141	bigbang	big bang person1
1005	9	balderdash. matter clearly consists of tiny strings.	Oppose	00:18:36,532	00:18:40,576	bigbang	Sheldon
1005	12	no, there isn't. only loop quantum gravity calculates the entropy of black holes.	Oppose	00:18:51,797	00:18:55,716	bigbang	big bang person1
1005	22	i'm sorry.	Apologise	00:19:42,389	00:19:43,431	bigbang	big bang person1
1005	24	but this? this is a deal breaker.	Leave	00:19:50,939	00:19:54,442	bigbang	big bang person1
1005	25	look on the bright side.	Comfort	00:20:05,829	00:20:07,955	bigbang	Sheldon
1008	0	sheldor is back online.	Inform	00:03:53,733	00:03:55,692	bigbang	Sheldon
1008	5	away from keyboard.	Arrange	00:04:24,722	00:04:27,182	bigbang	Sheldon
1008	6	oh, i see.	Agree	00:04:27,850	00:04:29,226	bigbang	Penny
1008	8	and just click on the enchanted boots to put them on.	Arrange	00:04:56,296	00:04:59,131	bigbang	Sheldon
1008	10	just click on them.	Arrange	00:05:03,261	00:05:04,720	bigbang	Sheldon
1008	11	now, congratulations, you are now a level-three warrior.	Praise	00:05:05,680	00:05:09,599	bigbang	Sheldon
1008	14	if you run into crocodiles, just kick them with your boots.	Inform	00:05:34,834	00:05:38,086	bigbang	Sheldon
1008	18	level three and she thinks she's rich.	Taunt	00:06:05,073	00:06:07,991	bigbang	Sheldon
1008	19	what a newb.	Taunt	00:06:11,162	00:06:13,205	bigbang	Sheldon
1009	2	they make up a non-newtonian fluid which is liquid but solid under the percussive action of the speaker.	Introduce	00:06:40,691	00:06:46,113	bigbang	Sheldon
1009	4	yeah, okay.	Agree	00:06:52,328	00:06:53,787	bigbang	Penny
1009	5	listen, i need to talk to sheldon.	Inform	00:06:53,955	00:06:55,831	bigbang	Penny
1009	8	lord, it's like the car key in your apartment door all over again.	Taunt	00:07:14,058	00:07:17,227	bigbang	Sheldon
1009	9	oh, for god's sakes, give me.	Arrange	00:07:23,359	00:07:24,985	bigbang	Sheldon
1009	10	thank you. i really appreciate this.	Thank	00:07:25,153	00:07:26,820	bigbang	Penny
1009	11	you have to learn to do these things.	Inform	00:07:26,988	00:07:28,905	bigbang	Sheldon
1009	12	don't patronize me. just get the sword.	Arrange	00:07:29,073	00:07:31,366	bigbang	Penny
1009	17	no, that's marcie.	Oppose	00:07:49,385	00:07:50,552	bigbang	Leonard
1010	0	sheldon.	Greet	00:08:18,414	00:08:19,998	bigbang	Penny
1010	2	penny, people cannot be in my bedroom.	Criticize	00:08:53,699	00:08:55,659	bigbang	Sheldon
1010	5	of course it's not. you're only a level 25.	Oppose	00:09:06,921	00:09:09,673	bigbang	Sheldon
1011	0	people, i am very busy today.	Inform	00:09:46,335	00:09:48,253	bigbang	big bang person1
1011	6	don't turn it off. you might miss your call from nobel letting you know you've been nominated as dumb-ass laureate of the year.	Taunt	00:10:44,185	00:10:50,732	bigbang	big bang person2
1011	7	oh, yeah, well, you wouldn't even be nominated.	Taunt	00:10:51,233	00:10:55,278	bigbang	Sheldon
1011	11	hello?	Greet	00:11:17,301	00:11:18,593	bigbang	Sheldon
1011	18	dumb-ass.	Taunt	00:11:45,287	00:11:46,955	bigbang	big bang person2
1012	0	leonard, you have to do something about penny.	Ask for help	00:11:51,210	00:11:53,628	bigbang	Sheldon
1012	1	she is interfering with my sleep. she is interfering with my work.	Complain	00:11:53,796	00:11:56,840	bigbang	Sheldon
1013	0	no, fritz, i need you on my flank.	Arrange	00:12:46,348	00:12:48,892	bigbang	Penny
1013	8	oh, thanks.	Thank	00:13:46,408	00:13:48,368	bigbang	Penny
1013	9	wow.	Leave	00:13:52,456	00:13:53,873	bigbang	Leonard
1014	0	leonard, this is tom.	Introduce	00:18:32,694	00:18:34,028	bigbang	Sheldon
1014	1	hi, tom. sheldon.	Greet	00:18:37,825	00:18:38,866	bigbang	Leonard
1014	10	this is bad.	Complain	00:19:15,946	00:19:17,655	bigbang	Sheldon
1014	11	tom is a paramedic with the fire department.	Introduce	00:19:17,823	00:19:19,824	bigbang	Leonard
1014	14	really, really bad.	Complain	00:19:26,415	00:19:29,333	bigbang	Leonard
1014	16	penny, i'd like you to meet tom. uh, penny, this is tom.	Introduce	00:19:39,761	00:19:42,805	bigbang	Sheldon
1014	18	i'm sorry, dude, she didn't look anything like her picture.	Complain	00:20:07,122	00:20:10,458	bigbang	big bang person1
1014	20	oh, my god, i need help.	Ask for help	00:20:38,862	00:20:40,947	bigbang	Penny
1015	2	i didn't.	Oppose	00:00:56,765	00:00:58,557	bigbang	Sheldon
1015	4	good night, sheldon.	Leave	00:01:01,811	00:01:02,853	bigbang	Leonard
1015	8	oh, you're a big boy. you'll figure it out.	Comfort	00:01:22,874	00:01:25,542	bigbang	Leonard
1016	0	penny?	Greet	00:01:32,884	00:01:34,009	bigbang	Sheldon
1016	1	penny? penny?	Greet	00:01:34,177	00:01:36,011	bigbang	Sheldon
1016	3	thanks for the update.	Thank	00:01:43,603	00:01:44,937	bigbang	Penny
1016	4	no, wait.	Prevent	00:01:45,105	00:01:47,022	bigbang	Sheldon
1016	5	you have to drive me to work.	Arrange	00:01:47,232	00:01:48,816	bigbang	Sheldon
1016	8	you'll be fine as long as you don't do that bungee thing.	Comfort	00:01:55,156	00:01:57,866	bigbang	Penny
1016	12	i'm sorry, i didn't realize i was interrupting your morning prayers.	Apologise	00:02:23,059	00:02:26,687	bigbang	Sheldon
1017	0	thank you for driving me to work.	Thank	00:02:56,926	00:02:59,011	bigbang	Sheldon
1017	4	well, actually, that would be all the more reason to, you know, check your engine.	Advise	00:03:18,406	00:03:22,659	bigbang	Sheldon
1017	11	leonard takes los robles avenue.	Inform	00:04:01,324	00:04:02,991	bigbang	Sheldon
1017	24	how about we just have a little quiet time now?	Advise	00:05:53,478	00:05:55,812	bigbang	Penny
1017	25	all right.	Agree	00:05:56,397	00:05:57,439	bigbang	Sheldon
1017	26	i'm sorry. i'm finding your reckless nonchalance regarding the check-engine light to be very troubling.	Apologise	00:06:02,987	00:06:08,200	bigbang	Sheldon
1019	6	i have a better idea.	Advise	00:08:20,958	00:08:22,250	bigbang	Rajesh
1021	0	good morning.	Greet	00:09:00,790	00:09:02,457	bigbang	Sheldon
1021	1	sheldon, sit down.	Arrange	00:09:05,878	00:09:07,462	bigbang	Leonard
1021	2	sheldon you know that we care about you.	Care	00:09:20,476	00:09:24,396	bigbang	Penny
1021	4	you're hurting the people around you, sweetie.	Criticize	00:09:33,322	00:09:35,407	bigbang	Penny
1021	7	sheldon, you need to learn how to drive.	Advise	00:09:51,340	00:09:53,842	bigbang	Leonard
1021	10	good night.	Leave	00:10:03,269	00:10:04,853	bigbang	Leonard
1021	12	okay.	Agree	00:10:13,195	00:10:14,487	bigbang	Penny
1021	14	fine.	Leave	00:10:16,991	00:10:18,074	bigbang	Penny
1022	8	take this to the testing area. name at the top.	Arrange	00:11:36,612	00:11:38,780	bigbang	big bang person1
1022	9	sign the bottom, answer the questions, bring it back. next.	Arrange	00:11:38,948	00:11:41,366	bigbang	big bang person1
1022	12	the application in your hand. give it to her.	Arrange	00:11:54,380	00:11:57,382	bigbang	Howard
1022	14	take this to the testing area. name at the top.	Arrange	00:12:02,096	00:12:04,222	bigbang	big bang person1
1022	15	sign the bottom, answer the questions, bring it back. next.	Arrange	00:12:04,390	00:12:07,100	bigbang	big bang person1
1022	16	excuse me, but i have some concerns about these questions.	Ask for help	00:12:07,268	00:12:10,979	bigbang	Sheldon
1024	0	again, i'm sorry that the demonstration didn't quite work out.	Apologise	00:00:07,090	00:00:09,925	bigbang	Leonard
1024	2	now to tell you about the theoretical physics department is dr. sheldon cooper.	Introduce	00:00:24,149	00:00:28,527	bigbang	Leonard
1024	5	hello.	Greet	00:00:54,637	00:00:56,221	bigbang	Sheldon
1024	6	nice work with the laser, by the way.	Praise	00:01:00,685	00:01:03,812	bigbang	Sheldon
1024	8	of course, i was 14 and had achieved more than you could ever hope to despite my 9:00 bedtime.	Flaunt	00:01:14,741	00:01:22,414	bigbang	Sheldon
1024	12	of course not.	Oppose	00:01:56,157	00:01:58,242	bigbang	Sheldon
1024	13	now, if you'll excuse me, the latest issue of batman is out.	Leave	00:02:01,329	00:02:04,331	bigbang	Sheldon
1025	4	damn. there's always a catch.	Complain	00:03:04,184	00:03:05,684	bigbang	Rajesh
1025	6	excuse me, dr. cooper?	Greet	00:03:31,836	00:03:33,086	bigbang	big bang person2
1025	7	i'm ramona nowitzki. i was at your talk last night.	Introduce	00:03:33,463	00:03:35,923	bigbang	big bang person2
1025	8	howard wolowitz, department of engineering co-designer of the international space station's liquid-waste-disposal system.	Introduce	00:03:43,848	00:03:50,979	bigbang	Howard
1025	14	it's what i do.	Flaunt	00:04:27,100	00:04:28,976	bigbang	Sheldon
1025	15	you know, the pishkin-wolowitz liquid-waste-disposal system is turning a few heads as well.	Introduce	00:04:29,602	00:04:35,524	bigbang	Howard
1025	22	you got it. i already have your address.	Leave	00:05:26,826	00:05:29,828	bigbang	big bang person2
1025	23	what a nice girl.	Praise	00:05:33,166	00:05:35,250	bigbang	Sheldon
1026	2	thanks. where should i put this?	Thank	00:06:26,594	00:06:28,053	bigbang	big bang person1
1026	3	the viewing area's right over there.	Inform	00:06:35,186	00:06:37,562	bigbang	Leonard
1026	4	sheldon, your girl-date-person-ramona's here.	Inform	00:06:40,108	00:06:43,151	bigbang	Leonard
1026	5	my hypotheses tend to have that effect.	Flaunt	00:07:06,300	00:07:08,760	bigbang	Sheldon
1026	6	i'm sorry i didn't bring enough for your friends.	Apologise	00:07:10,847	00:07:13,140	bigbang	big bang person1
1026	9	come on, let's go.	Leave	00:07:29,240	00:07:30,407	bigbang	Leonard
1026	10	you just have a nice whatever this is.	Leave	00:07:33,786	00:07:38,248	bigbang	Leonard
1027	4	he'll spin a cocoon and emerge two months later with moth wings and an exoskeleton.	Joke	00:08:28,716	00:08:33,595	bigbang	Leonard
1027	5	okay, well, thanks for the nightmares.	Taunt	00:08:34,764	00:08:37,766	bigbang	Penny
1027	7	yeah, i'm busy. so good night.	Leave	00:08:55,243	00:08:59,621	bigbang	Penny
1027	8	her loss. let's go.	Leave	00:09:00,790	00:09:03,041	bigbang	Howard
1028	0	not in these pants.	Oppose	00:09:28,109	00:09:29,985	bigbang	Sheldon
1028	1	she's smart, insightful.	Praise	00:09:35,491	00:09:37,492	bigbang	Sheldon
1028	2	she has a very unique way of, you know, revering me.	Praise	00:09:37,660	00:09:41,663	bigbang	Sheldon
1028	6	touché.	Praise	00:10:12,278	00:10:13,903	bigbang	Leonard
1028	11	wait for me.	Leave	00:10:51,734	00:10:53,526	bigbang	Leonard
1028	12	so have you worked out the neutrino issue?	Care	00:10:56,989	00:10:58,948	bigbang	big bang person1
1030	0	penny. penny. penny.	Greet	00:14:33,289	00:14:36,416	bigbang	Sheldon
1030	2	look, ramona finally dozed off, and i need you to help me get rid of her.	Ask for help	00:14:42,047	00:14:46,676	bigbang	Sheldon
1030	6	i have important things to do.	Leave	00:15:27,676	00:15:30,345	bigbang	Sheldon
1030	9	uh, yeah, no, that's not it.	Oppose	00:15:41,732	00:15:44,400	bigbang	Penny
1030	12	oh, gee. okay.	Agree	00:15:50,366	00:15:53,326	bigbang	Penny
1030	15	sure, sisters. heh, heh.	Agree	00:16:07,007	00:16:09,217	bigbang	Penny
1031	0	excuse me, dr. cooper. i'm kathy o'brian.	Greet	00:18:59,721	00:19:02,807	bigbang	big bang person1
1031	5	i have the address.	Leave	00:19:30,127	00:19:31,419	bigbang	big bang person1
1031	6	what a nice girl.	Praise	00:19:35,090	00:19:36,465	bigbang	Sheldon
1031	8	i'm on a roll.	Flaunt	00:19:46,476	00:19:48,477	bigbang	Sheldon
1032	0	you might wanna slow down a bit, buddy.	Advise	00:19:57,613	00:19:59,989	bigbang	Rajesh
1034	6	freeze frame, freeze frame.	Arrange	00:03:50,355	00:03:52,606	bigbang	Rajesh
1034	22	all right. i didn't know. i'm sorry.	Apologise	00:05:53,061	00:05:54,770	bigbang	Penny
1034	25	all right, yeah, i'll play along.	Agree	00:06:16,042	00:06:17,626	bigbang	Penny
1034	26	you violated my rule about forwarding e-mail humor.	Criticize	00:06:19,921	00:06:23,757	bigbang	Sheldon
1034	28	touching my food, strike two.	Criticize	00:06:45,279	00:06:46,780	bigbang	Sheldon
1034	29	don't worry, they only stay on your record for a year.	Comfort	00:06:49,283	00:06:52,119	bigbang	Leonard
1036	3	you're not even gonna get near that place.	Oppose	00:08:32,553	00:08:34,429	bigbang	Leonard
1036	5	no one said anything of the kind to neil armstrong.	Oppose	00:08:38,267	00:08:40,602	bigbang	Sheldon
1036	10	coming right up.	Leave	00:09:15,012	00:09:16,429	bigbang	Penny
1036	12	you can't do that. not only is it a violation of california state law it flies directly in the face of cheesecake factory policy.	Oppose	00:09:36,659	00:09:43,290	bigbang	Sheldon
1036	24	thank you.	Thank	00:10:55,655	00:10:57,489	bigbang	Sheldon
1036	25	i dare you.	Leave	00:11:04,497	00:11:06,331	bigbang	Penny
1038	7	look, wait, sheldon.	Prevent	00:15:51,992	00:15:53,076	bigbang	Penny
1038	10	i've done no stupid things.	Oppose	00:16:00,417	00:16:01,918	bigbang	Sheldon
1038	11	i'm willing to concede that you've done some stupid things.	Taunt	00:16:04,588	00:16:07,423	bigbang	Sheldon
1039	4	hi, mom. how are you?	Greet	00:18:13,509	00:18:16,135	bigbang	Sheldon
1039	6	she keeps sitting in my spot.	Complain	00:18:20,516	00:18:23,351	bigbang	Sheldon
1039	7	and she touched my food.	Complain	00:18:24,603	00:18:27,355	bigbang	Sheldon
1039	8	no, that's not fair.	Complain	00:18:31,693	00:18:34,195	bigbang	Sheldon
1040	0	penny.	Greet	00:19:03,976	00:19:05,560	bigbang	Sheldon
1040	1	penny.	Greet	00:19:05,727	00:19:07,311	bigbang	Sheldon
1040	2	penny.	Greet	00:19:07,479	00:19:09,063	bigbang	Sheldon
1040	3	i am very, very sorry for what i have done.	Apologise	00:19:10,858	00:19:13,860	bigbang	Sheldon
1040	7	never mind. never mind. that's not important.	Comfort	00:19:25,122	00:19:27,832	bigbang	Penny
1040	8	sheldon, this was big of you.	Praise	00:19:28,542	00:19:29,959	bigbang	Penny
1043	3	no, there were three other guys with eye patches. it was a fiasco.	Oppose	00:05:29,495	00:05:32,956	bigbang	Howard
1043	4	you help me get the rover out, and you get stephanie out before somebody notices.	Arrange	00:05:40,840	00:05:45,010	bigbang	Howard
1043	6	yes, i was bad. maybe she'll spank me. can we please move on?	Complain	00:05:53,144	00:05:57,189	bigbang	Howard
1043	8	yeah, no, i'm sorry, but something's come up.	Apologise	00:06:03,029	00:06:05,364	bigbang	Howard
1043	11	so my friend leonard is gonna take you home.	Inform	00:06:16,626	00:06:19,336	bigbang	Howard
1043	12	how nice. maybe they can carpool when they visit you in federal prison.	Taunt	00:06:32,850	00:06:36,895	bigbang	Sheldon
1045	0	thank god for plan b.	Thank	00:08:40,686	00:08:43,313	bigbang	Howard
1045	1	no, you're mistaken.	Oppose	00:08:47,026	00:08:49,236	bigbang	Howard
1045	6	leonard is signaling that he'd like to talk to me in private.	Inform	00:09:04,293	00:09:07,420	bigbang	Sheldon
1045	8	well, that does sound like me, but no.	Oppose	00:09:18,975	00:09:21,351	bigbang	Howard
1046	9	what is--? no, not like that.	Oppose	00:10:20,494	00:10:22,662	bigbang	Leonard
1047	2	no, just the one.	Oppose	00:11:26,102	00:11:27,936	bigbang	big bang person1
1047	4	so how was your day?	Care	00:11:32,525	00:11:33,858	bigbang	big bang person1
1047	8	maybe we should think about going to the bedroom.	Advise	00:12:23,909	00:12:27,162	bigbang	big bang person1
1047	9	that's a good idea, because there's a bed there, and i'm very, very, very pro-bed.	Agree	00:12:27,329	00:12:31,833	bigbang	Leonard
1048	3	exactly. thank you.	Thank	00:14:20,526	00:14:22,610	bigbang	Leonard
1048	4	do me a favor, tell koothrappali that next time you see him.	Ask for help	00:14:23,445	00:14:27,115	bigbang	Leonard
1048	7	smart, pretty.	Praise	00:14:39,628	00:14:41,462	bigbang	Leonard
1049	4	hello?	Greet	00:16:05,381	00:16:06,547	bigbang	Howard
1049	5	oh, stephanie, thanks for calling me back. i was worried.	Thank	00:16:06,715	00:16:10,134	bigbang	Howard
1049	11	thanks for calling.	Thank	00:16:26,568	00:16:27,986	bigbang	Howard
1050	1	hi, howard.	Greet	00:17:06,108	00:17:07,817	bigbang	Leonard
1050	8	hello, howard.	Greet	00:18:15,219	00:18:16,260	bigbang	big bang person1
1050	10	yeah, my roommate. she just went through a bad breakup.	Introduce	00:18:33,570	00:18:36,114	bigbang	big bang person1
1051	4	please don't do that.	Prevent	00:00:35,285	00:00:37,202	bigbang	Penny
1051	6	no.	Oppose	00:00:50,508	00:00:52,134	bigbang	Sheldon
1051	7	her name is dr. stephanie barnett.	Introduce	00:01:15,909	00:01:17,493	bigbang	Sheldon
1051	8	and she's a highly distinguished surgical resident at fremont memorial.	Introduce	00:01:17,660	00:01:20,996	bigbang	Sheldon
1051	9	see, of the handful of women leonard's been involved with she's the only one i have ever found tolerable.	Introduce	00:01:30,090	00:01:36,178	bigbang	Sheldon
1052	0	well, this is very pleasant.	Praise	00:03:18,281	00:03:20,866	bigbang	Sheldon
1052	4	that's very interesting.	Praise	00:03:40,511	00:03:41,637	bigbang	big bang person1
1052	9	i spent so much of my childhood at that hospital. it-when i was 12, i got to ride there in a helicopter.	Introduce	00:04:27,350	00:04:33,355	bigbang	Sheldon
1052	10	a little mishap while i was building my own cat scanner.	Introduce	00:04:37,402	00:04:40,362	bigbang	Sheldon
1052	15	excuse me.	Leave	00:05:02,302	00:05:03,385	bigbang	Sheldon
1053	4	i'm sorry i'm late, but your companion left the most indecipherable invitation.	Apologise	00:06:39,148	00:06:43,777	bigbang	Sheldon
1053	6	if you were trying to make it impossible to locate you, you couldn't have done better.	Taunt	00:06:53,579	00:06:57,582	bigbang	Sheldon
1053	15	...it's fine, you know. he's sweet.	Comfort	00:07:45,381	00:07:47,382	bigbang	big bang person1
1053	16	my apologies. you've been sitting in it all along.	Apologise	00:07:55,349	00:07:58,477	bigbang	Sheldon
1054	2	this is stephanie's facebook page.	Introduce	00:08:36,516	00:08:38,350	bigbang	Sheldon
1054	7	you are not in this relationship.	Inform	00:09:07,547	00:09:10,632	bigbang	Leonard
1054	10	general order 104, section a does not apply in this situation.	Oppose	00:09:34,740	00:09:37,784	bigbang	Leonard
1055	4	this is banana bread.	Introduce	00:09:53,718	00:09:56,011	bigbang	Sheldon
1055	5	this is a door knob.	Introduce	00:09:57,722	00:09:59,931	bigbang	Penny
1055	8	i suppose i could spare a few minutes.	Agree	00:10:13,446	00:10:15,947	bigbang	Sheldon
1056	0	no.	Oppose	00:10:23,748	00:10:25,373	bigbang	Penny
1056	5	and don't worry, this is all entirely confidential so you feel free to include any and all shortcomings in the bedroom.	Comfort	00:11:01,494	00:11:07,290	bigbang	Sheldon
1056	6	heh. we never got to the bedroom.	Oppose	00:11:07,875	00:11:09,751	bigbang	Penny
1057	0	penny.	Greet	00:13:10,581	00:13:11,831	bigbang	Sheldon
1057	1	penny.	Greet	00:13:11,999	00:13:13,041	bigbang	Sheldon
1057	3	penny.	Greet	00:13:19,799	00:13:21,341	bigbang	Sheldon
1057	5	oh, thank you.	Thank	00:13:28,724	00:13:30,183	bigbang	Penny
1057	7	i apologize.	Apologise	00:13:39,109	00:13:40,235	bigbang	Sheldon
1057	8	oh, thank you.	Thank	00:13:40,903	00:13:42,362	bigbang	Penny
1058	5	hey, how's my big crybaby?	Care	00:17:43,729	00:17:46,606	bigbang	big bang person1
1058	6	okay, i'm just teasing you.	Joke	00:17:49,234	00:17:51,569	bigbang	big bang person1
1058	8	it's all good. what do you say we get you home, put you to bed?	Advise	00:17:54,156	00:17:57,200	bigbang	big bang person1
1058	11	thank you, dr. cooper.	Thank	00:18:07,127	00:18:09,087	bigbang	Leonard
1058	15	you seem like a perfectly pleasant person.	Praise	00:18:22,434	00:18:24,393	bigbang	Sheldon
1059	0	can you open this for me?	Ask for help	00:18:34,863	00:18:36,823	bigbang	Leonard
1059	3	what? no. no, that's not right.	Oppose	00:18:57,886	00:19:00,221	bigbang	Leonard
1059	8	it's not bold, it's a mistake.	Oppose	00:19:14,570	00:19:16,445	bigbang	Leonard
1059	14	are you insane? now she's gonna think i'm desperate.	Complain	00:19:37,676	00:19:41,012	bigbang	Leonard
1059	15	you've destroyed this relationship.	Criticize	00:19:41,180	00:19:43,264	bigbang	Leonard
1060	1	and he brought flowers. oh, thanks, ross. i'm really more of a candy kind of guy.	Thank	00:00:48,506	00:00:52,634	friends	Joey
1060	7	uh, dad, emma's in the nursery. i'll take you now if you want.	Leave	00:01:41,101	00:01:44,311	friends	Ross
1060	8	and, ross, i need to talk to you.	Inform	00:01:50,819	00:01:53,695	friends	Joey
1062	0	dude, i just did something terrible.	Inform	00:03:53,066	00:03:54,816	friends	Joey
1062	2	no, no. that was jack. rachel thinks i asked her to marry me.	Oppose	00:03:58,446	00:04:02,699	friends	Joey
1062	10	if you clear things up with rachel, ross never needs to find out.	Advise	00:04:49,455	00:04:52,165	friends	Chandler
1062	11	all right, let's not get carried away.	Agree	00:04:55,461	00:04:57,587	friends	Joey
1064	6	i guess i'll just... i'll come back.	Leave	00:06:54,747	00:06:57,874	friends	Ross
1064	8	i guess so.	Agree	00:07:05,049	00:07:07,217	friends	Rachel
1065	0	it can't be me. i'm standing right here.	Oppose	00:07:23,359	00:07:26,069	friends	Joey
1065	2	come on.	Leave	00:07:34,495	00:07:36,538	friends	Ross
1066	0	oh, joey, this ring, i... it's beautiful. i love it.	Praise	00:08:10,281	00:08:14,201	friends	Rachel
1066	1	yeah. uh, look, rach, there's something i gotta tell you.	Inform	00:08:15,495	00:08:18,747	friends	Joey
1066	3	it's all right, honey. it takes babies a while to get it.	Comfort	00:08:27,965	00:08:30,342	friends	friends person1
1066	11	why don't we try massaging the breast to stimulate the flow?	Advise	00:09:05,586	00:09:08,421	friends	friends person1
1068	1	this is okay. we're all adults here. there's nothing to be ashamed of.	Comfort	00:12:26,954	00:12:30,874	friends	Chandler
1068	2	now, let's put our underwear in our pockets and walk out the door.	Arrange	00:12:31,041	00:12:34,753	friends	Chandler
1069	0	hi, dad.	Greet	00:12:40,968	00:12:42,761	friends	Monica
1069	3	well, i don't think that.	Oppose	00:13:05,534	00:13:07,202	friends	friends person1
1069	7	oh, my god, this is so exciting.	Praise	00:13:20,925	00:13:22,967	friends	friends person1
1069	8	well, get back in there. i'll guard the door.	Taunt	00:13:23,135	00:13:25,553	friends	friends person1
1069	11	you're right. this is about your positions.	Agree	00:13:55,376	00:13:58,002	friends	friends person1
1070	0	well, now's a good time. i'm on my way to have my ears cut off.	Joke	00:14:28,450	00:14:32,704	friends	Monica
1070	1	joey asked me to marry him.	Inform	00:14:33,497	00:14:35,164	friends	Rachel
1070	2	what, are you crazy? you just had ross' baby.	Criticize	00:14:42,172	00:14:44,924	friends	Monica
1070	3	it's so inappropriate. no, it is worse than that. it is wrong.	Criticize	00:14:46,468	00:14:50,263	friends	Monica
1070	7	no.	Oppose	00:15:22,254	00:15:24,005	friends	Rachel
1070	8	no, i don't.	Oppose	00:15:24,173	00:15:27,008	friends	Rachel
1070	9	could you be a dear and go tell him?	Ask for help	00:15:29,261	00:15:32,055	friends	Rachel
1071	3	the stupid baby's head was blocking most of it.	Complain	00:15:49,782	00:15:52,116	friends	Joey
1071	4	go and tell rachel right now, before ross finds out.	Arrange	00:15:53,118	00:15:55,828	friends	Chandler
1071	5	okay, look, just do it gently.	Comfort	00:16:02,628	00:16:04,963	friends	Chandler
1071	6	you're right.	Agree	00:16:06,298	00:16:07,340	friends	Joey
1071	7	you're right. i'll go tell her now before ross finds out, and i'll be gentle.	Agree	00:16:07,508	00:16:11,511	friends	Joey
1071	8	i am a gentle person.	Introduce	00:16:13,055	00:16:15,932	friends	Joey
1072	4	i don't think you do.	Oppose	00:16:59,018	00:17:01,728	friends	Ross
1072	16	but i didn't... i didn't propose.	Oppose	00:18:14,885	00:18:19,430	friends	Joey
1072	20	joey, then what the hell were you doing with an engagement ring?	Criticize	00:19:03,100	00:19:06,060	friends	Rachel
1072	24	no.	Oppose	00:19:23,912	00:19:25,329	friends	Ross
1072	26	no, you didn't.	Oppose	00:19:51,481	00:19:53,274	friends	Ross
1072	28	hey, she just woke up. she's hungry.	Inform	00:20:00,741	00:20:03,451	friends	friends person1
1072	29	oh, yeah, dude, i totally understand.	Comfort	00:20:13,253	00:20:15,296	friends	Joey
1072	30	uh-huh. oh, it's beautiful.	Praise	00:20:23,889	00:20:27,183	friends	Joey
1072	31	i'll come back for her later.	Leave	00:20:27,392	00:20:28,684	friends	friends person1
1072	32	wonderful weird.	Praise	00:20:36,693	00:20:38,736	friends	Rachel
1072	33	you know what, you guys? i'm, uh... i'm gonna go too.	Leave	00:20:40,030	00:20:42,907	friends	Joey
1072	34	and, uh, i'm sorry about everything.	Apologise	00:20:43,075	00:20:47,328	friends	Joey
1072	36	oh. she's perfect.	Praise	00:21:09,017	00:21:12,436	friends	Rachel
1072	37	we're so lucky.	Praise	00:21:12,604	00:21:14,855	friends	Ross
1074	9	hey, i'm gonna take off. i just wanted to say goodbye.	Leave	00:00:51,134	00:00:53,427	friends	Joey
1074	11	this isn't the right room. sorry, folks.	Leave	00:00:56,556	00:00:59,349	friends	Joey
1075	2	ross and rachel will be back soon, and then i gotta go to the office.	Inform	00:02:24,978	00:02:28,313	friends	Chandler
1075	6	you know what you should've done? told yourself that little story.	Advise	00:02:54,257	00:02:57,926	friends	Joey
1075	7	oh, you guys, thanks for doing this.	Thank	00:03:05,768	00:03:09,605	friends	Rachel
1075	14	that's not fair. i can't do that.	Complain	00:03:38,009	00:03:40,260	friends	Joey
1075	16	i didn't think i should be here either. but somebody said he'd be over it.	Complain	00:03:43,681	00:03:47,809	friends	Joey
1077	0	okay, if everyone's on board, it's settled.	Inform	00:06:52,286	00:06:54,788	friends	friends person1
1077	1	yes.	Agree	00:07:07,760	00:07:09,344	friends	Chandler
1077	2	well, then problem solved. chandler will run our office in tulsa.	Inform	00:07:10,054	00:07:13,557	friends	friends person1
1084	1	our news. my company has asked me to head up our office in tulsa.	Inform	00:00:09,592	00:00:13,470	friends	Chandler
1084	4	maybe you forgot, but we have tickets to the jets game next week!	Inform	00:00:41,124	00:00:44,835	friends	Joey
1084	5	well, i'm sorry, but i don't think i'll be able to make it.	Apologise	00:00:45,170	00:00:47,921	friends	Chandler
1084	6	you can't go. i mean, you're the glue that holds this group together.	Oppose	00:00:53,303	00:00:57,473	friends	Ross
1085	0	okay, i have news.	Inform	00:03:39,594	00:03:40,761	friends	Chandler
1085	1	my boss and i worked out a deal where i'm in tulsa four days a week.	Inform	00:03:48,186	00:03:51,521	friends	Chandler
1085	2	so the other three, i can be here with you.	Inform	00:03:51,689	00:03:53,899	friends	Chandler
1085	3	no.	Oppose	00:03:58,780	00:03:59,821	friends	Monica
1085	4	no. i can't be away from you for that long.	Oppose	00:04:05,662	00:04:08,747	friends	Monica
1085	5	that's fast math. we could use you in tulsa.	Praise	00:04:15,964	00:04:20,884	friends	Chandler
1085	6	thanks for trying to figure out a way, but if you go to tulsa, i go with you.	Thank	00:04:22,428	00:04:26,890	friends	Monica
1086	1	oh, yeah? well, up yours too!	Criticize	00:04:37,610	00:04:41,196	friends	Rachel
1086	4	uh, yeah, no, i don't think that's a good idea.	Oppose	00:05:27,285	00:05:29,828	friends	Ross
1086	5	why does everything happen to me?	Complain	00:05:32,457	00:05:34,458	friends	Rachel
1086	7	you're not feeling well? what do you have? rubella?	Care	00:05:41,883	00:05:44,634	friends	Rachel
1086	12	great! now he's gonna know it was me!	Complain	00:06:08,993	00:06:11,745	friends	Rachel
1087	1	oh, my god.	Praise	00:06:23,132	00:06:24,966	friends	Joey
1087	7	there's no guys in there!	Complain	00:07:19,772	00:07:21,189	friends	Joey
1088	5	it'll be fine. follow my lead, okay? all you have to do is pretend to be mike.	Comfort	00:08:51,989	00:08:55,867	friends	Joey
1088	6	here they come.	Inform	00:09:01,207	00:09:02,624	friends	Joey
1088	12	i want to play piano professionally. if i don't do this now, i never will.	Inform	00:09:47,587	00:09:51,881	friends	friends person1
1088	13	great. i like that better than the lawyer thing.	Praise	00:09:52,091	00:09:54,384	friends	Phoebe
1088	16	no, that's not what i meant. let's get you a cocktail.	Oppose	00:10:00,891	00:10:04,060	friends	Joey
1089	0	looking for restaurant jobs for you in tulsa.	Inform	00:10:10,026	00:10:12,652	friends	Chandler
1089	7	can i say how much i appreciate you coming with me?	Thank	00:10:41,766	00:10:44,392	friends	Chandler
1089	11	hi, nancy? hi, it's monica geller.	Greet	00:11:03,913	00:11:06,790	friends	Monica
1089	14	no, i don't want a job in new york.	Oppose	00:11:19,512	00:11:21,971	friends	Monica
1092	0	we leave tomorrow, and you still have a lot to pack.	Inform	00:14:19,733	00:14:22,402	friends	Chandler
1092	3	well, how far outside?	Care	00:14:37,167	00:14:38,501	friends	Chandler
1092	13	yeah, yeah. it was really, really, really good.	Praise	00:15:54,703	00:15:59,582	friends	Rachel
1092	16	seriously, you gotta go to an appropriate doctor.	Advise	00:16:21,397	00:16:24,148	friends	Rachel
1093	0	sure.	Agree	00:17:06,608	00:17:07,817	friends	Phoebe
1093	1	i'm sorry, really. i'm so embarrassed.	Apologise	00:17:08,027	00:17:11,779	friends	friends person1
1093	6	and that i'd meet a pretty girl, which i did.	Praise	00:17:37,306	00:17:40,600	friends	friends person1
1093	8	my name is mike. and i do play piano.	Introduce	00:17:51,070	00:17:53,196	friends	friends person1
1093	13	you are really good.	Praise	00:18:20,432	00:18:21,891	friends	Phoebe
1094	1	the doctor will be right with you, sir.	Inform	00:19:14,862	00:19:17,071	friends	friends person1
1094	2	mommy, i can't find waldo.	Ask for help	00:19:21,535	00:19:23,619	friends	friends person2
1094	5	yeah, that's how i know.	Agree	00:19:32,796	00:19:35,298	friends	Ross
1094	8	rossie? we're ready for you.	Inform	00:19:59,198	00:20:01,532	friends	friends person4
1095	2	you got here just in time. i really have to go, buddy.	Leave	00:20:48,747	00:20:51,332	friends	Chandler
1095	4	okay, whoa, whoa, whoa. whoa!	Prevent	00:21:00,384	00:21:02,885	friends	Rachel
1095	6	a big leaver with a stupid suitcase.	Taunt	00:21:25,242	00:21:28,744	friends	Joey
1095	8	okay, well... bye, mon.	Leave	00:21:50,434	00:21:52,810	friends	Chandler
1096	0	don't worry. i'll be back before you know it.	Comfort	00:22:40,233	00:22:43,819	friends	Chandler
1096	5	call me when you land.	Arrange	00:22:56,708	00:22:58,292	friends	Joey
1099	0	sure.	Agree	00:07:22,650	00:07:24,109	friends	friends person1
1099	2	i'm ross. phoebe's friend from the coffeehouse?	Introduce	00:07:26,904	00:07:29,406	friends	Ross
1099	3	i really, really need to talk to you about something.	Inform	00:07:30,741	00:07:32,784	friends	Ross
1099	4	damn supercuts.	Complain	00:07:45,131	00:07:47,257	friends	Ross
1099	5	look, right before you guys went out, i accidentally got her all upset.	Inform	00:07:59,061	00:08:03,607	friends	Ross
1099	8	but you should know, she is so much fun. a wonderful person.	Praise	00:08:11,741	00:08:15,785	friends	Ross
1102	5	hey, hayley. we really gotta fix that doorknob.	Inform	00:17:00,144	00:17:03,271	friends	friends person2
1102	6	joey?	Greet	00:17:05,024	00:17:06,149	friends	friends person2
1102	11	i'll let myself out.	Leave	00:17:21,373	00:17:23,291	friends	Joey
1104	3	you're in your 30s and you have never been in a long-term relationship.	Criticize	00:22:40,400	00:22:43,986	friends	Phoebe
1104	4	here you go from woman to woman meaningless experience to meaningless experience.	Criticize	00:22:45,739	00:22:50,201	friends	Phoebe
1104	5	never even worrying that it doesn't turn into something more serious.	Criticize	00:22:50,369	00:22:53,746	friends	Phoebe
1105	0	oh, hey, you guys?	Greet	00:00:02,877	00:00:04,086	friends	Phoebe
1105	1	i couldn't get a reservation for the night of my birthday so we'll have to do dinner thursday night instead.	Inform	00:00:04,254	00:00:09,383	friends	Phoebe
1105	3	no. it's my first birthday with a boyfriend, and he has to work.	Complain	00:00:19,978	00:00:23,731	friends	Phoebe
1105	5	one of us has to stay home and watch emma.	Inform	00:00:31,573	00:00:33,198	friends	Rachel
1105	7	thanks. i'll put a lot of extra thought into your gift.	Thank	00:00:44,919	00:00:47,713	friends	Ross
1106	0	hey. well, hey.	Greet	00:03:54,108	00:03:55,567	friends	Phoebe
1106	1	my god, don't people know you're not allowed to smoke in public spaces?	Complain	00:04:01,282	00:04:04,785	friends	Phoebe
1106	2	actually, in oklahoma, smoking is legal in offices with fewer than 15 people.	Inform	00:04:04,994	00:04:10,666	friends	Chandler
1106	4	no. i just happen to know a lot of trivia about smoking in different states.	Oppose	00:04:13,336	00:04:18,090	friends	Chandler
1106	8	i'm gonna go.	Leave	00:04:42,282	00:04:44,408	friends	Phoebe
1107	1	willpower? i've watched home movies of you eating ding dongs without taking the tinfoil off.	Taunt	00:08:43,147	00:08:48,068	friends	Chandler
1107	2	you said that was sexy.	Criticize	00:08:50,321	00:08:52,739	friends	Monica
1107	5	i think so.	Agree	00:09:15,972	00:09:17,013	friends	Monica
1107	12	oh, good. i hate it when you do that.	Complain	00:10:03,894	00:10:05,812	friends	Monica
1108	0	but my mother's gonna be here, and she has the key.	Comfort	00:10:15,114	00:10:17,699	friends	Ross
1108	1	i can't wait that long. you have to do something. knock that door down.	Arrange	00:10:17,908	00:10:21,119	friends	Rachel
1108	3	besides, you know, everything's gonna be fine. the baby's sleeping.	Comfort	00:10:25,916	00:10:29,836	friends	Ross
1108	6	you did not leave the water running. please, pull yourself together, okay?	Comfort	00:10:37,428	00:10:41,306	friends	Ross
1108	7	a pigeon. no. no, wait, no. an eagle flew in.	Joke	00:10:53,611	00:10:58,031	friends	Ross
1108	8	landed on the stove and caught fire.	Joke	00:10:59,200	00:11:02,118	friends	Ross
1109	1	maybe we should just eat now.	Advise	00:11:44,161	00:11:45,662	friends	Joey
1109	2	you can't order until the entire party's arrived. restaurant policy.	Inform	00:11:45,830	00:11:49,457	friends	friends person1
1109	4	no, no, no. i can't hold this table on my own.	Oppose	00:12:08,769	00:12:10,979	friends	Phoebe
1109	6	well, if you ask me to stay, i'll pee.	Leave	00:12:13,399	00:12:15,358	friends	Joey
1109	7	good evening, miss.	Greet	00:12:21,490	00:12:23,992	friends	friends person2
1109	8	miss?	Greet	00:12:24,869	00:12:26,911	friends	friends person2
1109	9	miss? miss?	Greet	00:12:28,914	00:12:31,291	friends	friends person2
1109	10	okay, fine, i'll move. all right. you don't have to manhandle me.	Leave	00:12:31,459	00:12:36,045	friends	Phoebe
1109	11	thank you.	Thank	00:12:41,051	00:12:42,719	friends	Phoebe
1110	2	oh, sure. now you're mr. sensitivity.	Taunt	00:13:17,880	00:13:20,173	friends	Monica
1110	3	all right, look, i'm not gonna do this.	Oppose	00:13:26,806	00:13:28,598	friends	Chandler
1110	4	no, you're right.	Agree	00:13:32,728	00:13:34,771	friends	Monica
1110	5	for what it's worth, i'm sorry.	Apologise	00:13:40,820	00:13:43,530	friends	Monica
1111	1	thank you.	Thank	00:15:46,195	00:15:48,196	friends	Joey
1111	2	waiter? all right, this is gonna go fast, so try to keep up.	Arrange	00:15:51,575	00:15:54,953	friends	Joey
1111	14	okay, i'll have the fig salad and the duck.	Inform	00:17:22,958	00:17:25,209	friends	Ross
1111	15	i'll have the, uh, soup and the salmon.	Inform	00:17:25,419	00:17:27,211	friends	Rachel
1111	18	thanks.	Thank	00:17:44,563	00:17:46,481	friends	Monica
1111	19	thanks. wow.	Thank	00:17:47,983	00:17:50,735	friends	Monica
1111	24	rach, come on, emma's fine.	Prevent	00:18:20,307	00:18:22,100	friends	Ross
1111	30	i'm sorry, was that rude?	Apologise	00:19:43,265	00:19:45,266	friends	Phoebe
1111	31	and you are all so late, and you didn't even have the courtesy to call.	Complain	00:20:02,075	00:20:05,745	friends	Phoebe
1111	32	well, it's too late now.	Complain	00:20:08,665	00:20:11,959	friends	Phoebe
1111	41	okay, i'm gonna take off.	Leave	00:21:09,476	00:21:10,935	friends	Phoebe
1111	44	bye, guys. judy. bye.	Leave	00:21:28,328	00:21:30,830	friends	Phoebe
1111	46	that's a good idea. our babysitter just pounded another chardonnay.	Agree	00:21:35,168	00:21:39,255	friends	Ross
1111	53	the shrew, in particular, was exquisite.	Praise	00:22:41,193	00:22:44,445	friends	Joey
1113	0	so i don't go back to work for another four weeks but we would like our nanny to start right away so that emma could get a chance to know her.	Inform	00:03:55,026	00:04:01,240	friends	Rachel
1113	1	i think that's really smart.	Praise	00:04:01,616	00:04:03,575	friends	friends person1
1113	3	that's great. great.	Praise	00:04:06,287	00:04:07,329	friends	Rachel
1113	4	all right. well, thank you so much for coming.	Thank	00:04:10,041	00:04:12,376	friends	Rachel
1113	9	come on, rach. we will. i promise. we have more interviews.	Comfort	00:04:36,985	00:04:40,529	friends	Ross
1113	12	she's got a degree in early childhood education.	Introduce	00:04:55,962	00:04:59,214	friends	Ross
1113	13	uh, she worked for her last family for three years.	Introduce	00:04:59,757	00:05:03,218	friends	Ross
1113	15	hi. i'm sandy.	Greet	00:05:06,139	00:05:09,099	friends	friends person2
1115	5	you know, your new poodle could be your noodle.	Joke	00:09:27,733	00:09:31,403	friends	Chandler
1115	6	waiter? waiter, excuse me, i'll have the fricken.	Joke	00:09:34,991	00:09:37,367	friends	Chandler
1116	2	sandy, that's exactly what it is.	Agree	00:10:20,202	00:10:24,247	friends	Rachel
1116	3	it's okay. i get that a lot doing what i do.	Comfort	00:10:29,462	00:10:31,588	friends	friends person1
1116	16	it's a mixture of calendula and honey cream. it'll dry that rash right up.	Introduce	00:12:19,071	00:12:23,199	friends	friends person1
1116	18	i'm sorry.	Apologise	00:12:41,552	00:12:42,635	friends	friends person1
1118	0	wow. you look even more beautiful than you did yesterday.	Praise	00:14:00,881	00:14:04,968	friends	friends person1
1118	2	i'm sorry. i don't mean that. i want you to be happy.	Apologise	00:14:47,761	00:14:50,680	friends	friends person1
1119	0	hi.	Greet	00:16:10,552	00:16:11,719	friends	Rachel
1119	1	is everything all right?	Care	00:16:13,138	00:16:14,180	friends	Ross
1119	4	do you realize that man has cried in our apartment three times? huh?	Complain	00:16:43,419	00:16:48,965	friends	Ross
1119	6	no, i mean, all i'm saying is that guy... these are amazing.	Praise	00:17:02,646	00:17:05,940	friends	Ross
1119	7	sandy made madeleines.	Inform	00:17:07,067	00:17:09,027	friends	Rachel
1120	4	and, you, thanks for the face massage. thank you.	Thank	00:19:04,601	00:19:07,520	friends	Phoebe
1121	2	rachel and i hired a male nanny.	Inform	00:19:31,712	00:19:33,963	friends	Ross
1121	9	rachel and i, uh, hired a male nanny.	Inform	00:20:50,999	00:20:54,627	friends	Ross
1121	11	you know, i don't mind a male nanny but i do draw the line at male wet nurse.	Taunt	00:21:09,351	00:21:13,354	friends	Chandler
1121	12	oh! oh! you are on a roll, mister.	Praise	00:21:17,359	00:21:21,195	friends	Monica
1121	14	okay. okay. stop it, you. you stop it.	Prevent	00:21:27,327	00:21:31,455	friends	Monica
1121	19	you have nothing to worry about with jeffrey.	Comfort	00:22:06,366	00:22:08,409	friends	Monica
1121	20	well, you're different funny.	Praise	00:22:11,079	00:22:13,581	friends	Monica
1121	22	uh, there once was a man named chandler whose wife made him die inside.	Taunt	00:22:21,506	00:22:26,927	friends	Chandler
1121	23	honey, you know i think you're hilarious.	Praise	00:22:28,388	00:22:31,098	friends	Monica
1124	0	hi! you have to help me pick a dress. i'm meeting mike's parents tonight.	Ask for help	00:03:44,682	00:03:48,727	friends	Phoebe
1124	1	wow, the boyfriend's parents. big step.	Praise	00:03:50,146	00:03:51,855	friends	Monica
1124	3	i'm sorry. we'll take you shopping. it'll be fine.	Apologise	00:04:14,254	00:04:16,755	friends	Monica
1124	5	with the father, you wanna flirt a little, but not in a gross way.	Advise	00:04:20,718	00:04:23,720	friends	Rachel
1124	6	oh! well, with the mother just constantly tell her how amazing her son is.	Advise	00:04:41,990	00:04:46,410	friends	Rachel
1127	12	this is great! this is the first time i've ever enjoyed football!	Praise	00:14:41,589	00:14:44,924	friends	Chandler
1129	4	not ready to joke about it yet? see you later.	Leave	00:19:03,600	00:19:06,144	friends	Joey
1129	5	why in the world would you take this tape? and why would you watch it?	Criticize	00:19:06,645	00:19:10,439	friends	Monica
1129	17	that bastard taped over me!	Criticize	00:20:22,763	00:20:26,224	friends	Monica
1130	0	hey, hon? would you help me get the plates down?	Ask for help	00:00:05,422	00:00:07,548	friends	Monica
1130	1	hey, here's an idea. why don't we use our wedding china today?	Advise	00:00:07,716	00:00:11,635	friends	Chandler
1130	2	no, i think we should save our china for something really special.	Oppose	00:00:11,803	00:00:14,972	friends	Monica
1130	7	the parade is really good this year.	Praise	00:00:36,369	00:00:39,455	friends	Joey
1130	13	i can't believe i forgot! i usually write stuff like this down on my arm!	Complain	00:01:10,195	00:01:13,947	friends	Joey
1130	14	stupid long sleeves!	Complain	00:01:15,867	00:01:19,495	friends	Joey
1131	0	she's precious.	Praise	00:06:08,701	00:06:10,994	friends	friends person1
1131	1	hello?	Greet	00:06:25,259	00:06:26,843	friends	friends person1
1131	3	sure, ross, yeah!	Agree	00:06:55,081	00:06:56,832	friends	Rachel
1131	7	we were gonna have sushi.	Complain	00:07:29,490	00:07:31,908	friends	friends person1
1131	8	amy, don't cry.	Comfort	00:07:32,994	00:07:36,788	friends	Rachel
1131	9	i think that's a great idea. it'll be like the pilgrims bringing the indians syphilis.	Taunt	00:07:51,637	00:07:57,559	friends	Ross
1133	5	no, ross' sister was really fat.	Oppose	00:12:45,598	00:12:49,392	friends	friends person1
1133	6	okay, listen, i know you're having a bit of a family crisis but you don't have to take it out on the plates.	Prevent	00:13:06,160	00:13:11,790	friends	Monica
1133	10	no, that is not what we're saying.	Oppose	00:14:18,065	00:14:20,483	friends	Ross
1133	13	you're taking this the wrong way. we think you'll be a wonderful parent.	Comfort	00:14:33,622	00:14:38,668	friends	Rachel
1133	17	no. you both are equally capable.	Oppose	00:15:08,407	00:15:11,117	friends	Ross
1134	0	hey, there you are.	Greet	00:15:44,026	00:15:46,736	friends	Monica
1136	0	and this little guy in the cat condo is jinkies.	Introduce	00:00:08,049	00:00:10,968	friends	friends person1
1136	5	braid each other's hair and ride horseback on the beach?	Joke	00:00:32,991	00:00:36,577	friends	Chandler
1136	6	no. no. no. when you get home tomorrow night you and i are gonna be at the wizards-knicks game, courtside.	Oppose	00:00:36,745	00:00:42,708	friends	Joey
1136	12	tell him that having a long-distance relationship is really difficult.	Arrange	00:01:31,466	00:01:35,302	friends	Monica
1136	13	tell him that what little time we have together is precious.	Arrange	00:01:35,470	00:01:39,598	friends	Monica
1138	7	no, i was just doing chandler's side of the conversation.	Oppose	00:06:39,065	00:06:41,817	friends	Monica
1138	12	all right, look, just stay there. i'm coming home.	Arrange	00:07:58,811	00:08:01,062	friends	Chandler
1139	5	we could look it up.	Advise	00:09:06,295	00:09:07,546	friends	Ross
1140	0	chandler, you have to tell joey that you're not in tulsa.	Inform	00:10:35,301	00:10:37,969	friends	Monica
1140	3	i don't want him to think that i'm having an affair.	Oppose	00:10:46,395	00:10:48,855	friends	Monica
1141	3	yeah. i'm sorry, we weren't really looking for anything to happen with you guys. i have a boyfriend.	Apologise	00:12:23,576	00:12:29,539	friends	Phoebe
1141	5	i'm sorry, no.	Apologise	00:12:45,681	00:12:47,390	friends	Rachel
1141	7	oh, sure.	Agree	00:12:49,435	00:12:51,227	friends	Rachel
1141	9	okay, thanks. i'll give you a call later tonight.	Thank	00:12:58,068	00:13:00,528	friends	Rachel
1141	10	bye.	Leave	00:13:02,782	00:13:04,032	friends	Rachel
1141	11	wow. so that's great.	Praise	00:13:04,867	00:13:07,702	friends	Phoebe
1141	12	you, bill, ross and emma are gonna be so happy together.	Taunt	00:13:07,870	00:13:11,581	friends	Phoebe
1141	15	by the way, nice ross imitation.	Praise	00:13:49,370	00:13:52,664	friends	Phoebe
1141	16	but your rachel wasn't whiny enough.	Taunt	00:13:52,832	00:13:54,374	friends	Phoebe
1142	0	well, thanks, uh... thanks for the beer.	Thank	00:14:49,638	00:14:52,181	friends	Ross
1142	2	well, you have to go back in.	Inform	00:15:15,873	00:15:17,624	friends	Phoebe
1142	4	i'm so sorry, honey, but... okay, rachel gave this guy her number and, um, she doesn't want ross to answer the phone.	Apologise	00:15:23,756	00:15:30,053	friends	Phoebe
1142	9	all right, i'll do it.	Agree	00:15:56,997	00:15:58,539	friends	friends person1
1142	10	but really, how much dirtier can it get?	Taunt	00:15:59,500	00:16:03,419	friends	friends person1
1144	2	joey said you're in here with another man.	Criticize	00:17:12,197	00:17:14,032	friends	Chandler
1144	8	all right, well, i'll check the guest room.	Leave	00:17:41,060	00:17:44,103	friends	Chandler
1144	11	there's nobody here, joe.	Inform	00:18:06,085	00:18:07,752	friends	Chandler
1144	13	i can't believe you thought i was cheating. you owe me an apology.	Criticize	00:18:09,963	00:18:14,383	friends	Monica
1146	1	i'm sorry.	Apologise	00:19:18,574	00:19:19,699	friends	Chandler
1146	7	i'm sorry, that's the one thing i can't do. i promised i'd be with monica.	Apologise	00:19:59,031	00:20:02,867	friends	Chandler
1146	9	you should go to the game. it's okay. i want you to.	Advise	00:20:07,497	00:20:10,333	friends	Monica
1146	10	thanks.	Thank	00:20:24,056	00:20:25,223	friends	Joey
1149	0	i'll be right back. i gotta go to the bathroom.	Leave	00:22:38,648	00:22:42,193	friends	Phoebe
1150	4	i'm sorry i won't be here.	Apologise	00:00:55,263	00:00:57,347	friends	Chandler
1150	6	thanks.	Thank	00:01:05,273	00:01:07,316	friends	Chandler
1150	9	and to all a good night.	Leave	00:01:15,617	00:01:17,701	friends	Chandler
1151	4	don't worry. we're gonna search here for an hour and then we're gonna go to joey's and search. okay?	Comfort	00:05:33,875	00:05:38,170	friends	Rachel
1151	7	oh, pfft. that's it? a great idea again?	Taunt	00:05:57,774	00:06:00,817	friends	Phoebe
1151	8	why would you do that to her, chandler? why? why?	Complain	00:06:10,328	00:06:13,121	friends	Rachel
1152	0	cool.	Praise	00:07:49,469	00:07:50,969	friends	friends person1
1152	10	okay, ben, why don't you open some more presents?	Advise	00:08:44,774	00:08:46,733	friends	Monica
1152	15	i'm sorry, chandler, but this is really important to me.	Apologise	00:09:18,641	00:09:22,477	friends	friends person2
1153	1	it's bad enough that we're working new year's eve.	Complain	00:09:53,092	00:09:55,302	friends	Chandler
1153	3	all right, look, go. go home, okay? merry christmas. go.	Arrange	00:10:01,350	00:10:05,395	friends	Chandler
1153	4	oh. thanks.	Thank	00:10:17,908	00:10:20,201	friends	Chandler
1154	10	all right, well, maybe i should let you and the second-prettiest girl in oklahoma get back to work.	Taunt	00:11:42,535	00:11:47,497	friends	Monica
1154	12	honey, there's really nothing to worry about.	Comfort	00:11:55,464	00:11:58,091	friends	Chandler
1155	10	you know, she's amazing and beautiful and smart.	Praise	00:13:30,309	00:13:34,771	friends	Chandler
1155	12	look, you're a really nice person, ham stealing and adultery aside.	Criticize	00:13:41,153	00:13:46,574	friends	Chandler
1155	16	you were the most beautiful woman in the room tonight.	Praise	00:14:05,845	00:14:08,429	friends	Chandler
1157	2	look, i've thought about it too. and i'm sorry. i think we should spend all of the money on the wedding.	Apologise	00:17:58,744	00:18:06,250	friends	friends person1
1157	4	you are so sweet.	Praise	00:18:25,854	00:18:28,314	friends	Monica
1159	0	hey.	Greet	00:00:03,503	00:00:04,545	friends	Chandler
1159	1	good morning, tiger.	Greet	00:00:04,713	00:00:06,171	friends	Monica
1159	7	you're supposed to find your passion in life.	Advise	00:00:26,026	00:00:28,277	friends	Monica
1159	8	you can be whatever you want to be now. it's exciting.	Advise	00:00:28,445	00:00:31,405	friends	Monica
1160	0	thank you.	Thank	00:01:37,555	00:01:38,639	friends	Joey
1160	1	thank you.	Thank	00:01:51,402	00:01:53,237	friends	Phoebe
1160	2	i'm sorry. it's just, i'm a little short on cash.	Apologise	00:01:59,410	00:02:02,371	friends	Phoebe
1160	6	ooh, hey, how about this? wanna be an extra on my show?	Advise	00:02:13,049	00:02:16,385	friends	Joey
1161	0	hey, guys.	Greet	00:02:33,194	00:02:34,236	friends	Ross
1162	3	i'm the hell person whose office this is.	Complain	00:04:58,256	00:05:01,300	friends	Rachel
1162	4	good one, rach.	Praise	00:05:01,718	00:05:03,635	friends	Ross
1162	5	i'm gavin mitchell, the person who's taking over your job.	Introduce	00:05:04,470	00:05:07,639	friends	friends person1
1162	7	oh, your baby's so cute.	Praise	00:05:09,225	00:05:11,935	friends	friends person1
1163	2	sorry, i'm just so used to hitting on the extras.	Apologise	00:05:29,912	00:05:33,081	friends	Joey
1163	3	oh, relax. don't be. they'll probably just make you stand in the background.	Comfort	00:05:36,961	00:05:40,714	friends	Joey
1163	4	take this tray, stand on this yellow mark. you're gonna move on  action.  walk over to the operating table, stop on the blue mark and put the tray down.	Arrange	00:05:44,302	00:05:51,725	friends	friends person1
1163	7	and, action!	Arrange	00:05:59,817	00:06:03,362	friends	friends person1
1163	9	and, action!	Arrange	00:06:17,293	00:06:20,045	friends	friends person1
1166	0	listen, sudden change of plans. um, my maternity leave just ended.	Inform	00:11:20,012	00:11:23,139	friends	Rachel
1166	1	they said if i didn't come back today, they'd fire me.	Inform	00:11:23,307	00:11:26,059	friends	Rachel
1166	2	what? no, that's illegal.	Complain	00:11:26,268	00:11:28,186	friends	Ross
1166	4	can you please just take care of her for today?	Ask for help	00:11:48,082	00:11:50,542	friends	Rachel
1166	6	you're pretty.	Praise	00:12:15,025	00:12:16,568	friends	Rachel
1167	3	goodbye.	Leave	00:12:42,261	00:12:43,678	friends	Ross
1167	4	okay, it's baby time. pants off, bing.	Arrange	00:12:47,600	00:12:51,227	friends	Monica
1167	7	i don't feel like having sex.	Oppose	00:13:13,626	00:13:16,294	friends	Ross
1167	8	maybe we can watch a movie or something.	Advise	00:13:20,549	00:13:23,092	friends	Ross
1167	9	pants off, bing.	Arrange	00:13:28,182	00:13:30,016	friends	Ross
1169	0	do you have a blue tie that would go with this? emma spit up on mine.	Ask for help	00:14:31,120	00:14:34,789	friends	Ross
1169	3	sorry.	Apologise	00:15:01,108	00:15:02,317	friends	Monica
1169	6	you're not pregnant.	Inform	00:15:11,911	00:15:13,453	friends	Chandler
1169	13	it's, uh, ahem, it's more casual.	Leave	00:15:35,476	00:15:39,687	friends	Ross
1170	7	no. no, see, uh, you and drake are having a fight.	Oppose	00:16:33,242	00:16:37,328	friends	Joey
1170	11	okay. okay, from the top.	Inform	00:16:49,216	00:16:51,342	friends	friends person1
1171	0	wow. you're here already.	Greet	00:17:22,750	00:17:25,168	friends	friends person1
1171	3	so ask me anything.	Inform	00:17:32,801	00:17:34,844	friends	Rachel
1171	4	oh, hello, mr. zelner. we are all ready for our presentation this afternoon.	Inform	00:17:39,141	00:17:43,644	friends	Rachel
1171	9	no one will remember that i worked here, and then ralph will buy his helicopter and super gavin will just fly right alongside of him.	Complain	00:18:06,251	00:18:14,092	friends	Rachel
1171	14	i'm sorry, i'm sorry. i'm sorry. i'm sorry.	Apologise	00:18:45,999	00:18:48,751	friends	Rachel
1171	16	thank you. thank you.	Thank	00:18:50,712	00:18:53,131	friends	Rachel
1171	18	i'm really fine. don't worry. i'm great with children.	Comfort	00:18:59,096	00:19:02,515	friends	friends person1
1171	19	gavin mitchell. pleased to meet you.	Greet	00:19:13,360	00:19:16,112	friends	friends person1
1172	1	you just wait on the tables.	Inform	00:19:40,053	00:19:41,679	friends	Joey
1172	2	i can't do that. i'm an actor. i have a process.	Oppose	00:19:42,181	00:19:44,891	friends	Phoebe
1172	7	yeah, you can fire her, but i would call security. she won't go easy.	Advise	00:20:07,080	00:20:10,750	friends	Joey
1173	3	ugh, unbelievable. the one thing that's ours.	Complain	00:20:24,181	00:20:27,600	friends	Monica
1173	6	look, i'm starting a whole new career now.	Inform	00:20:37,319	00:20:39,111	friends	Chandler
1173	11	look, i'll just get my old job back.	Inform	00:21:14,648	00:21:17,942	friends	Chandler
1173	21	should we go make a baby before you change your mind?	Advise	00:22:24,760	00:22:27,261	friends	Chandler
1174	0	shh. don't say that loud. gunther's gonna want to hug me.	Prevent	00:00:24,399	00:00:27,067	friends	Rachel
1174	1	uh, good news, everyone. we finally found a nanny.	Inform	00:00:29,738	00:00:31,947	friends	Ross
1174	3	you're damn right i am. i've been waiting for a cookie for seven minutes.	Complain	00:00:39,956	00:00:43,375	friends	Joey
1174	8	thank you. ha, ha.	Thank	00:01:23,917	00:01:25,751	friends	Rachel
1175	4	you can't keep a rat in your apartment. they're extremely unsanitary.	Oppose	00:03:11,608	00:03:14,526	friends	friends person1
1175	6	thank you.	Thank	00:03:27,457	00:03:29,124	friends	friends person1
1176	0	gavin, i just want to say thank you again for watching emma yesterday during the presentation.	Thank	00:03:42,639	00:03:48,560	friends	Rachel
1176	1	i really owe you an apology.	Apologise	00:03:48,728	00:03:50,604	friends	Rachel
1176	2	and i think you're a really good guy. and i'm sorry that i misjudged you.	Apologise	00:04:03,785	00:04:08,705	friends	Rachel
1176	5	i wasn't checking her out. i'm in fashion. i was looking at her skirt.	Oppose	00:04:30,478	00:04:34,439	friends	friends person1
1176	7	wow, you are really... you're really a creep.	Criticize	00:04:40,154	00:04:42,698	friends	Rachel
1176	17	you know what? my first impression of you was absolutely right.	Taunt	00:05:48,014	00:05:51,016	friends	Rachel
1176	18	you are arrogant. you are pompous. morgan! morgan!	Criticize	00:05:51,184	00:05:53,977	friends	Rachel
1178	1	listen, can you do me a favor? i'm gonna be out today.	Ask for help	00:09:26,315	00:09:29,276	friends	Ross
1178	2	can you keep an eye on joey make sure nothing happens between him and molly?	Ask for help	00:09:29,485	00:09:33,613	friends	Ross
1178	4	look, come on, man. i'm sure he'll lose interest in a week or two but for now, could you please just do this for me?	Ask for help	00:09:54,135	00:10:00,015	friends	Ross
1180	0	give me that phone.	Arrange	00:11:40,991	00:11:42,534	friends	Rachel
1180	1	hello, this is rachel green. how can i help you?	Greet	00:11:43,994	00:11:47,414	friends	Rachel
1180	2	uh-huh. okay, then. i'll pass you back to your son.	Inform	00:11:47,581	00:11:52,752	friends	Rachel
1180	7	but first, monica, i would like to introduce you to my very talented colleague and more importantly my wonderful friend, gavin mitchell.	Introduce	00:12:41,260	00:12:50,685	friends	Rachel
1180	9	i don't mind. i'll cancel them. i would never miss my secretary's birthday.	Inform	00:13:01,238	00:13:05,533	friends	friends person1
1180	10	why did you invite him? i can't stand that guy.	Complain	00:13:07,620	00:13:11,790	friends	Rachel
1180	12	hey, mr. phillips. nice suit.	Greet	00:13:17,713	00:13:20,089	friends	Rachel
1183	0	will the stable boy never get the princess?	Complain	00:16:20,187	00:16:23,231	friends	Joey
1183	1	no. the leather sticks to my ass.	Oppose	00:16:27,945	00:16:31,155	friends	Joey
1183	5	hi. is molly here?	Greet	00:17:02,771	00:17:04,647	friends	friends person1
1184	0	okay. okay, you start preparing the formula and i'll start changing the box.	Arrange	00:17:44,480	00:17:48,649	friends	Phoebe
1184	1	and then we gotta put them straight to bed.	Arrange	00:17:48,817	00:17:51,944	friends	friends person1
1184	3	well, you know what? they're our responsibility now.	Inform	00:17:58,327	00:18:01,037	friends	Phoebe
1184	4	okay, fine. these rats are our responsibility.	Taunt	00:18:01,246	00:18:04,749	friends	friends person1
1184	5	mate? they're all brothers and sisters.	Introduce	00:18:07,544	00:18:10,505	friends	Phoebe
1184	8	oh, my god. what are we gonna do?	Ask for help	00:18:25,062	00:18:27,605	friends	Phoebe
1184	10	what are we gonna do?	Ask for help	00:18:45,040	00:18:46,999	friends	Phoebe
1184	11	yeah, okay. i guess you're right.	Agree	00:18:58,428	00:19:02,014	friends	Phoebe
1184	16	this is just so hard.	Complain	00:19:23,537	00:19:24,787	friends	Phoebe
1185	0	thanks for the party, honey. should i help you clean up?	Thank	00:19:58,447	00:20:01,741	friends	Rachel
1185	3	well, at least you have one thing to be happy about.	Comfort	00:20:13,295	00:20:15,922	friends	Monica
1185	11	oh, it's beautiful.	Praise	00:21:25,826	00:21:27,368	friends	Rachel
1185	12	see, gavin. you're capable of being a nice guy.	Praise	00:21:37,337	00:21:41,757	friends	Rachel
1186	5	no, i'm serious. i mean, if she wants to date people, fine. i don't care.	Oppose	00:01:02,897	00:01:07,610	friends	Ross
1186	9	very funny! ross is gay! ha, ha.	Taunt	00:01:22,333	00:01:24,752	friends	Ross
1186	12	why did i get married?	Complain	00:01:55,324	00:01:57,952	friends	Chandler
1188	0	it's the most eligible man in new york. how's the moving on going?	Care	00:08:20,751	00:08:24,171	friends	Chandler
1188	3	i can't believe rachel just moved on and didn't say anything to me.	Complain	00:08:59,414	00:09:03,919	friends	Ross
1188	10	hello. hi, my name's chandler. this is my friend ross right here.	Greet	00:10:04,104	00:10:09,109	friends	Chandler
1189	0	hello, gavin.	Greet	00:11:21,264	00:11:23,392	friends	Rachel
1189	1	i missed you at work. how you feeling?	Care	00:11:24,351	00:11:26,269	friends	friends person1
1189	3	oh, no, no, no.	Oppose	00:11:36,113	00:11:39,032	friends	Rachel
1189	10	oh, you're not getting in the middle of anything. don't worry about ross.	Prevent	00:12:29,166	00:12:32,961	friends	Rachel
1189	11	i lied and i'm not sick either! just stay behind the curtain!	Arrange	00:12:39,801	00:12:42,596	friends	Rachel
1189	13	there is a man behind your curtain.	Inform	00:12:57,819	00:13:00,071	friends	friends person2
1189	14	hi. gavin. pleased to meet you.	Greet	00:13:10,332	00:13:13,460	friends	friends person1
1189	16	there isn't. there totally isn't.	Oppose	00:13:32,896	00:13:34,856	friends	Rachel
1189	21	oh, i'm sorry, gavin.	Apologise	00:14:29,578	00:14:32,414	friends	Rachel
1191	0	hi. i couldn't help but notice, but that's an unusual necklace.	Praise	00:16:10,971	00:16:16,351	friends	Ross
1191	1	you already hit on me an hour ago.	Inform	00:16:16,518	00:16:19,396	friends	friends person1
1191	3	i don't believe this. i just keep striking out.	Complain	00:16:30,615	00:16:33,535	friends	Ross
1191	7	this is great. rachel's gonna keep kissing guys until she finds the one she wants, and i'm gonna die alone.	Complain	00:16:43,211	00:16:50,385	friends	Ross
1192	0	i need your help.	Ask for help	00:18:35,740	00:18:38,243	friends	Joey
1192	3	i'm sorry. moment to make fun of that, please.	Apologise	00:18:50,505	00:18:53,424	friends	Chandler
1192	4	look, it hurt so bad, i could only let her do one eyebrow, and now they don't match!	Complain	00:18:58,471	00:19:05,228	friends	friends person1
1192	5	it's like a baby caterpillar chasing its mama.	Joke	00:19:17,949	00:19:21,661	friends	Chandler
1192	6	you gotta help me out, okay? look, i have a magic marker.	Ask for help	00:19:21,828	00:19:24,998	friends	Joey
1192	9	no, no, no. i do. i do. i need your help.	Ask for help	00:20:07,999	00:20:11,044	friends	Joey
1194	0	thank you so much for letting me do this.	Thank	00:21:20,780	00:21:23,491	friends	friends person1
1194	7	oh, hey. hi. there you are.	Greet	00:21:59,402	00:22:01,654	friends	Rachel
1194	11	i'm sorry, michelle, this is my roommate, rachel.	Introduce	00:22:59,545	00:23:02,006	friends	Ross
1194	12	and i'm also emma's mother.	Introduce	00:23:02,215	00:23:04,300	friends	Rachel
1195	4	they totally match. they look great.	Praise	00:23:42,880	00:23:46,175	friends	Joey
1195	5	they look great. how you doing?	Praise	00:23:46,342	00:23:49,512	friends	Joey
1195	8	we should do something manly to make up for it.	Advise	00:24:06,696	00:24:09,157	friends	Joey
1195	9	yeah.	Agree	00:24:09,323	00:24:11,534	friends	Chandler
1196	3	i'm sorry i'm late. you'll understand when you see joey.	Apologise	00:24:35,975	00:24:39,937	friends	Chandler
1196	8	i've got to stop this.	Prevent	00:25:18,351	00:25:19,644	friends	Chandler
1199	0	you remembered to put clothes on this morning.	Taunt	00:00:06,339	00:00:08,882	friends	Rachel
1199	1	it's so great to be back here. you're making it so easy on me and emma.	Praise	00:00:13,054	00:00:18,434	friends	Rachel
1199	2	it's great having you back. stay as long as you want.	Praise	00:00:18,601	00:00:21,520	friends	Joey
1199	4	no, hey, it's been great.	Oppose	00:00:49,466	00:00:50,716	friends	Joey
1200	2	sure we'll do it. what are you up to?	Care	00:04:51,582	00:04:53,375	friends	Monica
1200	5	i think it's great you're going on a date. it sounds healthy.	Comfort	00:05:06,806	00:05:09,850	friends	Chandler
1200	6	you want a job? turn off oprah and send out a résumé.	Arrange	00:05:14,397	00:05:17,858	friends	Monica
1200	7	you guys are gonna have so much fun. she's at such a cute age.	Praise	00:05:23,489	00:05:26,533	friends	Rachel
1201	1	she's this really boring woman. she's a teacher.	Introduce	00:06:07,158	00:06:11,495	friends	Joey
1201	2	oh, oh. and she loves puzzles. huh?	Introduce	00:06:16,501	00:06:19,044	friends	Joey
1201	3	you're ruining the plan!	Criticize	00:06:25,760	00:06:27,928	friends	Phoebe
1201	4	joey, you fixed him up with his perfect woman.	Criticize	00:06:28,096	00:06:31,181	friends	Phoebe
1201	6	what if we don't find him somebody else? we'll just tell her the date's off but we don't tell ross. he goes to the restaurant and gets stood up.	Advise	00:06:56,457	00:07:03,547	friends	Phoebe
1201	9	ah, yes, the plan.	Agree	00:07:15,810	00:07:17,185	friends	Joey
1201	11	it's not santa's plan.	Oppose	00:07:20,940	00:07:22,399	friends	Phoebe
1202	0	i'm your uncle chandler. funny is all i have!	Introduce	00:07:57,810	00:08:00,854	friends	Chandler
1202	1	okay, just so you know, i'm gonna be ovulating from tomorrow until the 6th.	Inform	00:08:02,106	00:08:06,109	friends	Monica
1202	2	so don't touch yourself for the next 48 hours.	Arrange	00:08:06,486	00:08:09,446	friends	Monica
1202	3	i don't do that.	Oppose	00:08:10,615	00:08:12,657	friends	Chandler
1202	5	no, it's not. look.	Oppose	00:08:20,082	00:08:22,751	friends	Monica
1203	4	sorry.	Apologise	00:10:27,376	00:10:29,294	friends	Chandler
1203	5	unless maybe we do it here.	Advise	00:10:29,920	00:10:34,049	friends	Monica
1203	9	something people go to jail for?	Taunt	00:10:58,074	00:11:00,533	friends	Chandler
1204	0	she's asleep.	Inform	00:14:38,627	00:14:39,836	friends	Monica
1204	3	hello?	Greet	00:14:58,355	00:14:59,397	friends	Joey
1204	4	emma?	Greet	00:15:02,359	00:15:03,985	friends	Joey
1204	5	hey! hi!	Greet	00:15:06,322	00:15:09,407	friends	Joey
1204	6	how are you? how are you?	Greet	00:15:10,868	00:15:13,620	friends	Joey
1205	0	i've got bad news. the chinese guy left.	Inform	00:15:36,518	00:15:40,772	friends	friends person1
1205	4	wow, free crab cakes? well, that's nice.	Praise	00:15:54,995	00:15:58,289	friends	Ross
1205	10	this is unbelievable. i have never been so insulted in my life.	Complain	00:16:37,204	00:16:41,833	friends	Ross
1207	4	all right, well, that's good to know. good night, steve.	Leave	00:20:03,285	00:20:06,454	friends	Rachel
1208	6	if it makes you feel any better, i wish my date hadn't shown up.	Comfort	00:20:50,249	00:20:53,584	friends	Rachel
1209	3	oh, my god! look, it's ross and rachel!	Inform	00:21:26,994	00:21:29,787	friends	Phoebe
1209	9	we're geniuses. huh?	Praise	00:22:03,447	00:22:06,615	friends	Joey
1209	10	oh, they figured it out. they're coming. run!	Inform	00:22:18,045	00:22:20,254	friends	Phoebe
1211	0	guys! guys! i've got great news. guess what.	Inform	00:00:02,962	00:00:05,715	friends	Chandler
1211	1	i got a job in advertising.	Inform	00:00:15,266	00:00:17,268	friends	Chandler
1211	2	gosh, what's the pay like?	Care	00:00:20,688	00:00:23,441	friends	Phoebe
1211	5	it pays nothing. it's an internship.	Inform	00:00:35,161	00:00:37,121	friends	Chandler
1211	8	thank you.	Thank	00:01:03,314	00:01:05,232	friends	Chandler
1211	9	you know, if i didn't already have a job i would've been good in advertising.	Inform	00:01:06,901	00:01:11,322	friends	Ross
1212	1	i don't know, but it sounds great!	Praise	00:02:30,985	00:02:33,195	friends	Joey
1212	3	oh, he was so good in that movie of macbeth.	Praise	00:02:53,924	00:02:56,427	friends	Monica
1212	4	oh, yeah, yeah. he has.	Praise	00:03:02,808	00:03:04,268	friends	Joey
1212	5	oh, i loved him in those phone commercials.	Praise	00:03:06,562	00:03:08,731	friends	Rachel
1213	2	dude.	Taunt	00:03:44,934	00:03:46,644	friends	friends person1
1214	0	...boy, leonard hayes did not like me.	Inform	00:09:11,593	00:09:14,346	friends	Joey
1214	1	what's wrong?	Care	00:09:33,532	00:09:34,658	friends	Monica
1214	3	wow! it's like they're on fire!	Praise	00:09:50,841	00:09:56,221	friends	Joey
1214	6	would you help me try to sell these?	Ask for help	00:10:43,310	00:10:45,479	friends	Chandler
1215	9	i better get to class.	Leave	00:12:56,985	00:12:59,029	friends	Ross
1215	11	no. actually, you might wanna stay away from jane street.	Advise	00:13:02,616	00:13:05,702	friends	Phoebe
1215	12	that's where stabby joe works.	Inform	00:13:05,869	00:13:07,412	friends	Phoebe
1216	2	cut. that was good!	Praise	00:14:32,581	00:14:35,292	friends	friends person1
1216	3	yes. plus which, you've got this, i don't know, this squirmy quality you bring to the character i couldn't have imagined.	Praise	00:14:39,170	00:14:45,927	friends	friends person1
1216	4	come back tomorrow for the final callbacks.	Inform	00:14:47,804	00:14:50,348	friends	friends person1
1216	8	look at that! still in character. i like him.	Praise	00:15:01,359	00:15:05,322	friends	friends person1
1217	0	hey. how was class?	Care	00:16:27,988	00:16:30,532	friends	Phoebe
1217	5	yeah. and i'm so, so sorry, ross. i'm sorry.	Apologise	00:17:17,871	00:17:21,374	friends	Phoebe
1217	8	it's not the best!	Complain	00:17:39,768	00:17:41,603	friends	Ross
1217	9	i know. please forgive me. i don't know what to say.	Apologise	00:17:42,604	00:17:45,899	friends	Phoebe
1218	0	sure, go ahead. oh, sorry. sure, go ahead.	Taunt	00:19:34,966	00:19:38,469	friends	Ross
1218	1	i just really wanted to apologize again.	Apologise	00:19:39,804	00:19:42,932	friends	Phoebe
1218	2	and also show you something i think you'll find very exciting.	Inform	00:19:43,099	00:19:47,937	friends	Phoebe
1218	6	i guess i just thought it was really good.	Praise	00:20:31,981	00:20:34,442	friends	Phoebe
1218	10	still, this is amazing!	Praise	00:20:49,332	00:20:52,335	friends	Ross
1218	11	oh, my god. thank you, phoebe.	Thank	00:20:52,502	00:20:54,462	friends	Ross
1218	12	you're welcome. and thank you for science boy. i learned a lot from him.	Thank	00:20:54,671	00:20:59,092	friends	Phoebe
1220	2	hey, rach. there she is, my perfectly proportioned wife.	Greet	00:12:20,073	00:12:24,786	friends	Chandler
1220	4	thank you. do you know there is not one thing that i would change about you?	Thank	00:12:33,128	00:12:37,090	friends	Chandler
1220	7	no. no. no. i just love the way you look. i am warm for your form.	Oppose	00:12:48,643	00:12:54,274	friends	Chandler
1220	17	of course your body's gonna change. your breasts are gonna get bigger your ass is gonna get bigger you're gonna lose bladder control.	Inform	00:14:02,843	00:14:12,185	friends	Rachel
1221	0	listen, i wanted to ask you something about marriage.	Inform	00:14:25,866	00:14:28,034	friends	Phoebe
1221	2	you know, that i won't be missing out on anything. that marriage stinks.	Complain	00:14:51,975	00:14:56,396	friends	Phoebe
1221	3	yeah, marriage stinks.	Complain	00:14:57,480	00:15:00,150	friends	Ross
1221	5	look, i know it's not what you want to hear, but i can't help it.	Inform	00:15:12,746	00:15:15,749	friends	Ross
1221	9	look, look, i know my marriages didn't exactly work out but, you know, i loved being that committed to another person.	Inform	00:15:27,093	00:15:34,392	friends	Ross
1221	12	anyway, i'm sorry.	Apologise	00:15:41,524	00:15:43,860	friends	Ross
1221	15	yeah, i guess you're right.	Agree	00:16:03,964	00:16:06,424	friends	Phoebe
1221	16	yeah, thanks. this helped. thanks.	Thank	00:16:06,591	00:16:08,760	friends	Phoebe
1223	0	hey, rach.	Greet	00:16:57,475	00:16:58,852	friends	Chandler
1223	3	i'm gonna get bigger.	Inform	00:17:13,033	00:17:15,118	friends	Monica
1223	7	and don't be surprised if her hands and her feet get bigger too.	Inform	00:17:33,011	00:17:36,181	friends	Rachel
1223	11	if you can't handle this, what are you gonna be like in the hospital with the blood and screaming and the little person that's shooting out of her?	Criticize	00:18:00,038	00:18:07,504	friends	Rachel
1226	0	it's our new alumni website for college.	Introduce	00:00:19,048	00:00:21,468	friends	Ross
1226	3	no, i already e-mailed her.	Oppose	00:00:47,327	00:00:49,662	friends	Ross
1226	6	you know what? i'm gonna finish this later, okay? let me just grab my coat.	Leave	00:01:06,429	00:01:09,516	friends	Ross
1228	1	hey, monica, i'm gonna need your help getting through this.	Ask for help	00:04:02,772	00:04:05,692	friends	Phoebe
1228	8	damn it! rookie mistake.	Complain	00:04:53,990	00:04:56,993	friends	Monica
1228	11	i can't believe you put that on my alumni page.	Criticize	00:05:21,851	00:05:24,187	friends	Ross
1230	2	phoebe, honey, i know this is hard.	Comfort	00:09:05,241	00:09:06,993	friends	Monica
1230	6	all right, so give me your phone.	Arrange	00:09:17,670	00:09:20,256	friends	Monica
1231	0	you promised not to bring girls home in the middle of the day anymore.	Criticize	00:10:27,531	00:10:30,451	friends	Rachel
1231	1	oh, that's so great. now emma has two huggsies.	Praise	00:10:36,582	00:10:39,877	friends	Rachel
1231	2	no, no. oh, no. no, emma has one huggsy.	Oppose	00:10:40,044	00:10:44,173	friends	Joey
1231	6	don't worry about it. i swallowed that years ago. hey.	Comfort	00:11:09,949	00:11:13,285	friends	Joey
1232	3	look, monica, i really appreciate you checking in on me.	Thank	00:11:53,450	00:11:56,495	friends	Phoebe
1232	7	damn it, phoebe, how did you even call him?	Criticize	00:12:29,528	00:12:31,655	friends	Monica
1232	8	sorry. i guess i was thrown off by the mention of my name.	Apologise	00:12:42,666	00:12:46,045	friends	friends person1
1232	9	look, guys, you can't do this.	Prevent	00:12:47,796	00:12:50,007	friends	Monica
1232	13	so how's the piano playing going?	Care	00:13:44,103	00:13:45,688	friends	Phoebe
1234	0	i'm trying to put emma down for a nap. have you seen huggsy?	Ask for help	00:16:01,115	00:16:03,909	friends	Rachel
1234	2	she's being unreasonable.	Complain	00:16:25,389	00:16:28,016	friends	Joey
1234	5	but you know what? if you need huggsy, don't worry.	Comfort	00:16:50,289	00:16:53,250	friends	Rachel
1234	6	emma will totally understand. i won't, but whatever.	Leave	00:16:53,417	00:16:56,628	friends	Rachel
1234	8	are you--? you're gonna take huggsy away from a little child?	Criticize	00:17:14,354	00:17:17,232	friends	Rachel
1234	9	how do you think i got him in the first place?	Taunt	00:17:17,441	00:17:19,818	friends	Joey
1235	0	all right, you two. i'm gonna go to the bathroom.	Leave	00:17:22,404	00:17:24,740	friends	Monica
1235	3	everything about you.	Inform	00:17:57,397	00:17:59,608	friends	friends person1
1235	7	i asked him to keep me away from you.	Inform	00:18:27,553	00:18:30,556	friends	friends person1
1235	9	yeah, thank god you were here to oversee all the kissing.	Taunt	00:18:41,191	00:18:44,361	friends	friends person2
1236	1	hi. glad you could come.	Greet	00:19:40,167	00:19:42,502	friends	Monica
1236	8	you gave them one day's notice. not everyone checks the website every day.	Criticize	00:21:04,000	00:21:07,629	friends	Chandler
1236	9	and monica, it's probably the way you stand!	Criticize	00:21:07,796	00:21:10,090	friends	Chandler
1236	10	i guess you're right. still, somebody must have seen it.	Agree	00:21:12,509	00:21:15,887	friends	Ross
1236	16	hi. i'm here for ross geller's memorial service.	Greet	00:21:44,249	00:21:47,961	friends	friends person1
1236	20	oh, we weren't. but we had one class together. he was such a great guy.	Praise	00:22:14,362	00:22:18,200	friends	friends person1
1236	21	and he talked so passionately about science.	Praise	00:22:18,366	00:22:21,953	friends	friends person1
1236	24	no, you didn't!	Oppose	00:22:39,971	00:22:42,265	friends	Ross
1236	27	the fact that you're here means more to me than if this room were filled with people.	Praise	00:22:54,110	00:22:59,157	friends	Ross
1236	28	you sick freak! who does that?	Criticize	00:22:59,825	00:23:02,327	friends	friends person1
1236	29	i can't believe i had a crush on you.	Leave	00:23:02,494	00:23:04,120	friends	friends person1
1238	1	maybe i'll drive you up there. i'd like to buy some tickets myself.	Advise	00:00:38,622	00:00:41,876	friends	Monica
1238	2	why don't we all pitch in 50 bucks, we'll pool our money together and then if we win, we'll split it. all: that's a great idea!	Advise	00:00:57,516	00:01:04,648	friends	Rachel
1238	6	i mean, you have a better chance of being struck by lightning 42 times.	Taunt	00:01:26,212	00:01:29,840	friends	Ross
1238	9	i mean, that's such a bunch of boo-hockey.	Taunt	00:01:40,476	00:01:43,729	friends	Ross
1240	5	i think i broke your bowl.	Apologise	00:13:32,062	00:13:34,731	friends	Phoebe
1240	6	go! go! go!	Leave	00:13:35,023	00:13:37,692	friends	Ross
1242	1	thanks. does that mean i get the good loving tonight?	Thank	00:19:54,694	00:19:57,322	friends	Chandler
1242	11	well, it's not all mine. we all get 50 cents.	Inform	00:21:13,690	00:21:16,818	friends	Phoebe
1243	0	maybe nobody won the jackpot, but there was this guy in here earlier and he found a ticket on the street right outside and won $10,000.	Inform	00:21:51,394	00:22:00,111	friends	friends person1
1244	0	god, you're beautiful.	Praise	00:00:03,504	00:00:05,381	friends	Joey
1245	1	well, you can't.	Oppose	00:02:00,663	00:02:01,872	friends	Monica
1245	6	yeah. i'm sorry, i really am.	Apologise	00:02:45,332	00:02:48,002	friends	Monica
1245	7	well, thank you very much.	Thank	00:03:18,449	00:03:21,327	friends	Chandler
1245	9	why don't you take ross?	Advise	00:03:33,422	00:03:34,590	friends	Monica
1246	0	it was. the duck in particular was superb.	Praise	00:05:57,900	00:06:00,444	friends	friends person1
1246	1	thank you.	Thank	00:06:00,611	00:06:02,946	friends	Monica
1246	4	the musician right outside the restaurant is kind of a mood killer.	Complain	00:06:16,168	00:06:19,463	friends	friends person2
1246	9	okay, say no more.	Prevent	00:07:13,600	00:07:14,893	friends	Phoebe
1247	0	hi, chandler bing. i have a reservation.	Greet	00:07:33,120	00:07:35,080	friends	Chandler
1247	3	i'm sorry, there's no record of your reservation in the computer.	Apologise	00:07:50,471	00:07:53,724	friends	friends person1
1247	5	just give us the cheapest room you have.	Arrange	00:08:16,955	00:08:19,082	friends	Chandler
1247	6	the only thing we have available is our deluxe suite. the rate is $600.	Inform	00:08:19,291	00:08:23,295	friends	friends person1
1247	7	let's drive home. we'll hit all the maple-candy stores on the way back and if they're closed, then maybe we'll tap a tree and make some ourselves.	Advise	00:08:26,089	00:08:36,350	friends	Ross
1248	0	but they're not as good as me!	Flaunt	00:09:32,364	00:09:34,408	friends	Joey
1248	4	hello, drake. i'm surprised to see you here.	Greet	00:09:56,513	00:09:59,850	friends	Rachel
1249	0	hi, this is ross geller in suite 206.	Greet	00:11:10,671	00:11:14,132	friends	Ross
1249	4	nice. put it with the others.	Arrange	00:11:45,497	00:11:47,499	friends	Ross
1249	9	thank you. thank you very much.	Thank	00:12:55,776	00:12:57,444	friends	Chandler
1250	3	well, this is like that in no way.	Oppose	00:13:36,107	00:13:40,654	friends	Rachel
1250	13	of course it was. trust me, when it comes to psychology i know what i'm talking about.	Flaunt	00:14:24,739	00:14:31,913	friends	Monica
1250	22	what, they don't go with your tiny portions of pretentious food?	Taunt	00:15:58,917	00:16:02,003	friends	Phoebe
1250	25	well, at least all my songs don't taste like garlic.	Taunt	00:16:24,943	00:16:28,905	friends	Phoebe
1250	28	keep playing at the restaurant, because with your music driving people inside my bar sales have gone up like crazy.	Taunt	00:16:45,588	00:16:51,386	friends	Monica
1250	29	what are people having, the garlic martini?	Taunt	00:16:51,553	00:16:54,556	friends	Phoebe
1251	2	there's something new in the bowl.	Inform	00:17:17,454	00:17:20,081	friends	Ross
1251	3	thank you for a delightful stay.	Thank	00:17:39,350	00:17:42,145	friends	Ross
1252	0	it's just you. i thought someone was swinging a bag of cats against the wall.	Taunt	00:18:04,250	00:18:09,130	friends	Monica
1252	1	you'd better get back in that kitchen. the garlic's not gonna overuse itself.	Taunt	00:18:09,464	00:18:14,010	friends	Phoebe
1252	3	excuse me? excuse me?	Greet	00:18:25,230	00:18:27,148	friends	Monica
1252	4	hi, i'm monica geller. i'm the head chef here.	Introduce	00:18:27,315	00:18:30,860	friends	Monica
1253	5	that scene i saw was so good.	Praise	00:20:51,876	00:20:53,711	friends	Rachel
1253	10	oh, honey, it can't be that hard. i mean, you've been in love before.	Comfort	00:21:15,233	00:21:19,028	friends	Rachel
1253	25	thanks, dude. this is great!	Thank	00:23:20,942	00:23:22,819	friends	Joey
1254	0	i got you something from vermont.	Inform	00:23:33,955	00:23:36,249	friends	Chandler
1254	2	maple candy. that's so sweet of you.	Praise	00:23:42,130	00:23:45,716	friends	Monica
1255	6	but take the extra ticket and invite whoever you want.	Arrange	00:00:51,831	00:00:54,459	friends	Joey
1255	7	oh, sorry.	Apologise	00:00:59,797	00:01:01,174	friends	Rachel
1255	9	no, i don't think that ever works. why?	Oppose	00:01:28,076	00:01:30,578	friends	Monica
1256	0	there are these two professors who are joining my department and i have to meet them here and show them around campus.	Inform	00:03:43,002	00:03:50,718	friends	Ross
1256	3	what? these aren't suede.	Oppose	00:04:00,853	00:04:03,523	friends	Ross
1256	4	no.	Oppose	00:04:13,574	00:04:14,617	friends	friends person1
1256	5	hi. hi, i'm ross geller.	Greet	00:04:18,246	00:04:21,457	friends	Ross
1256	7	it's good to meet you.	Greet	00:04:29,507	00:04:30,842	friends	friends person2
1256	8	thank you so much for taking the time to show me around.	Thank	00:04:31,008	00:04:33,886	friends	friends person2
1256	10	by the way, i really enjoyed your paper on the connection between geographic isolation and rapid mutagenesis.	Praise	00:04:47,150	00:04:53,030	friends	friends person2
1256	13	i don't think so.	Oppose	00:05:11,340	00:05:13,426	friends	Ross
1256	16	you know what, he's a big boy. i'm sure he'll find us, okay?	Comfort	00:05:30,276	00:05:33,529	friends	Ross
1257	7	god, i'm stupider than jan rogers!	Complain	00:06:38,761	00:06:41,472	friends	Joey
1257	13	please, i was trying to be nice. you're the worst one.	Criticize	00:07:11,294	00:07:14,547	friends	Joey
1257	14	joey, come on! please, please? let me come. i will behave. i promise.	Ask for help	00:07:14,714	00:07:18,718	friends	Rachel
1258	2	interestingly, no.	Oppose	00:08:25,368	00:08:27,495	friends	friends person1
1260	1	oh, so sad.	Comfort	00:14:32,776	00:14:35,029	friends	Ross
1260	2	still, it can't be easy for you to leave harvard.	Comfort	00:14:35,571	00:14:38,282	friends	Ross
1260	6	yeah, well, he is a brilliant man.	Praise	00:15:00,846	00:15:03,057	friends	friends person1
1260	9	i'm sorry. i don't mean to pry. it's just that this must be what regular people experience when they watch  access  hollywood.	Apologise	00:15:17,780	00:15:25,287	friends	Ross
1260	18	some more wine?	Leave	00:16:09,248	00:16:11,125	friends	Ross
1261	0	hey, ross. how's it going with charlie?	Care	00:16:15,295	00:16:17,714	friends	Rachel
1261	1	what's the matter?	Care	00:16:24,304	00:16:25,597	friends	Phoebe
1261	4	i can't compete with the guys she goes out with.	Complain	00:16:45,409	00:16:48,120	friends	Ross
1261	5	they're so out of my league.	Complain	00:16:48,287	00:16:50,831	friends	Ross
1262	3	i don't know. you seem lovely.	Praise	00:17:40,088	00:17:42,758	friends	Chandler
1264	1	oh, my god. honey, i am so, so, so, so sorry.	Apologise	00:20:08,862	00:20:13,742	friends	Monica
1265	4	you're so much more than just brains. you are sweet and kind and funny.	Praise	00:21:46,543	00:21:51,590	friends	Phoebe
1265	6	yeah. yeah. you're right.	Agree	00:21:56,970	00:21:58,889	friends	Ross
1265	7	your paper on punctuated equilibrium in the devonian era was topnotch.	Praise	00:22:01,767	00:22:06,688	friends	Phoebe
1266	2	please! what about you and chandler?	Criticize	00:22:22,204	00:22:24,247	friends	Rachel
1266	4	well, hello?	Taunt	00:22:27,542	00:22:29,878	friends	Rachel
1266	5	what about all the guys that you got the phone numbers from?	Care	00:22:30,796	00:22:34,257	friends	Monica
1268	2	i had a meeting with the dean, my syllabus for summer school's due and i'm writing the foreword for a book.	Inform	00:07:14,517	00:07:19,938	friends	friends person1
1268	10	no. no, not the mets. the met. singular.	Oppose	00:08:08,070	00:08:10,780	friends	friends person1
1268	12	i don't think so.	Oppose	00:08:17,455	00:08:19,498	friends	Joey
1269	0	i need to talk to you about charlie.	Inform	00:09:56,095	00:09:59,222	friends	Joey
1269	8	well, she wants to go to all these cultural places and i don't know how to talk about that stuff. you gotta help me out.	Ask for help	00:10:44,852	00:10:53,610	friends	Joey
1269	10	oh, dude, please. come on, you're the smartest person i know.	Ask for help	00:10:56,906	00:11:00,033	friends	Joey
1269	14	you should take a walk down fifth to the st. patrick's cathedral.	Advise	00:11:49,959	00:11:53,545	friends	Ross
1269	17	so you gotta tell me exactly what to do there.	Ask for help	00:12:09,895	00:12:12,605	friends	Joey
1269	18	when you walk into the museum, take a right, okay?	Arrange	00:12:12,773	00:12:15,275	friends	Ross
1270	3	go into that room and deposit your specimen into the container.	Arrange	00:12:59,153	00:13:02,155	friends	friends person1
1270	5	i usually have to call a 900 number for that kind of talk.	Joke	00:13:03,949	00:13:07,494	friends	Chandler
1270	6	thanks. got it.	Thank	00:13:11,707	00:13:13,625	friends	Chandler
1270	7	look, i know this is embarrassing, but nobody cares.	Comfort	00:13:20,257	00:13:23,134	friends	Monica
1270	8	no one here even knows you.	Comfort	00:13:23,302	00:13:26,095	friends	Monica
1270	10	how great is this?	Praise	00:13:45,449	00:13:47,659	friends	friends person2
1270	11	we're probably fertile. let's go home.	Advise	00:13:47,868	00:13:50,829	friends	Monica
1270	13	oh, they gave you the kiddie size.	Taunt	00:14:07,596	00:14:10,181	friends	friends person2
1270	14	this was fun. but i've got an invasive vaginal exam to get to.	Leave	00:14:17,731	00:14:22,235	friends	Monica
1270	15	please go. just let me know if you need a hand. ha, ha, ha.	Taunt	00:14:27,491	00:14:31,578	friends	friends person2
1271	1	put your face in the hole.	Arrange	00:14:51,765	00:14:53,850	friends	Phoebe
1271	6	it just feels so good lkea.	Praise	00:15:31,263	00:15:35,308	friends	Rachel
1271	8	damn. i wish i knew if that was right.	Complain	00:15:43,859	00:15:46,486	friends	Rachel
1273	0	my specimen's in the room.	Inform	00:17:29,256	00:17:31,299	friends	Chandler
1273	1	i just want to thank whoever knocked on the door while i was in there.	Thank	00:17:31,467	00:17:35,720	friends	Chandler
1273	8	i'm sure it's gonna be just fine.	Comfort	00:18:20,599	00:18:22,642	friends	friends person1
1273	9	yeah. yeah. okay. thanks. i can't believe i didn't even think of that.	Thank	00:18:24,269	00:18:29,565	friends	Chandler
1274	0	and that's the swedish national anthem. thank you for asking.	Thank	00:18:53,799	00:18:58,594	friends	Phoebe
1274	4	why did you lie to me about working here?	Criticize	00:20:04,286	00:20:06,621	friends	Phoebe
1274	7	but, you know, you pay a price. now i'm this corporate stooge and punching a clock and paying taxes!	Complain	00:20:21,803	00:20:31,187	friends	Phoebe
1274	8	phoebe, honey, if you hate it so much you should walk out there right now and quit.	Advise	00:20:32,064	00:20:38,903	friends	Rachel
1274	9	honey, you have principles, and i so admire that.	Praise	00:20:41,865	00:20:45,493	friends	Rachel
1275	11	i think you should give joey a chance.	Advise	00:22:40,734	00:22:43,778	friends	Ross
1275	12	and sure, he doesn't know that much about art but you can always talk about that with someone else.	Advise	00:22:45,947	00:22:51,410	friends	Ross
1275	13	he is very sweet.	Praise	00:23:01,213	00:23:03,756	friends	friends person1
1275	14	plus, he is hot!	Praise	00:23:03,924	00:23:05,591	friends	friends person1
1276	0	hello?	Greet	00:23:50,262	00:23:51,303	friends	Chandler
1276	1	oh. hi, dr. connelly.	Greet	00:23:51,805	00:23:54,765	friends	Chandler
1276	5	okay. okay, thank you.	Thank	00:24:24,921	00:24:27,298	friends	Chandler
1276	6	thanks.	Thank	00:24:27,466	00:24:29,091	friends	Chandler
1276	7	hey, sweetie.	Greet	00:24:35,390	00:24:36,849	friends	Monica
1276	8	dr. connelly just called.	Inform	00:24:37,767	00:24:39,268	friends	Chandler
1276	18	i'm sorry.	Apologise	00:25:52,926	00:25:54,593	friends	Chandler
1276	19	i'm sorry too.	Apologise	00:25:55,178	00:25:57,012	friends	Monica
1276	20	well we're gonna figure this out.	Comfort	00:26:00,684	00:26:05,604	friends	Chandler
1277	0	oh, that feels so good.	Praise	00:00:04,421	00:00:06,797	friends	friends person1
1277	3	rachel loves to shop, and she has great taste.	Inform	00:00:46,921	00:00:49,631	friends	Joey
1277	5	okay. yeah, let's shop.	Agree	00:01:02,395	00:01:04,646	friends	Rachel
1277	9	pain in the ass!	Complain	00:01:16,743	00:01:18,827	friends	Phoebe
1277	10	ugh, mike's sister just invited me to a party tonight and he's gonna be there.	Inform	00:01:22,916	00:01:27,044	friends	Phoebe
1277	12	you want him to eat his heart out, so you have to look fabulous.	Advise	00:01:38,932	00:01:42,351	friends	Rachel
1277	13	ugh. sexual politics!	Complain	00:01:44,896	00:01:47,689	friends	Phoebe
1277	14	pheebs, i'm taking charlie shopping.	Inform	00:01:48,274	00:01:51,026	friends	Rachel
1278	3	even though your chances of conceiving through natural means aren't great you never know, so keep having sex on a regular basis.	Inform	00:03:22,160	00:03:29,124	friends	friends person1
1278	4	oh, damn it!	Complain	00:03:29,292	00:03:31,335	friends	Chandler
1278	5	don't worry. after a while, you'll tune it out.	Comfort	00:03:32,837	00:03:36,632	friends	Monica
1278	6	given your situation, the options with the greatest chances for success would be surrogacy or insemination using a sperm donor.	Inform	00:03:37,300	00:03:45,390	friends	friends person1
1278	8	if you feel that neither of those is right for you, you could always adopt.	Advise	00:03:48,478	00:03:52,773	friends	friends person1
1279	5	pfft. no.	Oppose	00:04:59,674	00:05:01,133	friends	Ross
1279	9	aside from adoption, the only other choice is insemination so we're talking about sperm donors.	Inform	00:06:00,109	00:06:05,280	friends	Chandler
1279	14	what? no! i'm not gonna give them ben!	Oppose	00:06:26,969	00:06:30,013	friends	Ross
1281	0	i brought a friend home for dinner. this is zack from work.	Introduce	00:10:26,584	00:10:29,669	friends	Chandler
1281	1	oh, of course. it's so nice to see you again, zack.	Greet	00:10:29,837	00:10:33,131	friends	Monica
1281	3	have a seat. i'll get you a beer.	Arrange	00:10:38,179	00:10:40,180	friends	Chandler
1281	6	we're talking about sperm donors, and zack may be the guy.	Inform	00:10:58,449	00:11:01,910	friends	Chandler
1281	9	i invited him to dinner so you'd get a chance to get to know him.	Inform	00:11:17,134	00:11:20,387	friends	Chandler
1281	13	you can't bring some random guy home and expect him to be our sperm donor.	Oppose	00:11:34,360	00:11:38,697	friends	Monica
1287	0	hey, zack.	Greet	00:23:58,979	00:24:00,062	friends	Chandler
1287	1	hey, chandler.	Greet	00:24:00,230	00:24:02,398	friends	friends person1
1287	2	i wanted to apologize for last night.	Apologise	00:24:02,566	00:24:04,400	friends	Chandler
1287	4	no, you did.	Oppose	00:24:08,447	00:24:10,156	friends	friends person1
1288	3	oh, that's sweet.	Praise	00:04:36,401	00:04:38,402	friends	Monica
1288	4	drink your hair.	Arrange	00:04:38,611	00:04:40,570	friends	Monica
1288	5	oh, they're brochures from different adoption agencies.	Inform	00:04:43,074	00:04:45,701	friends	Monica
1288	6	ooh, babies! oh, this one is so cute.	Praise	00:04:45,910	00:04:48,287	friends	Phoebe
1288	7	that's not really how it works.	Oppose	00:04:51,082	00:04:52,833	friends	Monica
1288	8	all right, all right. remember what we talked about.	Inform	00:05:11,394	00:05:14,229	friends	friends person1
1288	9	when we're in a public place, there are certain rules.	Inform	00:05:14,397	00:05:16,648	friends	friends person1
1288	11	and, uh, that's, uh, chandler climbing on chandler.	Introduce	00:05:39,505	00:05:43,800	friends	friends person1
1289	1	hi, charlie. mwah.	Greet	00:06:50,284	00:06:52,035	friends	Ross
1289	2	oh. ah. that is so thoughtful.	Praise	00:07:12,265	00:07:15,934	friends	Ross
1289	7	listen. why don't you, uh, try to relax. maybe have a drink.	Advise	00:07:43,087	00:07:46,173	friends	Joey
1290	4	we appreciate anything you can tell us.	Thank	00:09:55,469	00:09:57,387	friends	Monica
1290	5	thank you.	Thank	00:10:10,860	00:10:11,901	friends	Monica
1290	9	bathroom is down the hall to your left.	Inform	00:10:36,093	00:10:38,553	friends	friends person1
1290	11	i'm chandler. hey, i was in the scouts too.	Introduce	00:10:48,314	00:10:50,815	friends	Chandler
1291	4	dude, are you okay?	Care	00:11:50,042	00:11:51,668	friends	Joey
1291	11	oh, you know what, this is nothing. my father is a raging alcoholic.	Comfort	00:12:33,377	00:12:37,255	friends	friends person1
1291	13	ross, you don't even have oven mitts on.	Criticize	00:12:50,352	00:12:52,395	friends	Rachel
1292	2	oh, no, of course we're not.	Oppose	00:13:07,077	00:13:08,703	friends	friends person1
1292	6	i mean, you know, he's really funny.	Praise	00:13:30,392	00:13:33,186	friends	friends person1
1292	8	oh, no, no, not leslie. no.	Oppose	00:13:52,665	00:13:55,458	friends	friends person1
1292	11	oh, i think you're right.	Agree	00:14:19,149	00:14:21,150	friends	friends person1
1292	13	i'm sorry, frank, i didn't realize things were so bad.	Apologise	00:14:35,249	00:14:38,501	friends	Phoebe
1293	6	what? where did you hear that?	Care	00:16:02,002	00:16:04,045	friends	friends person1
1293	8	i'm sorry. you should have a sign out there or something.	Apologise	00:16:18,852	00:16:21,562	friends	Chandler
1297	2	you'll face the red light.	Inform	00:05:03,803	00:05:05,220	friends	friends person1
1297	3	when the light's on, the spraying's about to start, so close your eyes.	Inform	00:05:05,388	00:05:08,974	friends	friends person1
1297	9	the same thing happened again!	Complain	00:07:08,094	00:07:10,345	friends	Ross
1299	0	no, don't get it. let the machine pick up.	Prevent	00:09:08,464	00:09:10,882	friends	Monica
1299	3	you're from yonkers. your last name is buffamonteezi.	Complain	00:09:32,405	00:09:36,575	friends	Monica
1299	6	hi, amanda.	Greet	00:10:06,689	00:10:08,565	friends	Monica
1300	2	okay. let's work from the top down.	Advise	00:10:53,819	00:10:56,488	friends	Rachel
1300	5	i'm sorry. this has never happened to me before.	Apologise	00:11:42,535	00:11:45,120	friends	Joey
1300	8	then i blame you. yeah. that's right. you threw me off with all your slapping.	Criticize	00:11:58,759	00:12:02,929	friends	Joey
1300	9	okay, look, i'm really sorry about that, joey.	Apologise	00:12:03,097	00:12:07,142	friends	Rachel
1300	11	no, i don't have another level.	Oppose	00:12:16,152	00:12:18,486	friends	Joey
1301	0	i'm sorry for screwing up that  cutting her out  plan, but i have a new plan.	Apologise	00:14:38,752	00:14:42,672	friends	Monica
1301	2	oh, okay, what kind of emergency gets us both out of here?	Care	00:14:46,135	00:14:49,262	friends	Phoebe
1301	4	hello.	Greet	00:15:00,900	00:15:02,859	friends	friends person1
1301	5	but first things first. touch my abs. i don't exercise at all.	Flaunt	00:15:15,247	00:15:20,543	friends	friends person1
1301	7	it's not perfume. it's me. it's my natural scent.	Flaunt	00:15:28,260	00:15:33,473	friends	friends person1
1301	12	well, in america, you're just an ass.	Criticize	00:16:17,393	00:16:20,019	friends	Phoebe
1301	13	hello?	Greet	00:16:24,733	00:16:26,401	friends	Monica
1301	14	chandler, what's wrong?	Care	00:16:26,568	00:16:28,486	friends	Monica
1304	0	i can't believe you tried to cut me out. why, phoebe? why?	Criticize	00:18:21,975	00:18:25,436	friends	Monica
1304	1	it was right after we were living together and you were driving me crazy, okay?	Complain	00:18:25,604	00:18:29,941	friends	Phoebe
1304	2	you were really controlling and compulsive and shrill.	Criticize	00:18:30,109	00:18:33,903	friends	Phoebe
1304	3	you're also so generous and kind and scrappy.	Praise	00:18:37,407	00:18:42,036	friends	Phoebe
1304	4	i am scrappy.	Flaunt	00:18:44,790	00:18:46,833	friends	Monica
1304	6	that's because i'm scrappy.	Flaunt	00:18:58,887	00:19:00,930	friends	Monica
1308	7	hey, say something to emma on her 18th birthday.	Arrange	00:02:59,220	00:03:02,139	friends	Ross
1308	11	hey, joey, will you please set this up for people to put emma's presents on?	Ask for help	00:03:16,654	00:03:19,990	friends	Rachel
1308	12	love to. yeah.	Agree	00:03:20,617	00:03:22,117	friends	Joey
1308	18	you're right. we're sorry.	Apologise	00:04:15,922	00:04:17,756	friends	Monica
1308	19	let's wake up emma and get the fun time started!	Advise	00:04:17,924	00:04:20,217	friends	Monica
1308	20	are you frigging kidding me, green?	Criticize	00:04:23,179	00:04:25,514	friends	Monica
1308	25	hey, mr. and mrs. geller. let me help you with that.	Greet	00:04:54,544	00:04:57,546	friends	Joey
1308	33	or you could stick a fork in an apple.	Advise	00:05:59,275	00:06:02,611	friends	Phoebe
1308	38	joey and phoebe are gonna perform a little something for us.	Inform	00:06:29,680	00:06:32,599	friends	Rachel
1308	48	that was amazing.	Praise	00:08:03,691	00:08:05,066	friends	Rachel
1308	49	thank you so much for that gift.	Thank	00:08:05,276	00:08:08,195	friends	Ross
1308	51	i prepared a song for emma, from my heart to hers.	Inform	00:08:19,457	00:08:23,376	friends	Phoebe
1308	53	no, of course not.	Oppose	00:08:54,242	00:08:56,409	friends	Phoebe
1308	54	hello, emma. happy 18th birthday.	Greet	00:09:11,801	00:09:14,427	friends	friends person1
1308	58	remember, emma, heart disease kills women too.	Inform	00:09:38,911	00:09:41,871	friends	friends person1
1308	59	oh, my god, that place has the creamiest frosting.	Praise	00:09:57,722	00:10:01,016	friends	Monica
1308	64	wait, you guys, this isn't funny, all right?	Complain	00:10:40,431	00:10:42,390	friends	Rachel
1308	65	if i wanted this cake to be a disaster, i would have baked it myself!	Complain	00:10:42,558	00:10:45,894	friends	Rachel
1308	69	no, no, this is not what i ordered, okay?	Oppose	00:11:08,292	00:11:11,419	friends	Rachel
1308	72	i don't even want it in my home. don't touch it!	Prevent	00:11:33,984	00:11:36,277	friends	Rachel
1308	73	i'm so confused!	Complain	00:11:36,445	00:11:38,488	friends	Joey
1308	75	hi, emma. it's the year 2020.	Greet	00:12:09,645	00:12:12,313	friends	Chandler
1308	76	we used to be married.	Inform	00:12:25,536	00:12:26,870	friends	Chandler
1308	79	we seriously have to go if we want to get to vermont.	Advise	00:12:39,049	00:12:41,551	friends	Monica
1308	80	i promise, rachel will be back with the cake any minute.	Inform	00:12:48,809	00:12:51,478	friends	Ross
1308	82	hello?	Greet	00:13:00,154	00:13:01,780	friends	Ross
1308	83	oh, no, what happened?	Care	00:13:01,947	00:13:03,948	friends	Ross
1308	84	rachel got pulled over for speeding.	Inform	00:13:12,291	00:13:14,167	friends	Ross
1308	85	we've been complaining the longest!	Complain	00:13:22,176	00:13:24,344	friends	Monica
1308	86	no, wait, you guys. no, you can't leave.	Prevent	00:13:25,179	00:13:27,931	friends	Ross
1308	90	joey, you're in charge, okay? you make sure nobody leaves.	Arrange	00:13:38,025	00:13:41,694	friends	Ross
1308	97	no, he didn't. he pretended to be a quaker to get out of korea.	Oppose	00:14:45,968	00:14:49,345	friends	Monica
1308	98	you do know i can just turn them the other way around, right?	Taunt	00:14:56,186	00:14:59,731	friends	Chandler
1311	3	i can't believe they gave you a ticket. you're such a good driver.	Taunt	00:18:13,258	00:18:16,719	friends	Ross
1311	4	i can't believe this.	Complain	00:18:22,059	00:18:23,643	friends	Rachel
1311	7	we've already ruined her first birthday.	Complain	00:18:37,491	00:18:39,951	friends	Rachel
1311	10	rach, she's not gonna remember this.	Comfort	00:18:48,710	00:18:51,087	friends	Ross
1311	16	well, i am very impressed.	Praise	00:19:36,091	00:19:38,301	friends	Rachel
1314	0	hey. i finished my recommendation. here.	Inform	00:09:29,235	00:09:32,237	friends	Joey
1314	7	why don't you stop worrying about sounding smart and just be yourself?	Advise	00:10:37,011	00:10:40,430	friends	Monica
1314	8	you don't need a thesaurus. just write from here.	Inform	00:10:40,598	00:10:43,350	friends	Chandler
1315	0	no, it's just... look, when i first moved to this city, i was a lot like her.	Oppose	00:12:13,441	00:12:17,610	friends	Rachel
1315	3	well, whatever. i really appreciate it because i don't think i would be the person that i am today if it wasn't for you guys.	Thank	00:12:25,828	00:12:33,084	friends	Rachel
1315	7	amy, you know what? i was thinking that maybe now would be a good time for us to sit down and, you know, talk about your future.	Advise	00:12:55,149	00:13:02,697	friends	Rachel
1316	1	oh, well, i bought chandler a $500 watch, and he wrote me a rap song.	Inform	00:13:28,849	00:13:34,187	friends	Monica
1316	5	yeah, i really do. yes.	Agree	00:14:00,214	00:14:02,298	friends	Phoebe
1316	8	maybe you could propose to him.	Advise	00:14:23,153	00:14:24,571	friends	Monica
1316	10	i proposed to chandler.	Inform	00:14:28,659	00:14:30,869	friends	Monica
1316	20	who got her condo in boca?	Care	00:15:26,926	00:15:29,135	friends	friends person1
1316	21	hello?	Greet	00:15:30,304	00:15:31,763	friends	Rachel
1316	22	it's our nanny.	Introduce	00:15:32,598	00:15:34,682	friends	Rachel
1316	23	oh, god, i hope you feel better. okay. bye.	Comfort	00:15:36,435	00:15:41,147	friends	Rachel
1316	24	did molly say what she had? because my throat's been hurting.	Care	00:15:46,528	00:15:49,530	friends	Ross
1316	26	i don't think that's what this is.	Oppose	00:15:53,452	00:15:55,828	friends	Ross
1316	28	great. shoot. what am i gonna do?	Ask for help	00:16:03,045	00:16:05,546	friends	Rachel
1316	30	um, i do not want her babysitting our child.	Oppose	00:16:12,721	00:16:15,807	friends	Ross
1316	31	i don't want her watching our baby.	Oppose	00:16:26,902	00:16:29,320	friends	Ross
1316	37	and plus, rachel's been so wonderful to me.	Praise	00:17:00,853	00:17:04,063	friends	friends person1
1316	38	so how much does it pay?	Care	00:17:09,486	00:17:11,738	friends	friends person1
1319	0	that woman didn't know what she was talking about, mike.	Comfort	00:25:22,270	00:25:25,147	friends	Phoebe
1319	5	where else would lame mr. no-balls hide it?	Joke	00:26:01,393	00:26:04,895	friends	friends person1
1319	6	what's the matter with me? why do i keep ruining this?	Complain	00:26:05,063	00:26:07,898	friends	Phoebe
1319	10	yes.	Agree	00:27:11,421	00:27:13,172	friends	Phoebe
1319	12	she's gonna be mrs. no-balls!	Joke	00:27:33,068	00:27:35,569	friends	friends person1
1321	0	hey, honey.	Greet	00:02:27,939	00:02:29,523	friends	Chandler
1321	1	hey, sweetie.	Greet	00:02:30,316	00:02:31,859	friends	Joey
1321	3	my agency was bidding for a big account, and they got it.	Inform	00:02:35,446	00:02:37,990	friends	Chandler
1321	4	and i don't want to brag, but a lot of the ideas were mine.	Flaunt	00:02:40,827	00:02:43,871	friends	Chandler
1321	5	hell, you weren't there. all the ideas were mine.	Flaunt	00:02:44,038	00:02:47,374	friends	Chandler
1321	6	oh, i really don't think you're right for the part.	Oppose	00:02:51,504	00:02:54,006	friends	Chandler
1321	8	first of all, bravo.	Praise	00:03:10,648	00:03:12,983	friends	Chandler
1322	0	i'll give you a hint. he's looking right at you.	Inform	00:03:47,810	00:03:50,520	friends	Ross
1322	2	apparently, i beat out hundreds of other applicants including five guys i went to graduate school with.	Flaunt	00:03:58,446	00:04:04,534	friends	Ross
1322	5	no. no, we ended on great terms.	Oppose	00:04:43,283	00:04:45,575	friends	friends person1
1322	6	why don't we all go out to dinner, and i can introduce you.	Advise	00:04:48,746	00:04:51,832	friends	friends person1
1322	9	we'll see how dinner goes.	Inform	00:05:03,219	00:05:05,262	friends	Ross
1323	1	i'm sorry, this sounds like something i'm never gonna be interested in.	Apologise	00:06:48,866	00:06:52,452	friends	Rachel
1323	2	look, come on, please? it's not like i'm asking you for some crazy favor.	Ask for help	00:06:53,246	00:06:57,541	friends	Joey
1323	3	oh, man, i'm two hours late for work.	Leave	00:07:00,753	00:07:02,712	friends	Joey
1325	0	the selection committee has chosen the three of you as our finalists.	Inform	00:12:59,445	00:13:02,781	friends	friends person1
1325	2	we'll start with dr. li. you claim the field is too reliant on the linnaean taxonomic system. how do you propose to correct this?	Inform	00:13:06,786	00:13:14,959	friends	friends person1
1325	5	dr. biely, your proposal includes some fieldwork. where might that take place?	Care	00:13:23,427	00:13:27,305	friends	friends person1
1325	8	dr. li, how many graduate students will you need?	Care	00:13:54,792	00:13:57,126	friends	Ross
1325	13	oh, come on!	Complain	00:14:47,928	00:14:50,096	friends	Ross
1326	0	i can't believe joey. i hate being called a liar.	Complain	00:14:56,812	00:15:00,481	friends	Chandler
1326	7	you wanna know why? you wanna know why?	Leave	00:15:35,309	00:15:37,518	friends	Joey
1327	0	oh, hi. hello.	Greet	00:17:25,711	00:17:27,503	friends	Ross
1327	3	i've come here to apologize. i think i may have let my feelings for charlie interfere with the interview process.	Apologise	00:17:38,640	00:17:46,064	friends	friends person1
1330	1	oh, excellent.	Praise	00:20:24,765	00:20:27,642	friends	Rachel
1330	4	i'm a pretty little girl.	Joke	00:20:37,819	00:20:39,570	friends	Chandler
1330	10	if you don't believe me, let's go talk to him.	Advise	00:21:21,029	00:21:23,364	friends	friends person1
1331	0	i want you to tell her everything.	Arrange	00:21:44,261	00:21:46,137	friends	Ross
1331	1	no, don't do that. i want you to look her in the eyes and tell her the truth.	Arrange	00:22:02,779	00:22:07,658	friends	Ross
1331	7	maybe.	Agree	00:22:57,459	00:22:59,293	friends	friends person1
1331	8	sweetie, this conversation is starting to make me a little uncomfortable.	Complain	00:22:59,753	00:23:03,589	friends	Ross
1331	9	oh, god. i am so sorry, but... i mean, there's so much history between us, you know?	Apologise	00:23:05,300	00:23:14,016	friends	friends person1
1331	10	okay, that's it, we are seeing other people.	Complain	00:23:30,409	00:23:33,411	friends	Ross
1336	2	because i think what you're looking for is an atm.	Taunt	00:20:10,417	00:20:13,127	friends	friends person1
